Workbook

Sheet 계좌현황
C3: 종목별 실적 & 비중
I5: $1 = ￦1,326 | J5: 1325.79
C6: 국가 | D6: 종목코드 (티커) | E6: 종목명 | F6: 수량 | G6: 평단가 | I6: 현재가 | K6: 평가액 [원화] | L6: 투자비중 | M6: 누적수익 [원화] | N6: 총수익률 [평가+배당] | O6: 종목
G7: 원화 | H7: 달러 | I7: 원화 | J7: 달러
A8: 계좌 | B8: 번호 | K8: =SUM(K9:K83) -> 7.448868e+08 | M8: =SUM(M9:M83) -> 21139567 | N8: =IFERROR(M8/(K8-M8),) -> 0.029208495
A9: DC | B9: 1 | C9: 한국 | D9: 458760 | E9: TIGER 미배당다우커버드콜2호 | F9: 9359 | G9: 9435 | I9: 10600 | K9: =IFERROR(I9*F9+J9*$J$5*F9,) -> 99205400 | L9: =IFERROR(K9/$K$8,) -> 0.13318185 | M9: =IFERROR(K9-G9*F9-H9*$J$5*F9,) -> 10903235 | N9: =IFERROR(M9/(K9-M9),) -> 0.12347642 | O9: 다우커
A10: DC | B10: 2 | C10: 한국 | D10: 490490 | E10: SOL미국배당미국채혼합50 | F10: 3821 | G10: 10603 | I10: 10590 | K10: =IFERROR(I10*F10+J10*$J$5*F10,) -> 40464390 | L10: =IFERROR(K10/$K$8,) -> 0.054322872 | M10: =IFERROR(K10-G10*F10-H10*$J$5*F10,) -> -49673 | N10: =IFERROR(M10/(K10-M10),) -> -0.0012260681 | O10: 미배당국채
A11: DC | B11: 3 | C11: 한국 | D11: 0008S0 | E11: TIGER 미국배당다우존스타겟데일리커버드콜 | F11: 3000 | G11: 8910 | I11: 9515 | K11: =IFERROR(I11*F11+J11*$J$5*F11,) -> 28545000 | L11: =IFERROR(K11/$K$8,) -> 0.038321259 | M11: =IFERROR(K11-G11*F11-H11*$J$5*F11,) -> 1815000 | N11: =IFERROR(M11/(K11-M11),) -> 0.067901235 | O11: 다우커
A12: DC | B12: 4 | C12: 한국 | D12: 498410 | E12: KODEX금융고배당TOP10타겟위클리커버드콜 | F12: 2377 | G12: 12286 | I12: 10750 | K12: =IFERROR(I12*F12+J12*$J$5*F12,) -> 25552750 | L12: =IFERROR(K12/$K$8,) -> 0.034304206 | M12: =IFERROR(K12-G12*F12-H12*$J$5*F12,) -> -3651072 | N12: =IFERROR(M12/(K12-M12),) -> -0.12502035 | O12: 국내금융배당
A13: DC | B13: 5 | C13: 한국 | D13: 472170 | E13: TIGER 미국테크TOP10채권혼합 | F13: 3649 | G13: 13954 | I13: 13855 | K13: =IFERROR(I13*F13+J13*$J$5*F13,) -> 50556895 | L13: =IFERROR(K13/$K$8,) -> 0.067871917 | M13: =IFERROR(K13-G13*F13-H13*$J$5*F13,) -> -361251 | N13: =IFERROR(M13/(K13-M13),) -> -0.0070947399 | O13: 테크채권
A14: DC | B14: 6 | C14: 한국 | D14: 468380 | E14: KODEX iShares미국하이일드액티브 | F14: 2000 | G14: 11685 | I14: 10155 | K14: =IFERROR(I14*F14+J14*$J$5*F14,) -> 20310000 | L14: =IFERROR(K14/$K$8,) -> 0.027265888 | M14: =IFERROR(K14-G14*F14-H14*$J$5*F14,) -> -3060000 | N14: =IFERROR(M14/(K14-M14),) -> -0.1309371 | O14: 달러
A15: DC | B15: 7 | C15: 한국 | D15: 329200 | E15: TIGER리츠부동산인프라 | F15: 5000 | G15: 4395 | I15: 4000 | K15: =IFERROR(I15*F15+J15*$J$5*F15,) -> 20000000 | L15: =IFERROR(K15/$K$8,) -> 0.026849717 | M15: =IFERROR(K15-G15*F15-H15*$J$5*F15,) -> -1975000 | N15: =IFERROR(M15/(K15-M15),) -> -0.089874858 | O15: 국내리츠
A16: DC | B16: 8 | C16: 한국 | D16: 379810 | E16: KODEX 미국나스닥100 | F16: 523 | G16: 27046 | I16: 25725 | K16: =IFERROR(I16*F16+J16*$J$5*F16,) -> 13454175 | L16: =IFERROR(K16/$K$8,) -> 0.01806204 | M16: =IFERROR(K16-G16*F16-H16*$J$5*F16,) -> -690883 | N16: =IFERROR(M16/(K16-M16),) -> -0.048842712 | O16: 나스닥
A17: 개인연금1 | B17: 9 | C17: 한국 | D17: 474220 | E17: TIGER미국테크TOP10커버드콜 | F17: 3260 | G17: 10680 | I17: 14445 | K17: =IFERROR(I17*F17+J17*$J$5*F17,) -> 47090700 | L17: =IFERROR(K17/$K$8,) -> 0.063218599 | M17: =IFERROR(K17-G17*F17-H17*$J$5*F17,) -> 12273900 | N17: =IFERROR(M17/(K17-M17),) -> 0.35252809 | O17: 테커
A18: 개인연금1 | B18: 10 | C18: 한국 | D18: 458760 | E18: TIGER 미배당다우커버드콜2호 | F18: 4055 | G18: 10101 | I18: 10600 | K18: =IFERROR(I18*F18+J18*$J$5*F18,) -> 42983000 | L18: =IFERROR(K18/$K$8,) -> 0.05770407 | M18: =IFERROR(K18-G18*F18-H18*$J$5*F18,) -> 2023445 | N18: =IFERROR(M18/(K18-M18),) -> 0.049401049 | O18: 다우커
A19: 개인연금1 | B19: 11 | C19: 한국 | D19: 446720 | E19: SOL 미국배당다우존스 | F19: 1330 | G19: 10517 | I19: 13355 | K19: =IFERROR(I19*F19+J19*$J$5*F19,) -> 17762150 | L19: =IFERROR(K19/$K$8,) -> 0.023845435 | M19: =IFERROR(K19-G19*F19-H19*$J$5*F19,) -> 3774540 | N19: =IFERROR(M19/(K19-M19),) -> 0.26984882 | O19: 다우
A20: 개인연금1 | B20: 12 | C20: 한국 | D20: 433330 | E20: SOL 미국 S&P500 | F20: 1061 | G20: 20547 | I20: 21090 | K20: =IFERROR(I20*F20+J20*$J$5*F20,) -> 22376490 | L20: =IFERROR(K20/$K$8,) -> 0.030040122 | M20: =IFERROR(K20-G20*F20-H20*$J$5*F20,) -> 576123 | N20: =IFERROR(M20/(K20-M20),) -> 0.026427216 | O20: 슨피
... A23: 개인연금2 | B23: 15 | C23: 한국 | D23: 360750 | E23: TIGER미국S&P500 | F23: 221 | G23: 25497 | I23: 25285 | K23: =IFERROR(I23*F23+J23*$J$5*F23,) -> 5587985 | L23: =IFERROR(K23/$K$8,) -> 0.0075017909 | M23: =IFERROR(K23-G23*F23-H23*$J$5*F23,) -> -46852 | N23: =IFERROR(M23/(K23-M23),) -> -0.0083147037 | O23: 슨피
A24: ISA | B24: 16 | C24: 한국 | D24: 483280 | E24: KODEX 미국AI테크TOP10타겟커버드콜 | F24: 2226 | G24: 10928 | I24: 11075 | K24: =IFERROR(I24*F24+J24*$J$5*F24,) -> 24652950 | L24: =IFERROR(K24/$K$8,) -> 0.033096237 | M24: =IFERROR(K24-G24*F24-H24*$J$5*F24,) -> 327222 | N24: =IFERROR(M24/(K24-M24),) -> 0.013451684
A25: ISA | B25: 17 | C25: 한국 | D25: 458760 | E25: TIGER 미배당다우커버드콜2호 | F25: 1964 | G25: 9906 | I25: 10600 | K25: =IFERROR(I25*F25+J25*$J$5*F25,) -> 20818400 | L25: =IFERROR(K25/$K$8,) -> 0.027948408 | M25: =IFERROR(K25-G25*F25-H25*$J$5*F25,) -> 1363016 | N25: =IFERROR(M25/(K25-M25),) -> 0.07005855 | O25: 다우커
A26: ISA | B26: 18 | C26: 한국 | D26: 474220 | E26: TIGER미국테크TOP10커버드콜 | F26: 1350 | G26: 12013 | I26: 14445 | K26: =IFERROR(I26*F26+J26*$J$5*F26,) -> 19500750 | L26: =IFERROR(K26/$K$8,) -> 0.026179481 | M26: =IFERROR(K26-G26*F26-H26*$J$5*F26,) -> 3283200 | N26: =IFERROR(M26/(K26-M26),) -> 0.20244735 | O26: 테커
A27: ISA | B27: 19 | C27: 한국 | D27: 457480 | E27: ACE테슬라밸류체인액티브 | F27: 515 | G27: 16707 | I27: 16275 | K27: =IFERROR(I27*F27+J27*$J$5*F27,) -> 8381625 | L27: =IFERROR(K27/$K$8,) -> 0.011252213 | M27: =IFERROR(K27-G27*F27-H27*$J$5*F27,) -> -222480 | N27: =IFERROR(M27/(K27-M27),) -> -0.025857425 | O27: 테슬라
A28: ISA | B28: 20 | C28: 한국 | D28: 473330 | E28: SOL 미국 30년국채커버드콜(합성) | F28: 960 | G28: 9360 | I28: 7530 | K28: =IFERROR(I28*F28+J28*$J$5*F28,) -> 7228800 | L28: =IFERROR(K28/$K$8,) -> 0.0097045619 | M28: =IFERROR(K28-G28*F28-H28*$J$5*F28,) -> -1756800 | N28: =IFERROR(M28/(K28-M28),) -> -0.19551282 | O28: 미국채커
A29: ISA | B29: 21 | C29: 한국 | D29: 000270 | E29: 기아 | F29: 34 | G29: 110746 | I29: 108800 | K29: =IFERROR(I29*F29+J29*$J$5*F29,) -> 3699200 | L29: =IFERROR(K29/$K$8,) -> 0.0049661237 | M29: =IFERROR(K29-G29*F29-H29*$J$5*F29,) -> -66164 | N29: =IFERROR(M29/(K29-M29),) -> -0.017571741 | O29: 기아
A30: ISA | B30: 22 | C30: 한국 | D30: 498270 | E30: KIWOOM 미국양자컴퓨팅 | F30: 297 | G30: 12814 | I30: 12615 | K30: =IFERROR(I30*F30+J30*$J$5*F30,) -> 3746655 | L30: =IFERROR(K30/$K$8,) -> 0.0050298314 | M30: =IFERROR(K30-G30*F30-H30*$J$5*F30,) -> -59103 | N30: =IFERROR(M30/(K30-M30),) -> -0.015529889 | O30: 양자
A31: ISA | B31: 23 | C31: 한국 | D31: 0072R0 | E31: TIGER KRX금현물 | F31: 481 | G31: 13495 | I31: 11600 | K31: =IFERROR(I31*F31+J31*$J$5*F31,) -> 5579600 | L31: =IFERROR(K31/$K$8,) -> 0.0074905342 | M31: =IFERROR(K31-G31*F31-H31*$J$5*F31,) -> -911495 | N31: =IFERROR(M31/(K31-M31),) -> -0.14042238 | O31: 금
A32: ISA | B32: 24 | C32: 한국 | D32: 005389 | E32: 현대차3우B | F32: 13 | G32: 160810 | I32: 160200 | K32: =IFERROR(I32*F32+J32*$J$5*F32,) -> 2082600 | L32: =IFERROR(K32/$K$8,) -> 0.0027958611 | M32: =IFERROR(K32-G32*F32-H32*$J$5*F32,) -> -7930 | N32: =IFERROR(M32/(K32-M32),) -> -0.0037932964 | O32: 현대차
A33: ISA | B33: 25 | C33: 한국 | D33: 364980 | E33: TIGER 2차전지TOP10 | F33: 176 | G33: 8477 | I33: 9865 | K33: =IFERROR(I33*F33+J33*$J$5*F33,) -> 1736240 | L33: =IFERROR(K33/$K$8,) -> 0.0023308777 | M33: =IFERROR(K33-G33*F33-H33*$J$5*F33,) -> 244288 | N33: =IFERROR(M33/(K33-M33),) -> 0.16373717 | O33: 이차전지
A34: ISA | B34: 26 | C34: 한국 | D34: 476690 | E34: TIGER 글로벌비만치료제 TOP2 Plus | F34: 100 | G34: 9378 | I34: 10205 | K34: =IFERROR(I34*F34+J34*$J$5*F34,) -> 1020500 | L34: =IFERROR(K34/$K$8,) -> 0.0013700068 | M34: =IFERROR(K34-G34*F34-H34*$J$5*F34,) -> 82700 | N34: =IFERROR(M34/(K34-M34),) -> 0.088185114 | O34: 헬스
A35: ISA | B35: 27 | C35: 한국 | D35: 475380 | E35: RISE 글로벌리얼티인컴 | F35: 101 | G35: 9891 | I35: 9545 | K35: =IFERROR(I35*F35+J35*$J$5*F35,) -> 964045 | L35: =IFERROR(K35/$K$8,) -> 0.0012942168 | M35: =IFERROR(K35-G35*F35-H35*$J$5*F35,) -> -34946 | N35: =IFERROR(M35/(K35-M35),) -> -0.034981296 | O35: 리츠
A36: 일반계좌 | B36: 28 | C36: 한국 | D36: 005930 | E36: 삼성전자 | F36: 55 | G36: 160500 | I36: 214500 | K36: =IFERROR(I36*F36+J36*$J$5*F36,) -> 11797500 | L36: =IFERROR(K36/$K$8,) -> 0.015837977 | M36: =IFERROR(K36-G36*F36-H36*$J$5*F36,) -> 2970000 | N36: =IFERROR(M36/(K36-M36),) -> 0.3364486 | O36: 삼전
... A38: 일반계좌 | B38: 30 | C38: 한국 | D38: 498400 | E38: KODEX 200타켓위클리커버드콜 | F38: 704 | G38: 21207 | I38: 16005 | K38: =IFERROR(I38*F38+J38*$J$5*F38,) -> 11267520 | L38: =IFERROR(K38/$K$8,) -> 0.015126486 | M38: =IFERROR(K38-G38*F38-H38*$J$5*F38,) -> -3662208 | N38: =IFERROR(M38/(K38-M38),) -> -0.24529636 | O38: 헬스
A39: 일반계좌 | B39: 31 | C39: 미국 | D39: TSLA | E39: 테슬라 | F39: 17 | H39: 280.9963 | J39: 380.34 | K39: =IFERROR(I39*F39+J39*$J$5*F39,) -> 8572266.4 | L39: =IFERROR(K39/$K$8,) -> 0.011508146 | M39: =IFERROR(K39-G39*F39-H39*$J$5*F39,) -> 2239050.9 | N39: =IFERROR(M39/(K39-M39),) -> 0.35354094 | O39: 테슬라
A40: 일반계좌 | B40: 32 | C40: 미국 | D40: O | E40: 리얼티인컴 | F40: 53 | H40: 53.53 | J40: 55.959999 | K40: =IFERROR(I40*F40+J40*$J$5*F40,) -> 3932134 | L40: =IFERROR(K40/$K$8,) -> 0.0052788343 | M40: =IFERROR(K40-G40*F40-H40*$J$5*F40,) -> 170748.43 | N40: =IFERROR(M40/(K40-M40),) -> 0.045395088 | O40: 미국리츠
A41: 일반계좌 | B41: 33 | C41: 미국 | D41: IONQ | E41: 아이온큐 | F41: 91 | H41: 29.68 | J41: 31.925301 | K41: =IFERROR(I41*F41+J41*$J$5*F41,) -> 3851688.2 | L41: =IFERROR(K41/$K$8,) -> 0.005170837 | M41: =IFERROR(K41-G41*F41-H41*$J$5*F41,) -> 270888.53 | N41: =IFERROR(M41/(K41-M41),) -> 0.07565029 | O41: 양자
A42: 일반계좌 | B42: 34 | C42: 미국 | D42: AAPL | E42: 애플 | F42: 9 | H42: 208.16 | J42: 345.345 | K42: =IFERROR(I42*F42+J42*$J$5*F42,) -> 4120694.5 | L42: =IFERROR(K42/$K$8,) -> 0.0055319742 | M42: =IFERROR(K42-G42*F42-H42*$J$5*F42,) -> 1636906.5 | N42: =IFERROR(M42/(K42-M42),) -> 0.65903632 | O42: 애플
A43: 일반계좌 | B43: 35 | C43: 한국 | D43: 024110 | E43: 기업은행 | F43: 179 | G43: 21932 | I43: 19850 | K43: =IFERROR(I43*F43+J43*$J$5*F43,) -> 3553150 | L43: =IFERROR(K43/$K$8,) -> 0.0047700537 | M43: =IFERROR(K43-G43*F43-H43*$J$5*F43,) -> -372678 | N43: =IFERROR(M43/(K43-M43),) -> -0.094929783 | O43: 기업은행
A44: 일반계좌 | B44: 36 | C44: 한국 | D44: 352820 | E44: 하이브 | F44: 18 | G44: 222701 | I44: 175800 | K44: =IFERROR(I44*F44+J44*$J$5*F44,) -> 3164400 | L44: =IFERROR(K44/$K$8,) -> 0.0042481623 | M44: =IFERROR(K44-G44*F44-H44*$J$5*F44,) -> -844218 | N44: =IFERROR(M44/(K44-M44),) -> -0.21060076 | O44: 엔터
A45: 일반계좌 | B45: 37 | C45: 미국 | D45: QLD | E45: QLD | F45: 62 | H45: 87.726 | J45: 88.330002 | K45: =IFERROR(I45*F45+J45*$J$5*F45,) -> 7260636.1 | L45: =IFERROR(K45/$K$8,) -> 0.0097473013 | M45: =IFERROR(K45-G45*F45-H45*$J$5*F45,) -> 49648.334 | N45: =IFERROR(M45/(K45-M45),) -> 0.0068850949 | O45: 나스닥
A46: 일반계좌2 | B46: 38 | C46: 미국 | D46: QLD | E46: QLD | F46: 78 | H46: 87.64 | J46: 88.330002 | K46: =IFERROR(I46*F46+J46*$J$5*F46,) -> 9134348.6 | L46: =IFERROR(K46/$K$8,) -> 0.012262734 | M46: =IFERROR(K46-G46*F46-H46*$J$5*F46,) -> 71354.207 | N46: =IFERROR(M46/(K46-M46),) -> 0.0078731382 | O46: 나스닥
A47: 일반계좌 | B47: 39 | C47: 한국 | D47: 105560 | E47: KB금융 | F47: 12 | G47: 173127 | I47: 158200 | K47: =IFERROR(I47*F47+J47*$J$5*F47,) -> 1898400 | L47: =IFERROR(K47/$K$8,) -> 0.0025485752 | M47: =IFERROR(K47-G47*F47-H47*$J$5*F47,) -> -179124 | N47: =IFERROR(M47/(K47-M47),) -> -0.086219943 | O47: KB금융
A48: 일반계좌 | B48: 40 | D48: 현금 | E48: CMA RP | F48: 1 | I48: =G48 -> 0 | K48: =IFERROR(I48*F48+J48*$J$5*F48,) -> 0 | L48: =IFERROR(K48/$K$8,) -> 0 | M48: =IFERROR(K48-G48*F48-H48*$J$5*F48,) -> 0 | N48: =IFERROR(M48/(K48-M48),) -> 0 | O48: 예수금
A49: 일반계좌 | B49: 41 | C49: 한국 | D49: 0219E0 | E49: KODEX 200커버드콜액티브 | F49: 1312 | G49: 8263 | I49: 6545 | K49: =IFERROR(I49*F49+J49*$J$5*F49,) -> 8587040 | L49: =IFERROR(K49/$K$8,) -> 0.01152798 | M49: =IFERROR(K49-G49*F49-H49*$J$5*F49,) -> -2254016 | N49: =IFERROR(M49/(K49-M49),) -> -0.2079148
A50: 일반계좌 | B50: 42 | D50: 현금 | E50: 예수금(직투달러) | F50: 1 | G50: 912054 | I50: =G50 -> 912054 | K50: =IFERROR(I50*F50+J50*$J$5*F50,) -> 912054 | L50: =IFERROR(K50/$K$8,) -> 0.0012244196 | M50: =IFERROR(K50-G50*F50-H50*$J$5*F50,) -> 0 | N50: =IFERROR(M50/(K50-M50),) -> 0 | O50: 현금
A51: 일반계좌 | B51: 43 | C51: 한국 | D51: 041510 | E51: 에스엠 | F51: 24 | G51: 87423 | I51: 84400 | K51: =IFERROR(I51*F51+J51*$J$5*F51,) -> 2025600 | L51: =IFERROR(K51/$K$8,) -> 0.0027193394 | M51: =IFERROR(K51-G51*F51-H51*$J$5*F51,) -> -72552 | N51: =IFERROR(M51/(K51-M51),) -> -0.034579001 | O51: 엔터
A52: 일반계좌 | B52: 44 | D52: 현금 | E52: 현금성자산(삼성증권) | F52: 1 | G52: 327551 | I52: =G52 -> 327551 | K52: =IFERROR(I52*F52+J52*$J$5*F52,) -> 327551 | L52: =IFERROR(K52/$K$8,) -> 0.00043973259 | M52: =IFERROR(K52-G52*F52-H52*$J$5*F52,) -> 0 | N52: =IFERROR(M52/(K52-M52),) -> 0 | O52: 현금
A53: 일반계좌 | B53: 45 | C53: 미국 | D53: SPCX | E53: 스페이스 X | F53: 7 | H53: 180.0771 | J53: 152.9257 | K53: =IFERROR(I53*F53+J53*$J$5*F53,) -> 1419231.6 | L53: =IFERROR(K53/$K$8,) -> 0.0019052984 | M53: =IFERROR(K53-G53*F53-H53*$J$5*F53,) -> -251979.34 | N53: =IFERROR(M53/(K53-M53),) -> -0.1507765 | O53: 스엑
A54: 일반계좌 | B54: 46 | C54: 미국 | D54: AMT | E54: 아메리칸타워 | F54: 5 | H54: 185.84 | J54: 178 | K54: =IFERROR(I54*F54+J54*$J$5*F54,) -> 1179953.1 | L54: =IFERROR(K54/$K$8,) -> 0.0015840704 | M54: =IFERROR(K54-G54*F54-H54*$J$5*F54,) -> -51970.968 | N54: =IFERROR(M54/(K54-M54),) -> -0.042186827 | O54: 아메리칸타워
A55: 일반계좌 | B55: 47 | C55: 미국 | D55: NVDA | E55: 엔비디아 | F55: 4 | H55: 169.016 | J55: 217.41499 | K55: =IFERROR(I55*F55+J55*$J$5*F55,) -> 1152986.5 | L55: =IFERROR(K55/$K$8,) -> 0.0015478681 | M55: =IFERROR(K55-G55*F55-H55*$J$5*F55,) -> 256667.61 | N55: =IFERROR(M55/(K55-M55),) -> 0.28635746 | O55: 엔비디아
A56: 일반계좌 | B56: 48 | C56: 미국 | D56: SCHD | E56: SCHD | F56: 24 | H56: 27.59 | J56: 35.006302 | K56: =IFERROR(I56*F56+J56*$J$5*F56,) -> 1113864.1 | L56: =IFERROR(K56/$K$8,) -> 0.0014953468 | M56: =IFERROR(K56-G56*F56-H56*$J$5*F56,) -> 235979.01 | N56: =IFERROR(M56/(K56-M56),) -> 0.26880398 | O56: 다우
A57: 일반계좌 | B57: 49 | C57: 미국 | D57: MSFT | E57: 마이크로소프트 | F57: 2 | H57: 408.19 | J57: 529.53003 | K57: =IFERROR(I57*F57+J57*$J$5*F57,) -> 1404091.2 | L57: =IFERROR(K57/$K$8,) -> 0.0018849726 | M57: =IFERROR(K57-G57*F57-H57*$J$5*F57,) -> 321742.79 | N57: =IFERROR(M57/(K57-M57),) -> 0.2972636 | O57: 마소
A58: 일반계좌 | B58: 50 | C58: 미국 | D58: TMUS | E58: T-모바일 | F58: 4 | H58: 202.7775 | J58: 156.63 | K58: =IFERROR(I58*F58+J58*$J$5*F58,) -> 830633.98 | L58: =IFERROR(K58/$K$8,) -> 0.0011151144 | M58: =IFERROR(K58-G58*F58-H58*$J$5*F58,) -> -244727.55 | N58: =IFERROR(M58/(K58-M58),) -> -0.227577 | O58: 통신
A59: 일반계좌 | B59: 51 | C59: 미국 | D59: NVO | E59: 노보 노디스크 | F59: 15 | H59: 53.67 | J59: 39.474998 | K59: =IFERROR(I59*F59+J59*$J$5*F59,) -> 785033.37 | L59: =IFERROR(K59/$K$8,) -> 0.0010538962 | M59: =IFERROR(K59-G59*F59-H59*$J$5*F59,) -> -282293.87 | N59: =IFERROR(M59/(K59-M59),) -> -0.26448671 | O59: 헬스
A60: 일반계좌 | B60: 52 | C60: 미국 | D60: PLTR | E60: 팔란티어 | F60: 4 | H60: 129.42 | J60: 201.77 | K60: =IFERROR(I60*F60+J60*$J$5*F60,) -> 1070018.6 | L60: =IFERROR(K60/$K$8,) -> 0.0014364849 | M60: =IFERROR(K60-G60*F60-H60*$J$5*F60,) -> 383683.65 | N60: =IFERROR(M60/(K60-M60),) -> 0.55903264 | O60: 팔란
A61: 일반계좌 | B61: 53 | C61: 미국 | D61: RKLB | E61: 로켓랩 | F61: 7 | H61: 62.38 | J61: 52.337101 | K61: =IFERROR(I61*F61+J61*$J$5*F61,) -> 485716.04 | L61: =IFERROR(K61/$K$8,) -> 0.00065206691 | M61: =IFERROR(K61-G61*F61-H61*$J$5*F61,) -> -93203.426 | N61: =IFERROR(M61/(K61-M61),) -> -0.1609955 | O61: 로켓
A62: 일반계좌 | B62: 54 | C62: 미국 | D62: AI | E62: C3AI | F62: 53 | H62: 17.91 | J62: 11.89 | K62: =IFERROR(I62*F62+J62*$J$5*F62,) -> 835473.11 | L62: =IFERROR(K62/$K$8,) -> 0.0011216108 | M62: =IFERROR(K62-G62*F62-H62*$J$5*F62,) -> -423006.53 | N62: =IFERROR(M62/(K62-M62),) -> -0.33612505 | O62: C3AI
A63: 일반계좌 | B63: 55 | C63: 미국 | D63: NKE | E63: 나이키 | F63: 10 | H63: 63.31 | J63: 37.345001 | K63: =IFERROR(I63*F63+J63*$J$5*F63,) -> 495116.29 | L63: =IFERROR(K63/$K$8,) -> 0.00066468663 | M63: =IFERROR(K63-G63*F63-H63*$J$5*F63,) -> -344241.36 | N63: =IFERROR(M63/(K63-M63),) -> -0.41012476 | O63: 나이키
A64: 일반계좌 | B64: 56 | C64: 미국 | D64: TSM | E64: TSMC | F64: 1 | H64: 340.5 | J64: 419.38 | K64: =IFERROR(I64*F64+J64*$J$5*F64,) -> 556009.82 | L64: =IFERROR(K64/$K$8,) -> 0.00074643532 | M64: =IFERROR(K64-G64*F64-H64*$J$5*F64,) -> 104578.32 | N64: =IFERROR(M64/(K64-M64),) -> 0.23165934 | O64: TSMC
... A70: 일반계좌 | B70: 62 | C70: 미국 | D70: SMR | E70: 누스케일파워 | F70: 20 | H70: 19.7113 | J70: 5.335 | K70: =IFERROR(I70*F70+J70*$J$5*F70,) -> 141461.79 | L70: =IFERROR(K70/$K$8,) -> 0.00018991046 | M70: =IFERROR(K70-G70*F70-H70*$J$5*F70,) -> -381199.09 | N70: =IFERROR(M70/(K70-M70),) -> -0.72934307 | O70: SMR
A71: 일반계좌 | B71: 63 | C71: 한국 | D71: 475560 | E71: 더본코리아 | F71: 15 | G71: 32011 | I71: 14420 | K71: =IFERROR(I71*F71+J71*$J$5*F71,) -> 216300 | L71: =IFERROR(K71/$K$8,) -> 0.00029037969 | M71: =IFERROR(K71-G71*F71-H71*$J$5*F71,) -> -263865 | N71: =IFERROR(M71/(K71-M71),) -> -0.54952985 | O71: 더본
A72: 일반계좌 | B72: 64 | C72: 미국 | D72: OKLO | E72: 오클로 | F72: 3 | H72: 63.42 | J72: 26.799999 | K72: =IFERROR(I72*F72+J72*$J$5*F72,) -> 106593.51 | L72: =IFERROR(K72/$K$8,) -> 0.00014310028 | M72: =IFERROR(K72-G72*F72-H72*$J$5*F72,) -> -145651.29 | N72: =IFERROR(M72/(K72-M72),) -> -0.57742038 | O72: 오클로
A73: 일반계좌 | B73: 65 | D73: 현금 | E73: 미래에셋현금성자산 | F73: 1 | G73: 54332 | I73: =G73 -> 54332 | K73: =IFERROR(I73*F73+J73*$J$5*F73,) -> 54332 | L73: =IFERROR(K73/$K$8,) -> 7.2939942e-05 | M73: =IFERROR(K73-G73*F73-H73*$J$5*F73,) -> 0 | N73: =IFERROR(M73/(K73-M73),) -> 0 | O73: 현금
A74: 일반계좌 | B74: 66 | D74: 현금 | E74: 예수금(직투달러) | F74: 1 | G74: 0 | I74: =G74 -> 0 | K74: =IFERROR(I74*F74+J74*$J$5*F74,) -> 0 | L74: =IFERROR(K74/$K$8,) -> 0 | M74: =IFERROR(K74-G74*F74-H74*$J$5*F74,) -> 0 | N74: =IFERROR(M74/(K74-M74),) -> 0 | O74: 예수금
A75: CMA | B75: 67 | D75: 현금 | E75: CMA RP | F75: 1 | G75: 40325031 | I75: =G75 -> 40325031 | K75: =IFERROR(I75*F75+J75*$J$5*F75,) -> 40325031 | L75: =IFERROR(K75/$K$8,) -> 0.054135784 | M75: =IFERROR(K75-G75*F75-H75*$J$5*F75,) -> 0 | N75: =IFERROR(M75/(K75-M75),) -> 0 | O75: 현금
A76: IRP | B76: 68 | C76: 한국 | D76: 438100 | E76: ACE미국나스닥100미국채혼합50액티브 | F76: 794 | G76: 17065 | I76: 14560 | K76: =IFERROR(I76*F76+J76*$J$5*F76,) -> 11560640 | L76: =IFERROR(K76/$K$8,) -> 0.015519996 | M76: =IFERROR(K76-G76*F76-H76*$J$5*F76,) -> -1988970 | N76: =IFERROR(M76/(K76-M76),) -> -0.14679168 | O76: 미국채
A77: IRP | B77: 69 | C77: 한국 | D77: 133690 | E77: TIGER 미국나스닥100 | F77: 57 | G77: 177652 | I77: 172000 | K77: =IFERROR(I77*F77+J77*$J$5*F77,) -> 9804000 | L77: =IFERROR(K77/$K$8,) -> 0.013161731 | M77: =IFERROR(K77-G77*F77-H77*$J$5*F77,) -> -322164 | N77: =IFERROR(M77/(K77-M77),) -> -0.031815009 | O77: 나스닥
A78: IRP | B78: 70 | C78: 한국 | D78: 381170 | E78: TIGER 미국테크TOP10 INDXX | F78: 323 | G78: 24648 | I78: 30110 | K78: =IFERROR(I78*F78+J78*$J$5*F78,) -> 9725530 | L78: =IFERROR(K78/$K$8,) -> 0.013056387 | M78: =IFERROR(K78-G78*F78-H78*$J$5*F78,) -> 1764226 | N78: =IFERROR(M78/(K78-M78),) -> 0.22160013 | O78: 테크
A79: IRP | B79: 71 | C79: 한국 | D79: 433330 | E79: SOL 미국 S&P500 | F79: 376 | G79: 18437 | I79: 21090 | K79: =IFERROR(I79*F79+J79*$J$5*F79,) -> 7929840 | L79: =IFERROR(K79/$K$8,) -> 0.010645698 | M79: =IFERROR(K79-G79*F79-H79*$J$5*F79,) -> 997528 | N79: =IFERROR(M79/(K79-M79),) -> 0.14389543 | O79: 슨피
A80: 은행예금 | B80: 72 | D80: 현금 | E80: 새마을 예금 | F80: 1 | G80: 13435000 | I80: =G80 -> 13435000 | K80: =IFERROR(I80*F80+J80*$J$5*F80,) -> 13435000 | L80: =IFERROR(K80/$K$8,) -> 0.018036298 | M80: =IFERROR(K80-G80*F80-H80*$J$5*F80,) -> 0 | N80: =IFERROR(M80/(K80-M80),) -> 0 | O80: 예금
A81: TOSS | B81: 73 | C81: 미국 | D81: CVX | E81: 셰브론 | F81: 1 | H81: 181.32 | J81: 227.395 | K81: =IFERROR(I81*F81+J81*$J$5*F81,) -> 301478.02 | L81: =IFERROR(K81/$K$8,) -> 0.00040472999 | M81: =IFERROR(K81-G81*F81-H81*$J$5*F81,) -> 61085.78 | N81: =IFERROR(M81/(K81-M81),) -> 0.25410878 | O81: 셰브론
A82: TOSS | B82: 74 | C82: 미국 | D82: XOM | E82: 엑슨모빌 | F82: 1 | H82: 144.41 | J82: 178.465 | K82: =IFERROR(I82*F82+J82*$J$5*F82,) -> 236607.11 | L82: =IFERROR(K82/$K$8,) -> 0.0003176417 | M82: =IFERROR(K82-G82*F82-H82*$J$5*F82,) -> 45149.774 | N82: =IFERROR(M82/(K82-M82),) -> 0.23582159 | O82: 엑슨모빌
A83: TOSS | B83: 75 | C83: 미국 | D83: WMT | E83: 월마트 | F83: 2 | H83: 111.91 | J83: 118.22 | K83: =IFERROR(I83*F83+J83*$J$5*F83,) -> 313469.79 | L83: =IFERROR(K83/$K$8,) -> 0.00042082876 | M83: =IFERROR(K83-G83*F83-H83*$J$5*F83,) -> 16731.473 | N83: =IFERROR(M83/(K83-M83),) -> 0.056384606 | O83: 월마트

Sheet 금액순
A1: 금액순 · 포트폴리오 비중 100% (계좌현황 자동연동)
A2: 왼쪽 '계좌현황' 시트의 평가액(K열)·계좌(A열)을 수식으로 참조합니다. 왼쪽을 수정·정렬하면 이 탭 수치가 함께 바뀝니다. (Google 스프레드시트 / Excel 365 권장)
A3: 총 평가액 | B3: =SUM(계좌현황!K9:K83) -> 7.448868e+08 | C3: 종목수 | D3: =COUNTA(계좌현황!E9:E83) -> 75
A5: ① 계좌별 합계 (왼쪽 자동집계)
A6: 계좌 | B6: 평가액 | C6: 비중 | D6: 종목수
A7: DC | B7: =SUMIF(계좌현황!A:A,A7,계좌현황!K:K) -> 298088610 | C7: =IF($B$3=0,0,B7/$B$3) -> 0.40017975 | D7: =COUNTIF(계좌현황!A9:A83,A7) -> 8
A8: 개인연금1 | B8: =SUMIF(계좌현황!A:A,A8,계좌현황!K:K) -> 134936215 | C8: =IF($B$3=0,0,B8/$B$3) -> 0.18114996 | D8: =COUNTIF(계좌현황!A9:A83,A8) -> 5
A9: 개인연금2 | B9: =SUMIF(계좌현황!A:A,A9,계좌현황!K:K) -> 15587715 | C9: =IF($B$3=0,0,B9/$B$3) -> 0.020926287 | D9: =COUNTIF(계좌현황!A9:A83,A9) -> 2
A10: ISA | B10: =SUMIF(계좌현황!A:A,A10,계좌현황!K:K) -> 99411365 | C10: =IF($B$3=0,0,B10/$B$3) -> 0.13345835 | D10: =COUNTIF(계좌현황!A9:A83,A10) -> 12
A11: 일반계좌 | B11: =SUMIF(계좌현황!A:A,A11,계좌현황!K:K) -> 94096948 | C11: =IF($B$3=0,0,B11/$B$3) -> 0.12632382 | D11: =COUNTIF(계좌현황!A9:A83,A11) -> 38
A12: CMA | B12: =SUMIF(계좌현황!A:A,A12,계좌현황!K:K) -> 40325031 | C12: =IF($B$3=0,0,B12/$B$3) -> 0.054135784 | D12: =COUNTIF(계좌현황!A9:A83,A12) -> 1
A13: IRP | B13: =SUMIF(계좌현황!A:A,A13,계좌현황!K:K) -> 39020010 | C13: =IF($B$3=0,0,B13/$B$3) -> 0.052383812 | D13: =COUNTIF(계좌현황!A9:A83,A13) -> 4
A14: 은행예금 | B14: =SUMIF(계좌현황!A:A,A14,계좌현황!K:K) -> 13435000 | C14: =IF($B$3=0,0,B14/$B$3) -> 0.018036298 | D14: =COUNTIF(계좌현황!A9:A83,A14) -> 1
A15: 일반계좌2 | B15: =SUMIF(계좌현황!A:A,A15,계좌현황!K:K) -> 9134348.6 | C15: =IF($B$3=0,0,B15/$B$3) -> 0.012262734 | D15: =COUNTIF(계좌현황!A9:A83,A15) -> 1
A16: TOSS | B16: =SUMIF(계좌현황!A:A,A16,계좌현황!K:K) -> 851554.92 | C16: =IF($B$3=0,0,B16/$B$3) -> 0.0011432004 | D16: =COUNTIF(계좌현황!A9:A83,A16) -> 3
A19: ② 전체 종목 금액 내림차순 100% (왼쪽 K열 기준 자동정렬) | L19: ← 자동계산용(원본행/미러)
A20: 순위 | B20: 계좌 | C20: 국가 | D20: 종목코드 | E20: 종목명 | F20: 수량 | G20: 평가액 | H20: 비중 | I20: 누적비중 | L20: 원본행 | M20: 평가액미러 | N20: 정렬키
A21: 1 | B21: =IFERROR(INDEX(계좌현황!A:A,INDEX($L$21:$L$95,MATCH(LARGE($N$21:$N$95,1),$N$21:$N$95,0))),"") -> DC | C21: =IFERROR(INDEX(계좌현황!C:C,INDEX($L$21:$L$95,MATCH(LARGE($N$21:$N$95,1),$N$21:$N$95,0))),"") -> 한국 | D21: =IFERROR(INDEX(계좌현황!D:D,INDEX($L$21:$L$95,MATCH(LARGE($N$21:$N$95,1),$N$21:$N$95,0))),"") -> 458760 | E21: =IFERROR(INDEX(계좌현황!E:E,INDEX($L$21:$L$95,MATCH(LARGE($N$21:$N$95,1),$N$21:$N$95,0))),"") -> TIGER 미배당다우커버드콜2호 | F21: =IFERROR(INDEX(계좌현황!F:F,INDEX($L$21:$L$95,MATCH(LARGE($N$21:$N$95,1),$N$21:$N$95,0))),"") -> 9359 | G21: =IFERROR(INDEX(계좌현황!K:K,INDEX($L$21:$L$95,MATCH(LARGE($N$21:$N$95,1),$N$21:$N$95,0))),0) -> 99205400 | H21: =IF($B$3=0,0,G21/$B$3) -> 0.13318185 | I21: =H21 -> 0.13318185 | L21: 9 | M21: =계좌현황!K9 -> 99205400 | N21: =IF(M21="",-1E+99,M21*100000+(10000-L21)) -> 9920540009991
A22: 2 | B22: =IFERROR(INDEX(계좌현황!A:A,INDEX($L$21:$L$95,MATCH(LARGE($N$21:$N$95,2),$N$21:$N$95,0))),"") -> DC | C22: =IFERROR(INDEX(계좌현황!C:C,INDEX($L$21:$L$95,MATCH(LARGE($N$21:$N$95,2),$N$21:$N$95,0))),"") -> 한국 | D22: =IFERROR(INDEX(계좌현황!D:D,INDEX($L$21:$L$95,MATCH(LARGE($N$21:$N$95,2),$N$21:$N$95,0))),"") -> 472170 | E22: =IFERROR(INDEX(계좌현황!E:E,INDEX($L$21:$L$95,MATCH(LARGE($N$21:$N$95,2),$N$21:$N$95,0))),"") -> TIGER 미국테크TOP10채권혼합 | F22: =IFERROR(INDEX(계좌현황!F:F,INDEX($L$21:$L$95,MATCH(LARGE($N$21:$N$95,2),$N$21:$N$95,0))),"") -> 3649 | G22: =IFERROR(INDEX(계좌현황!K:K,INDEX($L$21:$L$95,MATCH(LARGE($N$21:$N$95,2),$N$21:$N$95,0))),0) -> 50556895 | H22: =IF($B$3=0,0,G22/$B$3) -> 0.067871917 | I22: =I21+H22 -> 0.20105376 | L22: 10 | M22: =계좌현황!K10 -> 40464390 | N22: =IF(M22="",-1E+99,M22*100000+(10000-L22)) -> 4046439009990
A23: 3 | B23: =IFERROR(INDEX(계좌현황!A:A,INDEX($L$21:$L$95,MATCH(LARGE($N$21:$N$95,3),$N$21:$N$95,0))),"") -> 개인연금1 | C23: =IFERROR(INDEX(계좌현황!C:C,INDEX($L$21:$L$95,MATCH(LARGE($N$21:$N$95,3),$N$21:$N$95,0))),"") -> 한국 | D23: =IFERROR(INDEX(계좌현황!D:D,INDEX($L$21:$L$95,MATCH(LARGE($N$21:$N$95,3),$N$21:$N$95,0))),"") -> 474220 | E23: =IFERROR(INDEX(계좌현황!E:E,INDEX($L$21:$L$95,MATCH(LARGE($N$21:$N$95,3),$N$21:$N$95,0))),"") -> TIGER미국테크TOP10커버드콜 | F23: =IFERROR(INDEX(계좌현황!F:F,INDEX($L$21:$L$95,MATCH(LARGE($N$21:$N$95,3),$N$21:$N$95,0))),"") -> 3260 | G23: =IFERROR(INDEX(계좌현황!K:K,INDEX($L$21:$L$95,MATCH(LARGE($N$21:$N$95,3),$N$21:$N$95,0))),0) -> 47090700 | H23: =IF($B$3=0,0,G23/$B$3) -> 0.063218599 | I23: =I22+H23 -> 0.26427236 | L23: 11 | M23: =계좌현황!K11 -> 28545000 | N23: =IF(M23="",-1E+99,M23*100000+(10000-L23)) -> 2854500009989
A24: 4 | B24: =IFERROR(INDEX(계좌현황!A:A,INDEX($L$21:$L$95,MATCH(LARGE($N$21:$N$95,4),$N$21:$N$95,0))),"") -> 개인연금1 | C24: =IFERROR(INDEX(계좌현황!C:C,INDEX($L$21:$L$95,MATCH(LARGE($N$21:$N$95,4),$N$21:$N$95,0))),"") -> 한국 | D24: =IFERROR(INDEX(계좌현황!D:D,INDEX($L$21:$L$95,MATCH(LARGE($N$21:$N$95,4),$N$21:$N$95,0))),"") -> 458760 | E24: =IFERROR(INDEX(계좌현황!E:E,INDEX($L$21:$L$95,MATCH(LARGE($N$21:$N$95,4),$N$21:$N$95,0))),"") -> TIGER 미배당다우커버드콜2호 | F24: =IFERROR(INDEX(계좌현황!F:F,INDEX($L$21:$L$95,MATCH(LARGE($N$21:$N$95,4),$N$21:$N$95,0))),"") -> 4055 | G24: =IFERROR(INDEX(계좌현황!K:K,INDEX($L$21:$L$95,MATCH(LARGE($N$21:$N$95,4),$N$21:$N$95,0))),0) -> 42983000 | H24: =IF($B$3=0,0,G24/$B$3) -> 0.05770407 | I24: =I23+H24 -> 0.32197643 | L24: 12 | M24: =계좌현황!K12 -> 25552750 | N24: =IF(M24="",-1E+99,M24*100000+(10000-L24)) -> 2555275009988
A25: 5 | B25: =IFERROR(INDEX(계좌현황!A:A,INDEX($L$21:$L$95,MATCH(LARGE($N$21:$N$95,5),$N$21:$N$95,0))),"") -> DC | C25: =IFERROR(INDEX(계좌현황!C:C,INDEX($L$21:$L$95,MATCH(LARGE($N$21:$N$95,5),$N$21:$N$95,0))),"") -> 한국 | D25: =IFERROR(INDEX(계좌현황!D:D,INDEX($L$21:$L$95,MATCH(LARGE($N$21:$N$95,5),$N$21:$N$95,0))),"") -> 490490 | E25: =IFERROR(INDEX(계좌현황!E:E,INDEX($L$21:$L$95,MATCH(LARGE($N$21:$N$95,5),$N$21:$N$95,0))),"") -> SOL미국배당미국채혼합50 | F25: =IFERROR(INDEX(계좌현황!F:F,INDEX($L$21:$L$95,MATCH(LARGE($N$21:$N$95,5),$N$21:$N$95,0))),"") -> 3821 | G25: =IFERROR(INDEX(계좌현황!K:K,INDEX($L$21:$L$95,MATCH(LARGE($N$21:$N$95,5),$N$21:$N$95,0))),0) -> 40464390 | H25: =IF($B$3=0,0,G25/$B$3) -> 0.054322872 | I25: =I24+H25 -> 0.37629931 | L25: 13 | M25: =계좌현황!K13 -> 50556895 | N25: =IF(M25="",-1E+99,M25*100000+(10000-L25)) -> 5055689509987
A26: 6 | B26: =IFERROR(INDEX(계좌현황!A:A,INDEX($L$21:$L$95,MATCH(LARGE($N$21:$N$95,6),$N$21:$N$95,0))),"") -> CMA | C26: =IFERROR(INDEX(계좌현황!C:C,INDEX($L$21:$L$95,MATCH(LARGE($N$21:$N$95,6),$N$21:$N$95,0))),"") -> 0 | D26: =IFERROR(INDEX(계좌현황!D:D,INDEX($L$21:$L$95,MATCH(LARGE($N$21:$N$95,6),$N$21:$N$95,0))),"") -> 현금 | E26: =IFERROR(INDEX(계좌현황!E:E,INDEX($L$21:$L$95,MATCH(LARGE($N$21:$N$95,6),$N$21:$N$95,0))),"") -> CMA RP | F26: =IFERROR(INDEX(계좌현황!F:F,INDEX($L$21:$L$95,MATCH(LARGE($N$21:$N$95,6),$N$21:$N$95,0))),"") -> 1 | G26: =IFERROR(INDEX(계좌현황!K:K,INDEX($L$21:$L$95,MATCH(LARGE($N$21:$N$95,6),$N$21:$N$95,0))),0) -> 40325031 | H26: =IF($B$3=0,0,G26/$B$3) -> 0.054135784 | I26: =I25+H26 -> 0.43043509 | L26: 14 | M26: =계좌현황!K14 -> 20310000 | N26: =IF(M26="",-1E+99,M26*100000+(10000-L26)) -> 2031000009986
A27: 7 | B27: =IFERROR(INDEX(계좌현황!A:A,INDEX($L$21:$L$95,MATCH(LARGE($N$21:$N$95,7),$N$21:$N$95,0))),"") -> DC | C27: =IFERROR(INDEX(계좌현황!C:C,INDEX($L$21:$L$95,MATCH(LARGE($N$21:$N$95,7),$N$21:$N$95,0))),"") -> 한국 | D27: =IFERROR(INDEX(계좌현황!D:D,INDEX($L$21:$L$95,MATCH(LARGE($N$21:$N$95,7),$N$21:$N$95,0))),"") -> 0008S0 | E27: =IFERROR(INDEX(계좌현황!E:E,INDEX($L$21:$L$95,MATCH(LARGE($N$21:$N$95,7),$N$21:$N$95,0))),"") -> TIGER 미국배당다우존스타겟데일리커버드콜 | F27: =IFERROR(INDEX(계좌현황!F:F,INDEX($L$21:$L$95,MATCH(LARGE($N$21:$N$95,7),$N$21:$N$95,0))),"") -> 3000 | G27: =IFERROR(INDEX(계좌현황!K:K,INDEX($L$21:$L$95,MATCH(LARGE($N$21:$N$95,7),$N$21:$N$95,0))),0) -> 28545000 | H27: =IF($B$3=0,0,G27/$B$3) -> 0.038321259 | I27: =I26+H27 -> 0.46875635 | L27: 15 | M27: =계좌현황!K15 -> 20000000 | N27: =IF(M27="",-1E+99,M27*100000+(10000-L27)) -> 2000000009985
A28: 8 | B28: =IFERROR(INDEX(계좌현황!A:A,INDEX($L$21:$L$95,MATCH(LARGE($N$21:$N$95,8),$N$21:$N$95,0))),"") -> DC | C28: =IFERROR(INDEX(계좌현황!C:C,INDEX($L$21:$L$95,MATCH(LARGE($N$21:$N$95,8),$N$21:$N$95,0))),"") -> 한국 | D28: =IFERROR(INDEX(계좌현황!D:D,INDEX($L$21:$L$95,MATCH(LARGE($N$21:$N$95,8),$N$21:$N$95,0))),"") -> 498410 | E28: =IFERROR(INDEX(계좌현황!E:E,INDEX($L$21:$L$95,MATCH(LARGE($N$21:$N$95,8),$N$21:$N$95,0))),"") -> KODEX금융고배당TOP10타겟위클리커버드콜 | F28: =IFERROR(INDEX(계좌현황!F:F,INDEX($L$21:$L$95,MATCH(LARGE($N$21:$N$95,8),$N$21:$N$95,0))),"") -> 2377 | G28: =IFERROR(INDEX(계좌현황!K:K,INDEX($L$21:$L$95,MATCH(LARGE($N$21:$N$95,8),$N$21:$N$95,0))),0) -> 25552750 | H28: =IF($B$3=0,0,G28/$B$3) -> 0.034304206 | I28: =I27+H28 -> 0.50306056 | L28: 16 | M28: =계좌현황!K16 -> 13454175 | N28: =IF(M28="",-1E+99,M28*100000+(10000-L28)) -> 1345417509984
A29: 9 | B29: =IFERROR(INDEX(계좌현황!A:A,INDEX($L$21:$L$95,MATCH(LARGE($N$21:$N$95,9),$N$21:$N$95,0))),"") -> ISA | C29: =IFERROR(INDEX(계좌현황!C:C,INDEX($L$21:$L$95,MATCH(LARGE($N$21:$N$95,9),$N$21:$N$95,0))),"") -> 한국 | D29: =IFERROR(INDEX(계좌현황!D:D,INDEX($L$21:$L$95,MATCH(LARGE($N$21:$N$95,9),$N$21:$N$95,0))),"") -> 483280 | E29: =IFERROR(INDEX(계좌현황!E:E,INDEX($L$21:$L$95,MATCH(LARGE($N$21:$N$95,9),$N$21:$N$95,0))),"") -> KODEX 미국AI테크TOP10타겟커버드콜 | F29: =IFERROR(INDEX(계좌현황!F:F,INDEX($L$21:$L$95,MATCH(LARGE($N$21:$N$95,9),$N$21:$N$95,0))),"") -> 2226 | G29: =IFERROR(INDEX(계좌현황!K:K,INDEX($L$21:$L$95,MATCH(LARGE($N$21:$N$95,9),$N$21:$N$95,0))),0) -> 24652950 | H29: =IF($B$3=0,0,G29/$B$3) -> 0.033096237 | I29: =I28+H29 -> 0.53615679 | L29: 17 | M29: =계좌현황!K17 -> 47090700 | N29: =IF(M29="",-1E+99,M29*100000+(10000-L29)) -> 4709070009983
A30: 10 | B30: =IFERROR(INDEX(계좌현황!A:A,INDEX($L$21:$L$95,MATCH(LARGE($N$21:$N$95,10),$N$21:$N$95,0))),"") -> 개인연금1 | C30: =IFERROR(INDEX(계좌현황!C:C,INDEX($L$21:$L$95,MATCH(LARGE($N$21:$N$95,10),$N$21:$N$95,0))),"") -> 한국 | D30: =IFERROR(INDEX(계좌현황!D:D,INDEX($L$21:$L$95,MATCH(LARGE($N$21:$N$95,10),$N$21:$N$95,0))),"") -> 433330 | E30: =IFERROR(INDEX(계좌현황!E:E,INDEX($L$21:$L$95,MATCH(LARGE($N$21:$N$95,10),$N$21:$N$95,0))),"") -> SOL 미국 S&P500 | F30: =IFERROR(INDEX(계좌현황!F:F,INDEX($L$21:$L$95,MATCH(LARGE($N$21:$N$95,10),$N$21:$N$95,0))),"") -> 1061 | G30: =IFERROR(INDEX(계좌현황!K:K,INDEX($L$21:$L$95,MATCH(LARGE($N$21:$N$95,10),$N$21:$N$95,0))),0) -> 22376490 | H30: =IF($B$3=0,0,G30/$B$3) -> 0.030040122 | I30: =I29+H30 -> 0.56619691 | L30: 18 | M30: =계좌현황!K18 -> 42983000 | N30: =IF(M30="",-1E+99,M30*100000+(10000-L30)) -> 4298300009982
A31: 11 | B31: =IFERROR(INDEX(계좌현황!A:A,INDEX($L$21:$L$95,MATCH(LARGE($N$21:$N$95,11),$N$21:$N$95,0))),"") -> ISA | C31: =IFERROR(INDEX(계좌현황!C:C,INDEX($L$21:$L$95,MATCH(LARGE($N$21:$N$95,11),$N$21:$N$95,0))),"") -> 한국 | D31: =IFERROR(INDEX(계좌현황!D:D,INDEX($L$21:$L$95,MATCH(LARGE($N$21:$N$95,11),$N$21:$N$95,0))),"") -> 458760 | E31: =IFERROR(INDEX(계좌현황!E:E,INDEX($L$21:$L$95,MATCH(LARGE($N$21:$N$95,11),$N$21:$N$95,0))),"") -> TIGER 미배당다우커버드콜2호 | F31: =IFERROR(INDEX(계좌현황!F:F,INDEX($L$21:$L$95,MATCH(LARGE($N$21:$N$95,11),$N$21:$N$95,0))),"") -> 1964 | G31: =IFERROR(INDEX(계좌현황!K:K,INDEX($L$21:$L$95,MATCH(LARGE($N$21:$N$95,11),$N$21:$N$95,0))),0) -> 20818400 | H31: =IF($B$3=0,0,G31/$B$3) -> 0.027948408 | I31: =I30+H31 -> 0.59414532 | L31: 19 | M31: =계좌현황!K19 -> 17762150 | N31: =IF(M31="",-1E+99,M31*100000+(10000-L31)) -> 1776215009981
A32: 12 | B32: =IFERROR(INDEX(계좌현황!A:A,INDEX($L$21:$L$95,MATCH(LARGE($N$21:$N$95,12),$N$21:$N$95,0))),"") -> DC | C32: =IFERROR(INDEX(계좌현황!C:C,INDEX($L$21:$L$95,MATCH(LARGE($N$21:$N$95,12),$N$21:$N$95,0))),"") -> 한국 | D32: =IFERROR(INDEX(계좌현황!D:D,INDEX($L$21:$L$95,MATCH(LARGE($N$21:$N$95,12),$N$21:$N$95,0))),"") -> 468380 | E32: =IFERROR(INDEX(계좌현황!E:E,INDEX($L$21:$L$95,MATCH(LARGE($N$21:$N$95,12),$N$21:$N$95,0))),"") -> KODEX iShares미국하이일드액티브 | F32: =IFERROR(INDEX(계좌현황!F:F,INDEX($L$21:$L$95,MATCH(LARGE($N$21:$N$95,12),$N$21:$N$95,0))),"") -> 2000 | G32: =IFERROR(INDEX(계좌현황!K:K,INDEX($L$21:$L$95,MATCH(LARGE($N$21:$N$95,12),$N$21:$N$95,0))),0) -> 20310000 | H32: =IF($B$3=0,0,G32/$B$3) -> 0.027265888 | I32: =I31+H32 -> 0.62141121 | L32: 20 | M32: =계좌현황!K20 -> 22376490 | N32: =IF(M32="",-1E+99,M32*100000+(10000-L32)) -> 2237649009980
A33: 13 | B33: =IFERROR(INDEX(계좌현황!A:A,INDEX($L$21:$L$95,MATCH(LARGE($N$21:$N$95,13),$N$21:$N$95,0))),"") -> DC | C33: =IFERROR(INDEX(계좌현황!C:C,INDEX($L$21:$L$95,MATCH(LARGE($N$21:$N$95,13),$N$21:$N$95,0))),"") -> 한국 | D33: =IFERROR(INDEX(계좌현황!D:D,INDEX($L$21:$L$95,MATCH(LARGE($N$21:$N$95,13),$N$21:$N$95,0))),"") -> 329200 | E33: =IFERROR(INDEX(계좌현황!E:E,INDEX($L$21:$L$95,MATCH(LARGE($N$21:$N$95,13),$N$21:$N$95,0))),"") -> TIGER리츠부동산인프라 | F33: =IFERROR(INDEX(계좌현황!F:F,INDEX($L$21:$L$95,MATCH(LARGE($N$21:$N$95,13),$N$21:$N$95,0))),"") -> 5000 | G33: =IFERROR(INDEX(계좌현황!K:K,INDEX($L$21:$L$95,MATCH(LARGE($N$21:$N$95,13),$N$21:$N$95,0))),0) -> 20000000 | H33: =IF($B$3=0,0,G33/$B$3) -> 0.026849717 | I33: =I32+H33 -> 0.64826093 | L33: 21 | M33: =계좌현황!K21 -> 4723875 | N33: =IF(M33="",-1E+99,M33*100000+(10000-L33)) -> 472387509979
A34: 14 | B34: =IFERROR(INDEX(계좌현황!A:A,INDEX($L$21:$L$95,MATCH(LARGE($N$21:$N$95,14),$N$21:$N$95,0))),"") -> ISA | C34: =IFERROR(INDEX(계좌현황!C:C,INDEX($L$21:$L$95,MATCH(LARGE($N$21:$N$95,14),$N$21:$N$95,0))),"") -> 한국 | D34: =IFERROR(INDEX(계좌현황!D:D,INDEX($L$21:$L$95,MATCH(LARGE($N$21:$N$95,14),$N$21:$N$95,0))),"") -> 474220 | E34: =IFERROR(INDEX(계좌현황!E:E,INDEX($L$21:$L$95,MATCH(LARGE($N$21:$N$95,14),$N$21:$N$95,0))),"") -> TIGER미국테크TOP10커버드콜 | F34: =IFERROR(INDEX(계좌현황!F:F,INDEX($L$21:$L$95,MATCH(LARGE($N$21:$N$95,14),$N$21:$N$95,0))),"") -> 1350 | G34: =IFERROR(INDEX(계좌현황!K:K,INDEX($L$21:$L$95,MATCH(LARGE($N$21:$N$95,14),$N$21:$N$95,0))),0) -> 19500750 | H34: =IF($B$3=0,0,G34/$B$3) -> 0.026179481 | I34: =I33+H34 -> 0.67444041 | L34: 22 | M34: =계좌현황!K22 -> 9999730 | N34: =IF(M34="",-1E+99,M34*100000+(10000-L34)) -> 999973009978
A35: 15 | B35: =IFERROR(INDEX(계좌현황!A:A,INDEX($L$21:$L$95,MATCH(LARGE($N$21:$N$95,15),$N$21:$N$95,0))),"") -> 개인연금1 | C35: =IFERROR(INDEX(계좌현황!C:C,INDEX($L$21:$L$95,MATCH(LARGE($N$21:$N$95,15),$N$21:$N$95,0))),"") -> 한국 | D35: =IFERROR(INDEX(계좌현황!D:D,INDEX($L$21:$L$95,MATCH(LARGE($N$21:$N$95,15),$N$21:$N$95,0))),"") -> 446720 | E35: =IFERROR(INDEX(계좌현황!E:E,INDEX($L$21:$L$95,MATCH(LARGE($N$21:$N$95,15),$N$21:$N$95,0))),"") -> SOL 미국배당다우존스 | F35: =IFERROR(INDEX(계좌현황!F:F,INDEX($L$21:$L$95,MATCH(LARGE($N$21:$N$95,15),$N$21:$N$95,0))),"") -> 1330 | G35: =IFERROR(INDEX(계좌현황!K:K,INDEX($L$21:$L$95,MATCH(LARGE($N$21:$N$95,15),$N$21:$N$95,0))),0) -> 17762150 | H35: =IF($B$3=0,0,G35/$B$3) -> 0.023845435 | I35: =I34+H35 -> 0.69828584 | L35: 23 | M35: =계좌현황!K23 -> 5587985 | N35: =IF(M35="",-1E+99,M35*100000+(10000-L35)) -> 558798509977
A36: 16 | B36: =IFERROR(INDEX(계좌현황!A:A,INDEX($L$21:$L$95,MATCH(LARGE($N$21:$N$95,16),$N$21:$N$95,0))),"") -> DC | C36: =IFERROR(INDEX(계좌현황!C:C,INDEX($L$21:$L$95,MATCH(LARGE($N$21:$N$95,16),$N$21:$N$95,0))),"") -> 한국 | D36: =IFERROR(INDEX(계좌현황!D:D,INDEX($L$21:$L$95,MATCH(LARGE($N$21:$N$95,16),$N$21:$N$95,0))),"") -> 379810 | E36: =IFERROR(INDEX(계좌현황!E:E,INDEX($L$21:$L$95,MATCH(LARGE($N$21:$N$95,16),$N$21:$N$95,0))),"") -> KODEX 미국나스닥100 | F36: =IFERROR(INDEX(계좌현황!F:F,INDEX($L$21:$L$95,MATCH(LARGE($N$21:$N$95,16),$N$21:$N$95,0))),"") -> 523 | G36: =IFERROR(INDEX(계좌현황!K:K,INDEX($L$21:$L$95,MATCH(LARGE($N$21:$N$95,16),$N$21:$N$95,0))),0) -> 13454175 | H36: =IF($B$3=0,0,G36/$B$3) -> 0.01806204 | I36: =I35+H36 -> 0.71634788 | L36: 24 | M36: =계좌현황!K24 -> 24652950 | N36: =IF(M36="",-1E+99,M36*100000+(10000-L36)) -> 2465295009976
A37: 17 | B37: =IFERROR(INDEX(계좌현황!A:A,INDEX($L$21:$L$95,MATCH(LARGE($N$21:$N$95,17),$N$21:$N$95,0))),"") -> 은행예금 | C37: =IFERROR(INDEX(계좌현황!C:C,INDEX($L$21:$L$95,MATCH(LARGE($N$21:$N$95,17),$N$21:$N$95,0))),"") -> 0 | D37: =IFERROR(INDEX(계좌현황!D:D,INDEX($L$21:$L$95,MATCH(LARGE($N$21:$N$95,17),$N$21:$N$95,0))),"") -> 현금 | E37: =IFERROR(INDEX(계좌현황!E:E,INDEX($L$21:$L$95,MATCH(LARGE($N$21:$N$95,17),$N$21:$N$95,0))),"") -> 새마을 예금 | F37: =IFERROR(INDEX(계좌현황!F:F,INDEX($L$21:$L$95,MATCH(LARGE($N$21:$N$95,17),$N$21:$N$95,0))),"") -> 1 | G37: =IFERROR(INDEX(계좌현황!K:K,INDEX($L$21:$L$95,MATCH(LARGE($N$21:$N$95,17),$N$21:$N$95,0))),0) -> 13435000 | H37: =IF($B$3=0,0,G37/$B$3) -> 0.018036298 | I37: =I36+H37 -> 0.73438418 | L37: 25 | M37: =계좌현황!K25 -> 20818400 | N37: =IF(M37="",-1E+99,M37*100000+(10000-L37)) -> 2081840009975
A38: 18 | B38: =IFERROR(INDEX(계좌현황!A:A,INDEX($L$21:$L$95,MATCH(LARGE($N$21:$N$95,18),$N$21:$N$95,0))),"") -> 일반계좌 | C38: =IFERROR(INDEX(계좌현황!C:C,INDEX($L$21:$L$95,MATCH(LARGE($N$21:$N$95,18),$N$21:$N$95,0))),"") -> 한국 | D38: =IFERROR(INDEX(계좌현황!D:D,INDEX($L$21:$L$95,MATCH(LARGE($N$21:$N$95,18),$N$21:$N$95,0))),"") -> 005930 | E38: =IFERROR(INDEX(계좌현황!E:E,INDEX($L$21:$L$95,MATCH(LARGE($N$21:$N$95,18),$N$21:$N$95,0))),"") -> 삼성전자 | F38: =IFERROR(INDEX(계좌현황!F:F,INDEX($L$21:$L$95,MATCH(LARGE($N$21:$N$95,18),$N$21:$N$95,0))),"") -> 55 | G38: =IFERROR(INDEX(계좌현황!K:K,INDEX($L$21:$L$95,MATCH(LARGE($N$21:$N$95,18),$N$21:$N$95,0))),0) -> 11797500 | H38: =IF($B$3=0,0,G38/$B$3) -> 0.015837977 | I38: =I37+H38 -> 0.75022216 | L38: 26 | M38: =계좌현황!K26 -> 19500750 | N38: =IF(M38="",-1E+99,M38*100000+(10000-L38)) -> 1950075009974
A39: 19 | B39: =IFERROR(INDEX(계좌현황!A:A,INDEX($L$21:$L$95,MATCH(LARGE($N$21:$N$95,19),$N$21:$N$95,0))),"") -> IRP | C39: =IFERROR(INDEX(계좌현황!C:C,INDEX($L$21:$L$95,MATCH(LARGE($N$21:$N$95,19),$N$21:$N$95,0))),"") -> 한국 | D39: =IFERROR(INDEX(계좌현황!D:D,INDEX($L$21:$L$95,MATCH(LARGE($N$21:$N$95,19),$N$21:$N$95,0))),"") -> 438100 | E39: =IFERROR(INDEX(계좌현황!E:E,INDEX($L$21:$L$95,MATCH(LARGE($N$21:$N$95,19),$N$21:$N$95,0))),"") -> ACE미국나스닥100미국채혼합50액티브 | F39: =IFERROR(INDEX(계좌현황!F:F,INDEX($L$21:$L$95,MATCH(LARGE($N$21:$N$95,19),$N$21:$N$95,0))),"") -> 794 | G39: =IFERROR(INDEX(계좌현황!K:K,INDEX($L$21:$L$95,MATCH(LARGE($N$21:$N$95,19),$N$21:$N$95,0))),0) -> 11560640 | H39: =IF($B$3=0,0,G39/$B$3) -> 0.015519996 | I39: =I38+H39 -> 0.76574215 | L39: 27 | M39: =계좌현황!K27 -> 8381625 | N39: =IF(M39="",-1E+99,M39*100000+(10000-L39)) -> 838162509973
A40: 20 | B40: =IFERROR(INDEX(계좌현황!A:A,INDEX($L$21:$L$95,MATCH(LARGE($N$21:$N$95,20),$N$21:$N$95,0))),"") -> 일반계좌 | C40: =IFERROR(INDEX(계좌현황!C:C,INDEX($L$21:$L$95,MATCH(LARGE($N$21:$N$95,20),$N$21:$N$95,0))),"") -> 한국 | D40: =IFERROR(INDEX(계좌현황!D:D,INDEX($L$21:$L$95,MATCH(LARGE($N$21:$N$95,20),$N$21:$N$95,0))),"") -> 498400 | E40: =IFERROR(INDEX(계좌현황!E:E,INDEX($L$21:$L$95,MATCH(LARGE($N$21:$N$95,20),$N$21:$N$95,0))),"") -> KODEX 200타켓위클리커버드콜 | F40: =IFERROR(INDEX(계좌현황!F:F,INDEX($L$21:$L$95,MATCH(LARGE($N$21:$N$95,20),$N$21:$N$95,0))),"") -> 704 | G40: =IFERROR(INDEX(계좌현황!K:K,INDEX($L$21:$L$95,MATCH(LARGE($N$21:$N$95,20),$N$21:$N$95,0))),0) -> 11267520 | H40: =IF($B$3=0,0,G40/$B$3) -> 0.015126486 | I40: =I39+H40 -> 0.78086864 | L40: 28 | M40: =계좌현황!K28 -> 7228800 | N40: =IF(M40="",-1E+99,M40*100000+(10000-L40)) -> 722880009972
A41: 21 | B41: =IFERROR(INDEX(계좌현황!A:A,INDEX($L$21:$L$95,MATCH(LARGE($N$21:$N$95,21),$N$21:$N$95,0))),"") -> 개인연금2 | C41: =IFERROR(INDEX(계좌현황!C:C,INDEX($L$21:$L$95,MATCH(LARGE($N$21:$N$95,21),$N$21:$N$95,0))),"") -> 한국 | D41: =IFERROR(INDEX(계좌현황!D:D,INDEX($L$21:$L$95,MATCH(LARGE($N$21:$N$95,21),$N$21:$N$95,0))),"") -> 367380 | E41: =IFERROR(INDEX(계좌현황!E:E,INDEX($L$21:$L$95,MATCH(LARGE($N$21:$N$95,21),$N$21:$N$95,0))),"") -> ACE 미국나스닥100 | F41: =IFERROR(INDEX(계좌현황!F:F,INDEX($L$21:$L$95,MATCH(LARGE($N$21:$N$95,21),$N$21:$N$95,0))),"") -> 338 | G41: =IFERROR(INDEX(계좌현황!K:K,INDEX($L$21:$L$95,MATCH(LARGE($N$21:$N$95,21),$N$21:$N$95,0))),0) -> 9999730 | H41: =IF($B$3=0,0,G41/$B$3) -> 0.013424496 | I41: =I40+H41 -> 0.79429314 | L41: 29 | M41: =계좌현황!K29 -> 3699200 | N41: =IF(M41="",-1E+99,M41*100000+(10000-L41)) -> 369920009971
A42: 22 | B42: =IFERROR(INDEX(계좌현황!A:A,INDEX($L$21:$L$95,MATCH(LARGE($N$21:$N$95,22),$N$21:$N$95,0))),"") -> IRP | C42: =IFERROR(INDEX(계좌현황!C:C,INDEX($L$21:$L$95,MATCH(LARGE($N$21:$N$95,22),$N$21:$N$95,0))),"") -> 한국 | D42: =IFERROR(INDEX(계좌현황!D:D,INDEX($L$21:$L$95,MATCH(LARGE($N$21:$N$95,22),$N$21:$N$95,0))),"") -> 133690 | E42: =IFERROR(INDEX(계좌현황!E:E,INDEX($L$21:$L$95,MATCH(LARGE($N$21:$N$95,22),$N$21:$N$95,0))),"") -> TIGER 미국나스닥100 | F42: =IFERROR(INDEX(계좌현황!F:F,INDEX($L$21:$L$95,MATCH(LARGE($N$21:$N$95,22),$N$21:$N$95,0))),"") -> 57 | G42: =IFERROR(INDEX(계좌현황!K:K,INDEX($L$21:$L$95,MATCH(LARGE($N$21:$N$95,22),$N$21:$N$95,0))),0) -> 9804000 | H42: =IF($B$3=0,0,G42/$B$3) -> 0.013161731 | I42: =I41+H42 -> 0.80745487 | L42: 30 | M42: =계좌현황!K30 -> 3746655 | N42: =IF(M42="",-1E+99,M42*100000+(10000-L42)) -> 374665509970
A43: 23 | B43: =IFERROR(INDEX(계좌현황!A:A,INDEX($L$21:$L$95,MATCH(LARGE($N$21:$N$95,23),$N$21:$N$95,0))),"") -> IRP | C43: =IFERROR(INDEX(계좌현황!C:C,INDEX($L$21:$L$95,MATCH(LARGE($N$21:$N$95,23),$N$21:$N$95,0))),"") -> 한국 | D43: =IFERROR(INDEX(계좌현황!D:D,INDEX($L$21:$L$95,MATCH(LARGE($N$21:$N$95,23),$N$21:$N$95,0))),"") -> 381170 | E43: =IFERROR(INDEX(계좌현황!E:E,INDEX($L$21:$L$95,MATCH(LARGE($N$21:$N$95,23),$N$21:$N$95,0))),"") -> TIGER 미국테크TOP10 INDXX | F43: =IFERROR(INDEX(계좌현황!F:F,INDEX($L$21:$L$95,MATCH(LARGE($N$21:$N$95,23),$N$21:$N$95,0))),"") -> 323 | G43: =IFERROR(INDEX(계좌현황!K:K,INDEX($L$21:$L$95,MATCH(LARGE($N$21:$N$95,23),$N$21:$N$95,0))),0) -> 9725530 | H43: =IF($B$3=0,0,G43/$B$3) -> 0.013056387 | I43: =I42+H43 -> 0.82051126 | L43: 31 | M43: =계좌현황!K31 -> 5579600 | N43: =IF(M43="",-1E+99,M43*100000+(10000-L43)) -> 557960009969
A44: 24 | B44: =IFERROR(INDEX(계좌현황!A:A,INDEX($L$21:$L$95,MATCH(LARGE($N$21:$N$95,24),$N$21:$N$95,0))),"") -> 일반계좌 | C44: =IFERROR(INDEX(계좌현황!C:C,INDEX($L$21:$L$95,MATCH(LARGE($N$21:$N$95,24),$N$21:$N$95,0))),"") -> 한국 | D44: =IFERROR(INDEX(계좌현황!D:D,INDEX($L$21:$L$95,MATCH(LARGE($N$21:$N$95,24),$N$21:$N$95,0))),"") -> 005930 | E44: =IFERROR(INDEX(계좌현황!E:E,INDEX($L$21:$L$95,MATCH(LARGE($N$21:$N$95,24),$N$21:$N$95,0))),"") -> 삼성전자 | F44: =IFERROR(INDEX(계좌현황!F:F,INDEX($L$21:$L$95,MATCH(LARGE($N$21:$N$95,24),$N$21:$N$95,0))),"") -> 44 | G44: =IFERROR(INDEX(계좌현황!K:K,INDEX($L$21:$L$95,MATCH(LARGE($N$21:$N$95,24),$N$21:$N$95,0))),0) -> 9438000 | H44: =IF($B$3=0,0,G44/$B$3) -> 0.012670382 | I44: =I43+H44 -> 0.83318164 | L44: 32 | M44: =계좌현황!K32 -> 2082600 | N44: =IF(M44="",-1E+99,M44*100000+(10000-L44)) -> 208260009968
A45: 25 | B45: =IFERROR(INDEX(계좌현황!A:A,INDEX($L$21:$L$95,MATCH(LARGE($N$21:$N$95,25),$N$21:$N$95,0))),"") -> 일반계좌2 | C45: =IFERROR(INDEX(계좌현황!C:C,INDEX($L$21:$L$95,MATCH(LARGE($N$21:$N$95,25),$N$21:$N$95,0))),"") -> 미국 | D45: =IFERROR(INDEX(계좌현황!D:D,INDEX($L$21:$L$95,MATCH(LARGE($N$21:$N$95,25),$N$21:$N$95,0))),"") -> QLD | E45: =IFERROR(INDEX(계좌현황!E:E,INDEX($L$21:$L$95,MATCH(LARGE($N$21:$N$95,25),$N$21:$N$95,0))),"") -> QLD | F45: =IFERROR(INDEX(계좌현황!F:F,INDEX($L$21:$L$95,MATCH(LARGE($N$21:$N$95,25),$N$21:$N$95,0))),"") -> 78 | G45: =IFERROR(INDEX(계좌현황!K:K,INDEX($L$21:$L$95,MATCH(LARGE($N$21:$N$95,25),$N$21:$N$95,0))),0) -> 9134348.6 | H45: =IF($B$3=0,0,G45/$B$3) -> 0.012262734 | I45: =I44+H45 -> 0.84544437 | L45: 33 | M45: =계좌현황!K33 -> 1736240 | N45: =IF(M45="",-1E+99,M45*100000+(10000-L45)) -> 173624009967
A46: 26 | B46: =IFERROR(INDEX(계좌현황!A:A,INDEX($L$21:$L$95,MATCH(LARGE($N$21:$N$95,26),$N$21:$N$95,0))),"") -> 일반계좌 | C46: =IFERROR(INDEX(계좌현황!C:C,INDEX($L$21:$L$95,MATCH(LARGE($N$21:$N$95,26),$N$21:$N$95,0))),"") -> 한국 | D46: =IFERROR(INDEX(계좌현황!D:D,INDEX($L$21:$L$95,MATCH(LARGE($N$21:$N$95,26),$N$21:$N$95,0))),"") -> 0219E0 | E46: =IFERROR(INDEX(계좌현황!E:E,INDEX($L$21:$L$95,MATCH(LARGE($N$21:$N$95,26),$N$21:$N$95,0))),"") -> KODEX 200커버드콜액티브 | F46: =IFERROR(INDEX(계좌현황!F:F,INDEX($L$21:$L$95,MATCH(LARGE($N$21:$N$95,26),$N$21:$N$95,0))),"") -> 1312 | G46: =IFERROR(INDEX(계좌현황!K:K,INDEX($L$21:$L$95,MATCH(LARGE($N$21:$N$95,26),$N$21:$N$95,0))),0) -> 8587040 | H46: =IF($B$3=0,0,G46/$B$3) -> 0.01152798 | I46: =I45+H46 -> 0.85697235 | L46: 34 | M46: =계좌현황!K34 -> 1020500 | N46: =IF(M46="",-1E+99,M46*100000+(10000-L46)) -> 102050009966
A47: 27 | B47: =IFERROR(INDEX(계좌현황!A:A,INDEX($L$21:$L$95,MATCH(LARGE($N$21:$N$95,27),$N$21:$N$95,0))),"") -> 일반계좌 | C47: =IFERROR(INDEX(계좌현황!C:C,INDEX($L$21:$L$95,MATCH(LARGE($N$21:$N$95,27),$N$21:$N$95,0))),"") -> 미국 | D47: =IFERROR(INDEX(계좌현황!D:D,INDEX($L$21:$L$95,MATCH(LARGE($N$21:$N$95,27),$N$21:$N$95,0))),"") -> TSLA | E47: =IFERROR(INDEX(계좌현황!E:E,INDEX($L$21:$L$95,MATCH(LARGE($N$21:$N$95,27),$N$21:$N$95,0))),"") -> 테슬라 | F47: =IFERROR(INDEX(계좌현황!F:F,INDEX($L$21:$L$95,MATCH(LARGE($N$21:$N$95,27),$N$21:$N$95,0))),"") -> 17 | G47: =IFERROR(INDEX(계좌현황!K:K,INDEX($L$21:$L$95,MATCH(LARGE($N$21:$N$95,27),$N$21:$N$95,0))),0) -> 8572266.4 | H47: =IF($B$3=0,0,G47/$B$3) -> 0.011508146 | I47: =I46+H47 -> 0.8684805 | L47: 35 | M47: =계좌현황!K35 -> 964045 | N47: =IF(M47="",-1E+99,M47*100000+(10000-L47)) -> 96404509965
A48: 28 | B48: =IFERROR(INDEX(계좌현황!A:A,INDEX($L$21:$L$95,MATCH(LARGE($N$21:$N$95,28),$N$21:$N$95,0))),"") -> ISA | C48: =IFERROR(INDEX(계좌현황!C:C,INDEX($L$21:$L$95,MATCH(LARGE($N$21:$N$95,28),$N$21:$N$95,0))),"") -> 한국 | D48: =IFERROR(INDEX(계좌현황!D:D,INDEX($L$21:$L$95,MATCH(LARGE($N$21:$N$95,28),$N$21:$N$95,0))),"") -> 457480 | E48: =IFERROR(INDEX(계좌현황!E:E,INDEX($L$21:$L$95,MATCH(LARGE($N$21:$N$95,28),$N$21:$N$95,0))),"") -> ACE테슬라밸류체인액티브 | F48: =IFERROR(INDEX(계좌현황!F:F,INDEX($L$21:$L$95,MATCH(LARGE($N$21:$N$95,28),$N$21:$N$95,0))),"") -> 515 | G48: =IFERROR(INDEX(계좌현황!K:K,INDEX($L$21:$L$95,MATCH(LARGE($N$21:$N$95,28),$N$21:$N$95,0))),0) -> 8381625 | H48: =IF($B$3=0,0,G48/$B$3) -> 0.011252213 | I48: =I47+H48 -> 0.87973271 | L48: 36 | M48: =계좌현황!K36 -> 11797500 | N48: =IF(M48="",-1E+99,M48*100000+(10000-L48)) -> 1179750009964
A49: 29 | B49: =IFERROR(INDEX(계좌현황!A:A,INDEX($L$21:$L$95,MATCH(LARGE($N$21:$N$95,29),$N$21:$N$95,0))),"") -> IRP | C49: =IFERROR(INDEX(계좌현황!C:C,INDEX($L$21:$L$95,MATCH(LARGE($N$21:$N$95,29),$N$21:$N$95,0))),"") -> 한국 | D49: =IFERROR(INDEX(계좌현황!D:D,INDEX($L$21:$L$95,MATCH(LARGE($N$21:$N$95,29),$N$21:$N$95,0))),"") -> 433330 | E49: =IFERROR(INDEX(계좌현황!E:E,INDEX($L$21:$L$95,MATCH(LARGE($N$21:$N$95,29),$N$21:$N$95,0))),"") -> SOL 미국 S&P500 | F49: =IFERROR(INDEX(계좌현황!F:F,INDEX($L$21:$L$95,MATCH(LARGE($N$21:$N$95,29),$N$21:$N$95,0))),"") -> 376 | G49: =IFERROR(INDEX(계좌현황!K:K,INDEX($L$21:$L$95,MATCH(LARGE($N$21:$N$95,29),$N$21:$N$95,0))),0) -> 7929840 | H49: =IF($B$3=0,0,G49/$B$3) -> 0.010645698 | I49: =I48+H49 -> 0.89037841 | L49: 37 | M49: =계좌현황!K37 -> 9438000 | N49: =IF(M49="",-1E+99,M49*100000+(10000-L49)) -> 943800009963
A50: 30 | B50: =IFERROR(INDEX(계좌현황!A:A,INDEX($L$21:$L$95,MATCH(LARGE($N$21:$N$95,30),$N$21:$N$95,0))),"") -> 일반계좌 | C50: =IFERROR(INDEX(계좌현황!C:C,INDEX($L$21:$L$95,MATCH(LARGE($N$21:$N$95,30),$N$21:$N$95,0))),"") -> 미국 | D50: =IFERROR(INDEX(계좌현황!D:D,INDEX($L$21:$L$95,MATCH(LARGE($N$21:$N$95,30),$N$21:$N$95,0))),"") -> QLD | E50: =IFERROR(INDEX(계좌현황!E:E,INDEX($L$21:$L$95,MATCH(LARGE($N$21:$N$95,30),$N$21:$N$95,0))),"") -> QLD | F50: =IFERROR(INDEX(계좌현황!F:F,INDEX($L$21:$L$95,MATCH(LARGE($N$21:$N$95,30),$N$21:$N$95,0))),"") -> 62 | G50: =IFERROR(INDEX(계좌현황!K:K,INDEX($L$21:$L$95,MATCH(LARGE($N$21:$N$95,30),$N$21:$N$95,0))),0) -> 7260636.1 | H50: =IF($B$3=0,0,G50/$B$3) -> 0.0097473013 | I50: =I49+H50 -> 0.90012571 | L50: 38 | M50: =계좌현황!K38 -> 11267520 | N50: =IF(M50="",-1E+99,M50*100000+(10000-L50)) -> 1126752009962
A51: 31 | B51: =IFERROR(INDEX(계좌현황!A:A,INDEX($L$21:$L$95,MATCH(LARGE($N$21:$N$95,31),$N$21:$N$95,0))),"") -> ISA | C51: =IFERROR(INDEX(계좌현황!C:C,INDEX($L$21:$L$95,MATCH(LARGE($N$21:$N$95,31),$N$21:$N$95,0))),"") -> 한국 | D51: =IFERROR(INDEX(계좌현황!D:D,INDEX($L$21:$L$95,MATCH(LARGE($N$21:$N$95,31),$N$21:$N$95,0))),"") -> 473330 | E51: =IFERROR(INDEX(계좌현황!E:E,INDEX($L$21:$L$95,MATCH(LARGE($N$21:$N$95,31),$N$21:$N$95,0))),"") -> SOL 미국 30년국채커버드콜(합성) | F51: =IFERROR(INDEX(계좌현황!F:F,INDEX($L$21:$L$95,MATCH(LARGE($N$21:$N$95,31),$N$21:$N$95,0))),"") -> 960 | G51: =IFERROR(INDEX(계좌현황!K:K,INDEX($L$21:$L$95,MATCH(LARGE($N$21:$N$95,31),$N$21:$N$95,0))),0) -> 7228800 | H51: =IF($B$3=0,0,G51/$B$3) -> 0.0097045619 | I51: =I50+H51 -> 0.90983027 | L51: 39 | M51: =계좌현황!K39 -> 8572266.4 | N51: =IF(M51="",-1E+99,M51*100000+(10000-L51)) -> 8.5722665e+11
A52: 32 | B52: =IFERROR(INDEX(계좌현황!A:A,INDEX($L$21:$L$95,MATCH(LARGE($N$21:$N$95,32),$N$21:$N$95,0))),"") -> 개인연금2 | C52: =IFERROR(INDEX(계좌현황!C:C,INDEX($L$21:$L$95,MATCH(LARGE($N$21:$N$95,32),$N$21:$N$95,0))),"") -> 한국 | D52: =IFERROR(INDEX(계좌현황!D:D,INDEX($L$21:$L$95,MATCH(LARGE($N$21:$N$95,32),$N$21:$N$95,0))),"") -> 360750 | E52: =IFERROR(INDEX(계좌현황!E:E,INDEX($L$21:$L$95,MATCH(LARGE($N$21:$N$95,32),$N$21:$N$95,0))),"") -> TIGER미국S&P500 | F52: =IFERROR(INDEX(계좌현황!F:F,INDEX($L$21:$L$95,MATCH(LARGE($N$21:$N$95,32),$N$21:$N$95,0))),"") -> 221 | G52: =IFERROR(INDEX(계좌현황!K:K,INDEX($L$21:$L$95,MATCH(LARGE($N$21:$N$95,32),$N$21:$N$95,0))),0) -> 5587985 | H52: =IF($B$3=0,0,G52/$B$3) -> 0.0075017909 | I52: =I51+H52 -> 0.91733206 | L52: 40 | M52: =계좌현황!K40 -> 3932134 | N52: =IF(M52="",-1E+99,M52*100000+(10000-L52)) -> 3.9321341e+11
A53: 33 | B53: =IFERROR(INDEX(계좌현황!A:A,INDEX($L$21:$L$95,MATCH(LARGE($N$21:$N$95,33),$N$21:$N$95,0))),"") -> ISA | C53: =IFERROR(INDEX(계좌현황!C:C,INDEX($L$21:$L$95,MATCH(LARGE($N$21:$N$95,33),$N$21:$N$95,0))),"") -> 한국 | D53: =IFERROR(INDEX(계좌현황!D:D,INDEX($L$21:$L$95,MATCH(LARGE($N$21:$N$95,33),$N$21:$N$95,0))),"") -> 0072R0 | E53: =IFERROR(INDEX(계좌현황!E:E,INDEX($L$21:$L$95,MATCH(LARGE($N$21:$N$95,33),$N$21:$N$95,0))),"") -> TIGER KRX금현물 | F53: =IFERROR(INDEX(계좌현황!F:F,INDEX($L$21:$L$95,MATCH(LARGE($N$21:$N$95,33),$N$21:$N$95,0))),"") -> 481 | G53: =IFERROR(INDEX(계좌현황!K:K,INDEX($L$21:$L$95,MATCH(LARGE($N$21:$N$95,33),$N$21:$N$95,0))),0) -> 5579600 | H53: =IF($B$3=0,0,G53/$B$3) -> 0.0074905342 | I53: =I52+H53 -> 0.9248226 | L53: 41 | M53: =계좌현황!K41 -> 3851688.2 | N53: =IF(M53="",-1E+99,M53*100000+(10000-L53)) -> 3.8516883e+11
A54: 34 | B54: =IFERROR(INDEX(계좌현황!A:A,INDEX($L$21:$L$95,MATCH(LARGE($N$21:$N$95,34),$N$21:$N$95,0))),"") -> 개인연금1 | C54: =IFERROR(INDEX(계좌현황!C:C,INDEX($L$21:$L$95,MATCH(LARGE($N$21:$N$95,34),$N$21:$N$95,0))),"") -> 한국 | D54: =IFERROR(INDEX(계좌현황!D:D,INDEX($L$21:$L$95,MATCH(LARGE($N$21:$N$95,34),$N$21:$N$95,0))),"") -> 482730 | E54: =IFERROR(INDEX(계좌현황!E:E,INDEX($L$21:$L$95,MATCH(LARGE($N$21:$N$95,34),$N$21:$N$95,0))),"") -> 미국S&P500타겟데일리커버드콜 | F54: =IFERROR(INDEX(계좌현황!F:F,INDEX($L$21:$L$95,MATCH(LARGE($N$21:$N$95,34),$N$21:$N$95,0))),"") -> 425 | G54: =IFERROR(INDEX(계좌현황!K:K,INDEX($L$21:$L$95,MATCH(LARGE($N$21:$N$95,34),$N$21:$N$95,0))),0) -> 4723875 | H54: =IF($B$3=0,0,G54/$B$3) -> 0.0063417354 | I54: =I53+H54 -> 0.93116433 | L54: 42 | M54: =계좌현황!K42 -> 4120694.5 | N54: =IF(M54="",-1E+99,M54*100000+(10000-L54)) -> 4.1206946e+11
A55: 35 | B55: =IFERROR(INDEX(계좌현황!A:A,INDEX($L$21:$L$95,MATCH(LARGE($N$21:$N$95,35),$N$21:$N$95,0))),"") -> 일반계좌 | C55: =IFERROR(INDEX(계좌현황!C:C,INDEX($L$21:$L$95,MATCH(LARGE($N$21:$N$95,35),$N$21:$N$95,0))),"") -> 미국 | D55: =IFERROR(INDEX(계좌현황!D:D,INDEX($L$21:$L$95,MATCH(LARGE($N$21:$N$95,35),$N$21:$N$95,0))),"") -> AAPL | E55: =IFERROR(INDEX(계좌현황!E:E,INDEX($L$21:$L$95,MATCH(LARGE($N$21:$N$95,35),$N$21:$N$95,0))),"") -> 애플 | F55: =IFERROR(INDEX(계좌현황!F:F,INDEX($L$21:$L$95,MATCH(LARGE($N$21:$N$95,35),$N$21:$N$95,0))),"") -> 9 | G55: =IFERROR(INDEX(계좌현황!K:K,INDEX($L$21:$L$95,MATCH(LARGE($N$21:$N$95,35),$N$21:$N$95,0))),0) -> 4120694.5 | H55: =IF($B$3=0,0,G55/$B$3) -> 0.0055319742 | I55: =I54+H55 -> 0.93669631 | L55: 43 | M55: =계좌현황!K43 -> 3553150 | N55: =IF(M55="",-1E+99,M55*100000+(10000-L55)) -> 355315009957
A56: 36 | B56: =IFERROR(INDEX(계좌현황!A:A,INDEX($L$21:$L$95,MATCH(LARGE($N$21:$N$95,36),$N$21:$N$95,0))),"") -> 일반계좌 | C56: =IFERROR(INDEX(계좌현황!C:C,INDEX($L$21:$L$95,MATCH(LARGE($N$21:$N$95,36),$N$21:$N$95,0))),"") -> 미국 | D56: =IFERROR(INDEX(계좌현황!D:D,INDEX($L$21:$L$95,MATCH(LARGE($N$21:$N$95,36),$N$21:$N$95,0))),"") -> O | E56: =IFERROR(INDEX(계좌현황!E:E,INDEX($L$21:$L$95,MATCH(LARGE($N$21:$N$95,36),$N$21:$N$95,0))),"") -> 리얼티인컴 | F56: =IFERROR(INDEX(계좌현황!F:F,INDEX($L$21:$L$95,MATCH(LARGE($N$21:$N$95,36),$N$21:$N$95,0))),"") -> 53 | G56: =IFERROR(INDEX(계좌현황!K:K,INDEX($L$21:$L$95,MATCH(LARGE($N$21:$N$95,36),$N$21:$N$95,0))),0) -> 3932134 | H56: =IF($B$3=0,0,G56/$B$3) -> 0.0052788343 | I56: =I55+H56 -> 0.94197514 | L56: 44 | M56: =계좌현황!K44 -> 3164400 | N56: =IF(M56="",-1E+99,M56*100000+(10000-L56)) -> 316440009956
A57: 37 | B57: =IFERROR(INDEX(계좌현황!A:A,INDEX($L$21:$L$95,MATCH(LARGE($N$21:$N$95,37),$N$21:$N$95,0))),"") -> 일반계좌 | C57: =IFERROR(INDEX(계좌현황!C:C,INDEX($L$21:$L$95,MATCH(LARGE($N$21:$N$95,37),$N$21:$N$95,0))),"") -> 미국 | D57: =IFERROR(INDEX(계좌현황!D:D,INDEX($L$21:$L$95,MATCH(LARGE($N$21:$N$95,37),$N$21:$N$95,0))),"") -> IONQ | E57: =IFERROR(INDEX(계좌현황!E:E,INDEX($L$21:$L$95,MATCH(LARGE($N$21:$N$95,37),$N$21:$N$95,0))),"") -> 아이온큐 | F57: =IFERROR(INDEX(계좌현황!F:F,INDEX($L$21:$L$95,MATCH(LARGE($N$21:$N$95,37),$N$21:$N$95,0))),"") -> 91 | G57: =IFERROR(INDEX(계좌현황!K:K,INDEX($L$21:$L$95,MATCH(LARGE($N$21:$N$95,37),$N$21:$N$95,0))),0) -> 3851688.2 | H57: =IF($B$3=0,0,G57/$B$3) -> 0.005170837 | I57: =I56+H57 -> 0.94714598 | L57: 45 | M57: =계좌현황!K45 -> 7260636.1 | N57: =IF(M57="",-1E+99,M57*100000+(10000-L57)) -> 7.2606362e+11
A58: 38 | B58: =IFERROR(INDEX(계좌현황!A:A,INDEX($L$21:$L$95,MATCH(LARGE($N$21:$N$95,38),$N$21:$N$95,0))),"") -> ISA | C58: =IFERROR(INDEX(계좌현황!C:C,INDEX($L$21:$L$95,MATCH(LARGE($N$21:$N$95,38),$N$21:$N$95,0))),"") -> 한국 | D58: =IFERROR(INDEX(계좌현황!D:D,INDEX($L$21:$L$95,MATCH(LARGE($N$21:$N$95,38),$N$21:$N$95,0))),"") -> 498270 | E58: =IFERROR(INDEX(계좌현황!E:E,INDEX($L$21:$L$95,MATCH(LARGE($N$21:$N$95,38),$N$21:$N$95,0))),"") -> KIWOOM 미국양자컴퓨팅 | F58: =IFERROR(INDEX(계좌현황!F:F,INDEX($L$21:$L$95,MATCH(LARGE($N$21:$N$95,38),$N$21:$N$95,0))),"") -> 297 | G58: =IFERROR(INDEX(계좌현황!K:K,INDEX($L$21:$L$95,MATCH(LARGE($N$21:$N$95,38),$N$21:$N$95,0))),0) -> 3746655 | H58: =IF($B$3=0,0,G58/$B$3) -> 0.0050298314 | I58: =I57+H58 -> 0.95217581 | L58: 46 | M58: =계좌현황!K46 -> 9134348.6 | N58: =IF(M58="",-1E+99,M58*100000+(10000-L58)) -> 9.1343487e+11
A59: 39 | B59: =IFERROR(INDEX(계좌현황!A:A,INDEX($L$21:$L$95,MATCH(LARGE($N$21:$N$95,39),$N$21:$N$95,0))),"") -> ISA | C59: =IFERROR(INDEX(계좌현황!C:C,INDEX($L$21:$L$95,MATCH(LARGE($N$21:$N$95,39),$N$21:$N$95,0))),"") -> 한국 | D59: =IFERROR(INDEX(계좌현황!D:D,INDEX($L$21:$L$95,MATCH(LARGE($N$21:$N$95,39),$N$21:$N$95,0))),"") -> 000270 | E59: =IFERROR(INDEX(계좌현황!E:E,INDEX($L$21:$L$95,MATCH(LARGE($N$21:$N$95,39),$N$21:$N$95,0))),"") -> 기아 | F59: =IFERROR(INDEX(계좌현황!F:F,INDEX($L$21:$L$95,MATCH(LARGE($N$21:$N$95,39),$N$21:$N$95,0))),"") -> 34 | G59: =IFERROR(INDEX(계좌현황!K:K,INDEX($L$21:$L$95,MATCH(LARGE($N$21:$N$95,39),$N$21:$N$95,0))),0) -> 3699200 | H59: =IF($B$3=0,0,G59/$B$3) -> 0.0049661237 | I59: =I58+H59 -> 0.95714193 | L59: 47 | M59: =계좌현황!K47 -> 1898400 | N59: =IF(M59="",-1E+99,M59*100000+(10000-L59)) -> 189840009953
A60: 40 | B60: =IFERROR(INDEX(계좌현황!A:A,INDEX($L$21:$L$95,MATCH(LARGE($N$21:$N$95,40),$N$21:$N$95,0))),"") -> 일반계좌 | C60: =IFERROR(INDEX(계좌현황!C:C,INDEX($L$21:$L$95,MATCH(LARGE($N$21:$N$95,40),$N$21:$N$95,0))),"") -> 한국 | D60: =IFERROR(INDEX(계좌현황!D:D,INDEX($L$21:$L$95,MATCH(LARGE($N$21:$N$95,40),$N$21:$N$95,0))),"") -> 024110 | E60: =IFERROR(INDEX(계좌현황!E:E,INDEX($L$21:$L$95,MATCH(LARGE($N$21:$N$95,40),$N$21:$N$95,0))),"") -> 기업은행 | F60: =IFERROR(INDEX(계좌현황!F:F,INDEX($L$21:$L$95,MATCH(LARGE($N$21:$N$95,40),$N$21:$N$95,0))),"") -> 179 | G60: =IFERROR(INDEX(계좌현황!K:K,INDEX($L$21:$L$95,MATCH(LARGE($N$21:$N$95,40),$N$21:$N$95,0))),0) -> 3553150 | H60: =IF($B$3=0,0,G60/$B$3) -> 0.0047700537 | I60: =I59+H60 -> 0.96191199 | L60: 48 | M60: =계좌현황!K48 -> 0 | N60: =IF(M60="",-1E+99,M60*100000+(10000-L60)) -> 9952
A61: 41 | B61: =IFERROR(INDEX(계좌현황!A:A,INDEX($L$21:$L$95,MATCH(LARGE($N$21:$N$95,41),$N$21:$N$95,0))),"") -> 일반계좌 | C61: =IFERROR(INDEX(계좌현황!C:C,INDEX($L$21:$L$95,MATCH(LARGE($N$21:$N$95,41),$N$21:$N$95,0))),"") -> 한국 | D61: =IFERROR(INDEX(계좌현황!D:D,INDEX($L$21:$L$95,MATCH(LARGE($N$21:$N$95,41),$N$21:$N$95,0))),"") -> 352820 | E61: =IFERROR(INDEX(계좌현황!E:E,INDEX($L$21:$L$95,MATCH(LARGE($N$21:$N$95,41),$N$21:$N$95,0))),"") -> 하이브 | F61: =IFERROR(INDEX(계좌현황!F:F,INDEX($L$21:$L$95,MATCH(LARGE($N$21:$N$95,41),$N$21:$N$95,0))),"") -> 18 | G61: =IFERROR(INDEX(계좌현황!K:K,INDEX($L$21:$L$95,MATCH(LARGE($N$21:$N$95,41),$N$21:$N$95,0))),0) -> 3164400 | H61: =IF($B$3=0,0,G61/$B$3) -> 0.0042481623 | I61: =I60+H61 -> 0.96616015 | L61: 49 | M61: =계좌현황!K49 -> 8587040 | N61: =IF(M61="",-1E+99,M61*100000+(10000-L61)) -> 858704009951
A62: 42 | B62: =IFERROR(INDEX(계좌현황!A:A,INDEX($L$21:$L$95,MATCH(LARGE($N$21:$N$95,42),$N$21:$N$95,0))),"") -> ISA | C62: =IFERROR(INDEX(계좌현황!C:C,INDEX($L$21:$L$95,MATCH(LARGE($N$21:$N$95,42),$N$21:$N$95,0))),"") -> 한국 | D62: =IFERROR(INDEX(계좌현황!D:D,INDEX($L$21:$L$95,MATCH(LARGE($N$21:$N$95,42),$N$21:$N$95,0))),"") -> 005389 | E62: =IFERROR(INDEX(계좌현황!E:E,INDEX($L$21:$L$95,MATCH(LARGE($N$21:$N$95,42),$N$21:$N$95,0))),"") -> 현대차3우B | F62: =IFERROR(INDEX(계좌현황!F:F,INDEX($L$21:$L$95,MATCH(LARGE($N$21:$N$95,42),$N$21:$N$95,0))),"") -> 13 | G62: =IFERROR(INDEX(계좌현황!K:K,INDEX($L$21:$L$95,MATCH(LARGE($N$21:$N$95,42),$N$21:$N$95,0))),0) -> 2082600 | H62: =IF($B$3=0,0,G62/$B$3) -> 0.0027958611 | I62: =I61+H62 -> 0.96895601 | L62: 50 | M62: =계좌현황!K50 -> 912054 | N62: =IF(M62="",-1E+99,M62*100000+(10000-L62)) -> 91205409950
A63: 43 | B63: =IFERROR(INDEX(계좌현황!A:A,INDEX($L$21:$L$95,MATCH(LARGE($N$21:$N$95,43),$N$21:$N$95,0))),"") -> 일반계좌 | C63: =IFERROR(INDEX(계좌현황!C:C,INDEX($L$21:$L$95,MATCH(LARGE($N$21:$N$95,43),$N$21:$N$95,0))),"") -> 한국 | D63: =IFERROR(INDEX(계좌현황!D:D,INDEX($L$21:$L$95,MATCH(LARGE($N$21:$N$95,43),$N$21:$N$95,0))),"") -> 041510 | E63: =IFERROR(INDEX(계좌현황!E:E,INDEX($L$21:$L$95,MATCH(LARGE($N$21:$N$95,43),$N$21:$N$95,0))),"") -> 에스엠 | F63: =IFERROR(INDEX(계좌현황!F:F,INDEX($L$21:$L$95,MATCH(LARGE($N$21:$N$95,43),$N$21:$N$95,0))),"") -> 24 | G63: =IFERROR(INDEX(계좌현황!K:K,INDEX($L$21:$L$95,MATCH(LARGE($N$21:$N$95,43),$N$21:$N$95,0))),0) -> 2025600 | H63: =IF($B$3=0,0,G63/$B$3) -> 0.0027193394 | I63: =I62+H63 -> 0.97167535 | L63: 51 | M63: =계좌현황!K51 -> 2025600 | N63: =IF(M63="",-1E+99,M63*100000+(10000-L63)) -> 202560009949
A64: 44 | B64: =IFERROR(INDEX(계좌현황!A:A,INDEX($L$21:$L$95,MATCH(LARGE($N$21:$N$95,44),$N$21:$N$95,0))),"") -> 일반계좌 | C64: =IFERROR(INDEX(계좌현황!C:C,INDEX($L$21:$L$95,MATCH(LARGE($N$21:$N$95,44),$N$21:$N$95,0))),"") -> 한국 | D64: =IFERROR(INDEX(계좌현황!D:D,INDEX($L$21:$L$95,MATCH(LARGE($N$21:$N$95,44),$N$21:$N$95,0))),"") -> 105560 | E64: =IFERROR(INDEX(계좌현황!E:E,INDEX($L$21:$L$95,MATCH(LARGE($N$21:$N$95,44),$N$21:$N$95,0))),"") -> KB금융 | F64: =IFERROR(INDEX(계좌현황!F:F,INDEX($L$21:$L$95,MATCH(LARGE($N$21:$N$95,44),$N$21:$N$95,0))),"") -> 12 | G64: =IFERROR(INDEX(계좌현황!K:K,INDEX($L$21:$L$95,MATCH(LARGE($N$21:$N$95,44),$N$21:$N$95,0))),0) -> 1898400 | H64: =IF($B$3=0,0,G64/$B$3) -> 0.0025485752 | I64: =I63+H64 -> 0.97422392 | L64: 52 | M64: =계좌현황!K52 -> 327551 | N64: =IF(M64="",-1E+99,M64*100000+(10000-L64)) -> 32755109948
A65: 45 | B65: =IFERROR(INDEX(계좌현황!A:A,INDEX($L$21:$L$95,MATCH(LARGE($N$21:$N$95,45),$N$21:$N$95,0))),"") -> ISA | C65: =IFERROR(INDEX(계좌현황!C:C,INDEX($L$21:$L$95,MATCH(LARGE($N$21:$N$95,45),$N$21:$N$95,0))),"") -> 한국 | D65: =IFERROR(INDEX(계좌현황!D:D,INDEX($L$21:$L$95,MATCH(LARGE($N$21:$N$95,45),$N$21:$N$95,0))),"") -> 364980 | E65: =IFERROR(INDEX(계좌현황!E:E,INDEX($L$21:$L$95,MATCH(LARGE($N$21:$N$95,45),$N$21:$N$95,0))),"") -> TIGER 2차전지TOP10 | F65: =IFERROR(INDEX(계좌현황!F:F,INDEX($L$21:$L$95,MATCH(LARGE($N$21:$N$95,45),$N$21:$N$95,0))),"") -> 176 | G65: =IFERROR(INDEX(계좌현황!K:K,INDEX($L$21:$L$95,MATCH(LARGE($N$21:$N$95,45),$N$21:$N$95,0))),0) -> 1736240 | H65: =IF($B$3=0,0,G65/$B$3) -> 0.0023308777 | I65: =I64+H65 -> 0.9765548 | L65: 53 | M65: =계좌현황!K53 -> 1419231.6 | N65: =IF(M65="",-1E+99,M65*100000+(10000-L65)) -> 1.4192317e+11
A66: 46 | B66: =IFERROR(INDEX(계좌현황!A:A,INDEX($L$21:$L$95,MATCH(LARGE($N$21:$N$95,46),$N$21:$N$95,0))),"") -> 일반계좌 | C66: =IFERROR(INDEX(계좌현황!C:C,INDEX($L$21:$L$95,MATCH(LARGE($N$21:$N$95,46),$N$21:$N$95,0))),"") -> 미국 | D66: =IFERROR(INDEX(계좌현황!D:D,INDEX($L$21:$L$95,MATCH(LARGE($N$21:$N$95,46),$N$21:$N$95,0))),"") -> SPCX | E66: =IFERROR(INDEX(계좌현황!E:E,INDEX($L$21:$L$95,MATCH(LARGE($N$21:$N$95,46),$N$21:$N$95,0))),"") -> 스페이스 X | F66: =IFERROR(INDEX(계좌현황!F:F,INDEX($L$21:$L$95,MATCH(LARGE($N$21:$N$95,46),$N$21:$N$95,0))),"") -> 7 | G66: =IFERROR(INDEX(계좌현황!K:K,INDEX($L$21:$L$95,MATCH(LARGE($N$21:$N$95,46),$N$21:$N$95,0))),0) -> 1419231.6 | H66: =IF($B$3=0,0,G66/$B$3) -> 0.0019052984 | I66: =I65+H66 -> 0.9784601 | L66: 54 | M66: =계좌현황!K54 -> 1179953.1 | N66: =IF(M66="",-1E+99,M66*100000+(10000-L66)) -> 1.1799532e+11
A67: 47 | B67: =IFERROR(INDEX(계좌현황!A:A,INDEX($L$21:$L$95,MATCH(LARGE($N$21:$N$95,47),$N$21:$N$95,0))),"") -> 일반계좌 | C67: =IFERROR(INDEX(계좌현황!C:C,INDEX($L$21:$L$95,MATCH(LARGE($N$21:$N$95,47),$N$21:$N$95,0))),"") -> 미국 | D67: =IFERROR(INDEX(계좌현황!D:D,INDEX($L$21:$L$95,MATCH(LARGE($N$21:$N$95,47),$N$21:$N$95,0))),"") -> MSFT | E67: =IFERROR(INDEX(계좌현황!E:E,INDEX($L$21:$L$95,MATCH(LARGE($N$21:$N$95,47),$N$21:$N$95,0))),"") -> 마이크로소프트 | F67: =IFERROR(INDEX(계좌현황!F:F,INDEX($L$21:$L$95,MATCH(LARGE($N$21:$N$95,47),$N$21:$N$95,0))),"") -> 2 | G67: =IFERROR(INDEX(계좌현황!K:K,INDEX($L$21:$L$95,MATCH(LARGE($N$21:$N$95,47),$N$21:$N$95,0))),0) -> 1404091.2 | H67: =IF($B$3=0,0,G67/$B$3) -> 0.0018849726 | I67: =I66+H67 -> 0.98034507 | L67: 55 | M67: =계좌현황!K55 -> 1152986.5 | N67: =IF(M67="",-1E+99,M67*100000+(10000-L67)) -> 1.1529866e+11
A68: 48 | B68: =IFERROR(INDEX(계좌현황!A:A,INDEX($L$21:$L$95,MATCH(LARGE($N$21:$N$95,48),$N$21:$N$95,0))),"") -> 일반계좌 | C68: =IFERROR(INDEX(계좌현황!C:C,INDEX($L$21:$L$95,MATCH(LARGE($N$21:$N$95,48),$N$21:$N$95,0))),"") -> 미국 | D68: =IFERROR(INDEX(계좌현황!D:D,INDEX($L$21:$L$95,MATCH(LARGE($N$21:$N$95,48),$N$21:$N$95,0))),"") -> AMT | E68: =IFERROR(INDEX(계좌현황!E:E,INDEX($L$21:$L$95,MATCH(LARGE($N$21:$N$95,48),$N$21:$N$95,0))),"") -> 아메리칸타워 | F68: =IFERROR(INDEX(계좌현황!F:F,INDEX($L$21:$L$95,MATCH(LARGE($N$21:$N$95,48),$N$21:$N$95,0))),"") -> 5 | G68: =IFERROR(INDEX(계좌현황!K:K,INDEX($L$21:$L$95,MATCH(LARGE($N$21:$N$95,48),$N$21:$N$95,0))),0) -> 1179953.1 | H68: =IF($B$3=0,0,G68/$B$3) -> 0.0015840704 | I68: =I67+H68 -> 0.98192914 | L68: 56 | M68: =계좌현황!K56 -> 1113864.1 | N68: =IF(M68="",-1E+99,M68*100000+(10000-L68)) -> 1.1138642e+11
A69: 49 | B69: =IFERROR(INDEX(계좌현황!A:A,INDEX($L$21:$L$95,MATCH(LARGE($N$21:$N$95,49),$N$21:$N$95,0))),"") -> 일반계좌 | C69: =IFERROR(INDEX(계좌현황!C:C,INDEX($L$21:$L$95,MATCH(LARGE($N$21:$N$95,49),$N$21:$N$95,0))),"") -> 미국 | D69: =IFERROR(INDEX(계좌현황!D:D,INDEX($L$21:$L$95,MATCH(LARGE($N$21:$N$95,49),$N$21:$N$95,0))),"") -> NVDA | E69: =IFERROR(INDEX(계좌현황!E:E,INDEX($L$21:$L$95,MATCH(LARGE($N$21:$N$95,49),$N$21:$N$95,0))),"") -> 엔비디아 | F69: =IFERROR(INDEX(계좌현황!F:F,INDEX($L$21:$L$95,MATCH(LARGE($N$21:$N$95,49),$N$21:$N$95,0))),"") -> 4 | G69: =IFERROR(INDEX(계좌현황!K:K,INDEX($L$21:$L$95,MATCH(LARGE($N$21:$N$95,49),$N$21:$N$95,0))),0) -> 1152986.5 | H69: =IF($B$3=0,0,G69/$B$3) -> 0.0015478681 | I69: =I68+H69 -> 0.98347701 | L69: 57 | M69: =계좌현황!K57 -> 1404091.2 | N69: =IF(M69="",-1E+99,M69*100000+(10000-L69)) -> 1.4040913e+11
A70: 50 | B70: =IFERROR(INDEX(계좌현황!A:A,INDEX($L$21:$L$95,MATCH(LARGE($N$21:$N$95,50),$N$21:$N$95,0))),"") -> 일반계좌 | C70: =IFERROR(INDEX(계좌현황!C:C,INDEX($L$21:$L$95,MATCH(LARGE($N$21:$N$95,50),$N$21:$N$95,0))),"") -> 미국 | D70: =IFERROR(INDEX(계좌현황!D:D,INDEX($L$21:$L$95,MATCH(LARGE($N$21:$N$95,50),$N$21:$N$95,0))),"") -> SCHD | E70: =IFERROR(INDEX(계좌현황!E:E,INDEX($L$21:$L$95,MATCH(LARGE($N$21:$N$95,50),$N$21:$N$95,0))),"") -> SCHD | F70: =IFERROR(INDEX(계좌현황!F:F,INDEX($L$21:$L$95,MATCH(LARGE($N$21:$N$95,50),$N$21:$N$95,0))),"") -> 24 | G70: =IFERROR(INDEX(계좌현황!K:K,INDEX($L$21:$L$95,MATCH(LARGE($N$21:$N$95,50),$N$21:$N$95,0))),0) -> 1113864.1 | H70: =IF($B$3=0,0,G70/$B$3) -> 0.0014953468 | I70: =I69+H70 -> 0.98497236 | L70: 58 | M70: =계좌현황!K58 -> 830633.98 | N70: =IF(M70="",-1E+99,M70*100000+(10000-L70)) -> 8.3063408e+10
A71: 51 | B71: =IFERROR(INDEX(계좌현황!A:A,INDEX($L$21:$L$95,MATCH(LARGE($N$21:$N$95,51),$N$21:$N$95,0))),"") -> 일반계좌 | C71: =IFERROR(INDEX(계좌현황!C:C,INDEX($L$21:$L$95,MATCH(LARGE($N$21:$N$95,51),$N$21:$N$95,0))),"") -> 미국 | D71: =IFERROR(INDEX(계좌현황!D:D,INDEX($L$21:$L$95,MATCH(LARGE($N$21:$N$95,51),$N$21:$N$95,0))),"") -> PLTR | E71: =IFERROR(INDEX(계좌현황!E:E,INDEX($L$21:$L$95,MATCH(LARGE($N$21:$N$95,51),$N$21:$N$95,0))),"") -> 팔란티어 | F71: =IFERROR(INDEX(계좌현황!F:F,INDEX($L$21:$L$95,MATCH(LARGE($N$21:$N$95,51),$N$21:$N$95,0))),"") -> 4 | G71: =IFERROR(INDEX(계좌현황!K:K,INDEX($L$21:$L$95,MATCH(LARGE($N$21:$N$95,51),$N$21:$N$95,0))),0) -> 1070018.6 | H71: =IF($B$3=0,0,G71/$B$3) -> 0.0014364849 | I71: =I70+H71 -> 0.98640884 | L71: 59 | M71: =계좌현황!K59 -> 785033.37 | N71: =IF(M71="",-1E+99,M71*100000+(10000-L71)) -> 7.8503347e+10
A72: 52 | B72: =IFERROR(INDEX(계좌현황!A:A,INDEX($L$21:$L$95,MATCH(LARGE($N$21:$N$95,52),$N$21:$N$95,0))),"") -> ISA | C72: =IFERROR(INDEX(계좌현황!C:C,INDEX($L$21:$L$95,MATCH(LARGE($N$21:$N$95,52),$N$21:$N$95,0))),"") -> 한국 | D72: =IFERROR(INDEX(계좌현황!D:D,INDEX($L$21:$L$95,MATCH(LARGE($N$21:$N$95,52),$N$21:$N$95,0))),"") -> 476690 | E72: =IFERROR(INDEX(계좌현황!E:E,INDEX($L$21:$L$95,MATCH(LARGE($N$21:$N$95,52),$N$21:$N$95,0))),"") -> TIGER 글로벌비만치료제 TOP2 Plus | F72: =IFERROR(INDEX(계좌현황!F:F,INDEX($L$21:$L$95,MATCH(LARGE($N$21:$N$95,52),$N$21:$N$95,0))),"") -> 100 | G72: =IFERROR(INDEX(계좌현황!K:K,INDEX($L$21:$L$95,MATCH(LARGE($N$21:$N$95,52),$N$21:$N$95,0))),0) -> 1020500 | H72: =IF($B$3=0,0,G72/$B$3) -> 0.0013700068 | I72: =I71+H72 -> 0.98777885 | L72: 60 | M72: =계좌현황!K60 -> 1070018.6 | N72: =IF(M72="",-1E+99,M72*100000+(10000-L72)) -> 1.0700187e+11
A73: 53 | B73: =IFERROR(INDEX(계좌현황!A:A,INDEX($L$21:$L$95,MATCH(LARGE($N$21:$N$95,53),$N$21:$N$95,0))),"") -> ISA | C73: =IFERROR(INDEX(계좌현황!C:C,INDEX($L$21:$L$95,MATCH(LARGE($N$21:$N$95,53),$N$21:$N$95,0))),"") -> 한국 | D73: =IFERROR(INDEX(계좌현황!D:D,INDEX($L$21:$L$95,MATCH(LARGE($N$21:$N$95,53),$N$21:$N$95,0))),"") -> 475380 | E73: =IFERROR(INDEX(계좌현황!E:E,INDEX($L$21:$L$95,MATCH(LARGE($N$21:$N$95,53),$N$21:$N$95,0))),"") -> RISE 글로벌리얼티인컴 | F73: =IFERROR(INDEX(계좌현황!F:F,INDEX($L$21:$L$95,MATCH(LARGE($N$21:$N$95,53),$N$21:$N$95,0))),"") -> 101 | G73: =IFERROR(INDEX(계좌현황!K:K,INDEX($L$21:$L$95,MATCH(LARGE($N$21:$N$95,53),$N$21:$N$95,0))),0) -> 964045 | H73: =IF($B$3=0,0,G73/$B$3) -> 0.0012942168 | I73: =I72+H73 -> 0.98907307 | L73: 61 | M73: =계좌현황!K61 -> 485716.04 | N73: =IF(M73="",-1E+99,M73*100000+(10000-L73)) -> 4.8571614e+10
A74: 54 | B74: =IFERROR(INDEX(계좌현황!A:A,INDEX($L$21:$L$95,MATCH(LARGE($N$21:$N$95,54),$N$21:$N$95,0))),"") -> 일반계좌 | C74: =IFERROR(INDEX(계좌현황!C:C,INDEX($L$21:$L$95,MATCH(LARGE($N$21:$N$95,54),$N$21:$N$95,0))),"") -> 0 | D74: =IFERROR(INDEX(계좌현황!D:D,INDEX($L$21:$L$95,MATCH(LARGE($N$21:$N$95,54),$N$21:$N$95,0))),"") -> 현금 | E74: =IFERROR(INDEX(계좌현황!E:E,INDEX($L$21:$L$95,MATCH(LARGE($N$21:$N$95,54),$N$21:$N$95,0))),"") -> 예수금(직투달러) | F74: =IFERROR(INDEX(계좌현황!F:F,INDEX($L$21:$L$95,MATCH(LARGE($N$21:$N$95,54),$N$21:$N$95,0))),"") -> 1 | G74: =IFERROR(INDEX(계좌현황!K:K,INDEX($L$21:$L$95,MATCH(LARGE($N$21:$N$95,54),$N$21:$N$95,0))),0) -> 912054 | H74: =IF($B$3=0,0,G74/$B$3) -> 0.0012244196 | I74: =I73+H74 -> 0.99029749 | L74: 62 | M74: =계좌현황!K62 -> 835473.11 | N74: =IF(M74="",-1E+99,M74*100000+(10000-L74)) -> 8.3547321e+10
A75: 55 | B75: =IFERROR(INDEX(계좌현황!A:A,INDEX($L$21:$L$95,MATCH(LARGE($N$21:$N$95,55),$N$21:$N$95,0))),"") -> 일반계좌 | C75: =IFERROR(INDEX(계좌현황!C:C,INDEX($L$21:$L$95,MATCH(LARGE($N$21:$N$95,55),$N$21:$N$95,0))),"") -> 미국 | D75: =IFERROR(INDEX(계좌현황!D:D,INDEX($L$21:$L$95,MATCH(LARGE($N$21:$N$95,55),$N$21:$N$95,0))),"") -> AI | E75: =IFERROR(INDEX(계좌현황!E:E,INDEX($L$21:$L$95,MATCH(LARGE($N$21:$N$95,55),$N$21:$N$95,0))),"") -> C3AI | F75: =IFERROR(INDEX(계좌현황!F:F,INDEX($L$21:$L$95,MATCH(LARGE($N$21:$N$95,55),$N$21:$N$95,0))),"") -> 53 | G75: =IFERROR(INDEX(계좌현황!K:K,INDEX($L$21:$L$95,MATCH(LARGE($N$21:$N$95,55),$N$21:$N$95,0))),0) -> 835473.11 | H75: =IF($B$3=0,0,G75/$B$3) -> 0.0011216108 | I75: =I74+H75 -> 0.9914191 | L75: 63 | M75: =계좌현황!K63 -> 495116.29 | N75: =IF(M75="",-1E+99,M75*100000+(10000-L75)) -> 4.9511639e+10
A76: 56 | B76: =IFERROR(INDEX(계좌현황!A:A,INDEX($L$21:$L$95,MATCH(LARGE($N$21:$N$95,56),$N$21:$N$95,0))),"") -> 일반계좌 | C76: =IFERROR(INDEX(계좌현황!C:C,INDEX($L$21:$L$95,MATCH(LARGE($N$21:$N$95,56),$N$21:$N$95,0))),"") -> 미국 | D76: =IFERROR(INDEX(계좌현황!D:D,INDEX($L$21:$L$95,MATCH(LARGE($N$21:$N$95,56),$N$21:$N$95,0))),"") -> TMUS | E76: =IFERROR(INDEX(계좌현황!E:E,INDEX($L$21:$L$95,MATCH(LARGE($N$21:$N$95,56),$N$21:$N$95,0))),"") -> T-모바일 | F76: =IFERROR(INDEX(계좌현황!F:F,INDEX($L$21:$L$95,MATCH(LARGE($N$21:$N$95,56),$N$21:$N$95,0))),"") -> 4 | G76: =IFERROR(INDEX(계좌현황!K:K,INDEX($L$21:$L$95,MATCH(LARGE($N$21:$N$95,56),$N$21:$N$95,0))),0) -> 830633.98 | H76: =IF($B$3=0,0,G76/$B$3) -> 0.0011151144 | I76: =I75+H76 -> 0.99253421 | L76: 64 | M76: =계좌현황!K64 -> 556009.82 | N76: =IF(M76="",-1E+99,M76*100000+(10000-L76)) -> 5.5600992e+10
A77: 57 | B77: =IFERROR(INDEX(계좌현황!A:A,INDEX($L$21:$L$95,MATCH(LARGE($N$21:$N$95,57),$N$21:$N$95,0))),"") -> 일반계좌 | C77: =IFERROR(INDEX(계좌현황!C:C,INDEX($L$21:$L$95,MATCH(LARGE($N$21:$N$95,57),$N$21:$N$95,0))),"") -> 미국 | D77: =IFERROR(INDEX(계좌현황!D:D,INDEX($L$21:$L$95,MATCH(LARGE($N$21:$N$95,57),$N$21:$N$95,0))),"") -> NVO | E77: =IFERROR(INDEX(계좌현황!E:E,INDEX($L$21:$L$95,MATCH(LARGE($N$21:$N$95,57),$N$21:$N$95,0))),"") -> 노보 노디스크 | F77: =IFERROR(INDEX(계좌현황!F:F,INDEX($L$21:$L$95,MATCH(LARGE($N$21:$N$95,57),$N$21:$N$95,0))),"") -> 15 | G77: =IFERROR(INDEX(계좌현황!K:K,INDEX($L$21:$L$95,MATCH(LARGE($N$21:$N$95,57),$N$21:$N$95,0))),0) -> 785033.37 | H77: =IF($B$3=0,0,G77/$B$3) -> 0.0010538962 | I77: =I76+H77 -> 0.99358811 | L77: 65 | M77: =계좌현황!K65 -> 452704.24 | N77: =IF(M77="",-1E+99,M77*100000+(10000-L77)) -> 4.5270434e+10
A78: 58 | B78: =IFERROR(INDEX(계좌현황!A:A,INDEX($L$21:$L$95,MATCH(LARGE($N$21:$N$95,58),$N$21:$N$95,0))),"") -> 일반계좌 | C78: =IFERROR(INDEX(계좌현황!C:C,INDEX($L$21:$L$95,MATCH(LARGE($N$21:$N$95,58),$N$21:$N$95,0))),"") -> 미국 | D78: =IFERROR(INDEX(계좌현황!D:D,INDEX($L$21:$L$95,MATCH(LARGE($N$21:$N$95,58),$N$21:$N$95,0))),"") -> TSM | E78: =IFERROR(INDEX(계좌현황!E:E,INDEX($L$21:$L$95,MATCH(LARGE($N$21:$N$95,58),$N$21:$N$95,0))),"") -> TSMC | F78: =IFERROR(INDEX(계좌현황!F:F,INDEX($L$21:$L$95,MATCH(LARGE($N$21:$N$95,58),$N$21:$N$95,0))),"") -> 1 | G78: =IFERROR(INDEX(계좌현황!K:K,INDEX($L$21:$L$95,MATCH(LARGE($N$21:$N$95,58),$N$21:$N$95,0))),0) -> 556009.82 | H78: =IF($B$3=0,0,G78/$B$3) -> 0.00074643532 | I78: =I77+H78 -> 0.99433454 | L78: 66 | M78: =계좌현황!K66 -> 281067.48 | N78: =IF(M78="",-1E+99,M78*100000+(10000-L78)) -> 28106757934
A79: 59 | B79: =IFERROR(INDEX(계좌현황!A:A,INDEX($L$21:$L$95,MATCH(LARGE($N$21:$N$95,59),$N$21:$N$95,0))),"") -> 일반계좌 | C79: =IFERROR(INDEX(계좌현황!C:C,INDEX($L$21:$L$95,MATCH(LARGE($N$21:$N$95,59),$N$21:$N$95,0))),"") -> 미국 | D79: =IFERROR(INDEX(계좌현황!D:D,INDEX($L$21:$L$95,MATCH(LARGE($N$21:$N$95,59),$N$21:$N$95,0))),"") -> NKE | E79: =IFERROR(INDEX(계좌현황!E:E,INDEX($L$21:$L$95,MATCH(LARGE($N$21:$N$95,59),$N$21:$N$95,0))),"") -> 나이키 | F79: =IFERROR(INDEX(계좌현황!F:F,INDEX($L$21:$L$95,MATCH(LARGE($N$21:$N$95,59),$N$21:$N$95,0))),"") -> 10 | G79: =IFERROR(INDEX(계좌현황!K:K,INDEX($L$21:$L$95,MATCH(LARGE($N$21:$N$95,59),$N$21:$N$95,0))),0) -> 495116.29 | H79: =IF($B$3=0,0,G79/$B$3) -> 0.00066468663 | I79: =I78+H79 -> 0.99499923 | L79: 67 | M79: =계좌현황!K67 -> 334287.34 | N79: =IF(M79="",-1E+99,M79*100000+(10000-L79)) -> 3.3428744e+10
A80: 60 | B80: =IFERROR(INDEX(계좌현황!A:A,INDEX($L$21:$L$95,MATCH(LARGE($N$21:$N$95,60),$N$21:$N$95,0))),"") -> 일반계좌 | C80: =IFERROR(INDEX(계좌현황!C:C,INDEX($L$21:$L$95,MATCH(LARGE($N$21:$N$95,60),$N$21:$N$95,0))),"") -> 미국 | D80: =IFERROR(INDEX(계좌현황!D:D,INDEX($L$21:$L$95,MATCH(LARGE($N$21:$N$95,60),$N$21:$N$95,0))),"") -> RKLB | E80: =IFERROR(INDEX(계좌현황!E:E,INDEX($L$21:$L$95,MATCH(LARGE($N$21:$N$95,60),$N$21:$N$95,0))),"") -> 로켓랩 | F80: =IFERROR(INDEX(계좌현황!F:F,INDEX($L$21:$L$95,MATCH(LARGE($N$21:$N$95,60),$N$21:$N$95,0))),"") -> 7 | G80: =IFERROR(INDEX(계좌현황!K:K,INDEX($L$21:$L$95,MATCH(LARGE($N$21:$N$95,60),$N$21:$N$95,0))),0) -> 485716.04 | H80: =IF($B$3=0,0,G80/$B$3) -> 0.00065206691 | I80: =I79+H80 -> 0.9956513 | L80: 68 | M80: =계좌현황!K68 -> 209607.4 | N80: =IF(M80="",-1E+99,M80*100000+(10000-L80)) -> 2.096075e+10
A81: 61 | B81: =IFERROR(INDEX(계좌현황!A:A,INDEX($L$21:$L$95,MATCH(LARGE($N$21:$N$95,61),$N$21:$N$95,0))),"") -> 일반계좌 | C81: =IFERROR(INDEX(계좌현황!C:C,INDEX($L$21:$L$95,MATCH(LARGE($N$21:$N$95,61),$N$21:$N$95,0))),"") -> 미국 | D81: =IFERROR(INDEX(계좌현황!D:D,INDEX($L$21:$L$95,MATCH(LARGE($N$21:$N$95,61),$N$21:$N$95,0))),"") -> COIN | E81: =IFERROR(INDEX(계좌현황!E:E,INDEX($L$21:$L$95,MATCH(LARGE($N$21:$N$95,61),$N$21:$N$95,0))),"") -> 코인베이스 글로벌 | F81: =IFERROR(INDEX(계좌현황!F:F,INDEX($L$21:$L$95,MATCH(LARGE($N$21:$N$95,61),$N$21:$N$95,0))),"") -> 2 | G81: =IFERROR(INDEX(계좌현황!K:K,INDEX($L$21:$L$95,MATCH(LARGE($N$21:$N$95,61),$N$21:$N$95,0))),0) -> 452704.24 | H81: =IF($B$3=0,0,G81/$B$3) -> 0.00060774905 | I81: =I80+H81 -> 0.99625905 | L81: 69 | M81: =계좌현황!K69 -> 263832.21 | N81: =IF(M81="",-1E+99,M81*100000+(10000-L81)) -> 2.6383231e+10
A82: 62 | B82: =IFERROR(INDEX(계좌현황!A:A,INDEX($L$21:$L$95,MATCH(LARGE($N$21:$N$95,62),$N$21:$N$95,0))),"") -> 일반계좌 | C82: =IFERROR(INDEX(계좌현황!C:C,INDEX($L$21:$L$95,MATCH(LARGE($N$21:$N$95,62),$N$21:$N$95,0))),"") -> 미국 | D82: =IFERROR(INDEX(계좌현황!D:D,INDEX($L$21:$L$95,MATCH(LARGE($N$21:$N$95,62),$N$21:$N$95,0))),"") -> ORCL | E82: =IFERROR(INDEX(계좌현황!E:E,INDEX($L$21:$L$95,MATCH(LARGE($N$21:$N$95,62),$N$21:$N$95,0))),"") -> 오라클 | F82: =IFERROR(INDEX(계좌현황!F:F,INDEX($L$21:$L$95,MATCH(LARGE($N$21:$N$95,62),$N$21:$N$95,0))),"") -> 2 | G82: =IFERROR(INDEX(계좌현황!K:K,INDEX($L$21:$L$95,MATCH(LARGE($N$21:$N$95,62),$N$21:$N$95,0))),0) -> 334287.34 | H82: =IF($B$3=0,0,G82/$B$3) -> 0.00044877603 | I82: =I81+H82 -> 0.99670782 | L82: 70 | M82: =계좌현황!K70 -> 141461.79 | N82: =IF(M82="",-1E+99,M82*100000+(10000-L82)) -> 1.4146189e+10
A83: 63 | B83: =IFERROR(INDEX(계좌현황!A:A,INDEX($L$21:$L$95,MATCH(LARGE($N$21:$N$95,63),$N$21:$N$95,0))),"") -> 일반계좌 | C83: =IFERROR(INDEX(계좌현황!C:C,INDEX($L$21:$L$95,MATCH(LARGE($N$21:$N$95,63),$N$21:$N$95,0))),"") -> 0 | D83: =IFERROR(INDEX(계좌현황!D:D,INDEX($L$21:$L$95,MATCH(LARGE($N$21:$N$95,63),$N$21:$N$95,0))),"") -> 현금 | E83: =IFERROR(INDEX(계좌현황!E:E,INDEX($L$21:$L$95,MATCH(LARGE($N$21:$N$95,63),$N$21:$N$95,0))),"") -> 현금성자산(삼성증권) | F83: =IFERROR(INDEX(계좌현황!F:F,INDEX($L$21:$L$95,MATCH(LARGE($N$21:$N$95,63),$N$21:$N$95,0))),"") -> 1 | G83: =IFERROR(INDEX(계좌현황!K:K,INDEX($L$21:$L$95,MATCH(LARGE($N$21:$N$95,63),$N$21:$N$95,0))),0) -> 327551 | H83: =IF($B$3=0,0,G83/$B$3) -> 0.00043973259 | I83: =I82+H83 -> 0.99714755 | L83: 71 | M83: =계좌현황!K71 -> 216300 | N83: =IF(M83="",-1E+99,M83*100000+(10000-L83)) -> 21630009929
A84: 64 | B84: =IFERROR(INDEX(계좌현황!A:A,INDEX($L$21:$L$95,MATCH(LARGE($N$21:$N$95,64),$N$21:$N$95,0))),"") -> TOSS | C84: =IFERROR(INDEX(계좌현황!C:C,INDEX($L$21:$L$95,MATCH(LARGE($N$21:$N$95,64),$N$21:$N$95,0))),"") -> 미국 | D84: =IFERROR(INDEX(계좌현황!D:D,INDEX($L$21:$L$95,MATCH(LARGE($N$21:$N$95,64),$N$21:$N$95,0))),"") -> WMT | E84: =IFERROR(INDEX(계좌현황!E:E,INDEX($L$21:$L$95,MATCH(LARGE($N$21:$N$95,64),$N$21:$N$95,0))),"") -> 월마트 | F84: =IFERROR(INDEX(계좌현황!F:F,INDEX($L$21:$L$95,MATCH(LARGE($N$21:$N$95,64),$N$21:$N$95,0))),"") -> 2 | G84: =IFERROR(INDEX(계좌현황!K:K,INDEX($L$21:$L$95,MATCH(LARGE($N$21:$N$95,64),$N$21:$N$95,0))),0) -> 313469.79 | H84: =IF($B$3=0,0,G84/$B$3) -> 0.00042082876 | I84: =I83+H84 -> 0.99756838 | L84: 72 | M84: =계좌현황!K72 -> 106593.51 | N84: =IF(M84="",-1E+99,M84*100000+(10000-L84)) -> 1.0659361e+10
A85: 65 | B85: =IFERROR(INDEX(계좌현황!A:A,INDEX($L$21:$L$95,MATCH(LARGE($N$21:$N$95,65),$N$21:$N$95,0))),"") -> TOSS | C85: =IFERROR(INDEX(계좌현황!C:C,INDEX($L$21:$L$95,MATCH(LARGE($N$21:$N$95,65),$N$21:$N$95,0))),"") -> 미국 | D85: =IFERROR(INDEX(계좌현황!D:D,INDEX($L$21:$L$95,MATCH(LARGE($N$21:$N$95,65),$N$21:$N$95,0))),"") -> CVX | E85: =IFERROR(INDEX(계좌현황!E:E,INDEX($L$21:$L$95,MATCH(LARGE($N$21:$N$95,65),$N$21:$N$95,0))),"") -> 셰브론 | F85: =IFERROR(INDEX(계좌현황!F:F,INDEX($L$21:$L$95,MATCH(LARGE($N$21:$N$95,65),$N$21:$N$95,0))),"") -> 1 | G85: =IFERROR(INDEX(계좌현황!K:K,INDEX($L$21:$L$95,MATCH(LARGE($N$21:$N$95,65),$N$21:$N$95,0))),0) -> 301478.02 | H85: =IF($B$3=0,0,G85/$B$3) -> 0.00040472999 | I85: =I84+H85 -> 0.99797311 | L85: 73 | M85: =계좌현황!K73 -> 54332 | N85: =IF(M85="",-1E+99,M85*100000+(10000-L85)) -> 5433209927
A86: 66 | B86: =IFERROR(INDEX(계좌현황!A:A,INDEX($L$21:$L$95,MATCH(LARGE($N$21:$N$95,66),$N$21:$N$95,0))),"") -> 일반계좌 | C86: =IFERROR(INDEX(계좌현황!C:C,INDEX($L$21:$L$95,MATCH(LARGE($N$21:$N$95,66),$N$21:$N$95,0))),"") -> 미국 | D86: =IFERROR(INDEX(계좌현황!D:D,INDEX($L$21:$L$95,MATCH(LARGE($N$21:$N$95,66),$N$21:$N$95,0))),"") -> LEU | E86: =IFERROR(INDEX(계좌현황!E:E,INDEX($L$21:$L$95,MATCH(LARGE($N$21:$N$95,66),$N$21:$N$95,0))),"") -> 센트러스 에너지 | F86: =IFERROR(INDEX(계좌현황!F:F,INDEX($L$21:$L$95,MATCH(LARGE($N$21:$N$95,66),$N$21:$N$95,0))),"") -> 2 | G86: =IFERROR(INDEX(계좌현황!K:K,INDEX($L$21:$L$95,MATCH(LARGE($N$21:$N$95,66),$N$21:$N$95,0))),0) -> 281067.48 | H86: =IF($B$3=0,0,G86/$B$3) -> 0.00037732912 | I86: =I85+H86 -> 0.99835044 | L86: 74 | M86: =계좌현황!K74 -> 0 | N86: =IF(M86="",-1E+99,M86*100000+(10000-L86)) -> 9926
A87: 67 | B87: =IFERROR(INDEX(계좌현황!A:A,INDEX($L$21:$L$95,MATCH(LARGE($N$21:$N$95,67),$N$21:$N$95,0))),"") -> 일반계좌 | C87: =IFERROR(INDEX(계좌현황!C:C,INDEX($L$21:$L$95,MATCH(LARGE($N$21:$N$95,67),$N$21:$N$95,0))),"") -> 미국 | D87: =IFERROR(INDEX(계좌현황!D:D,INDEX($L$21:$L$95,MATCH(LARGE($N$21:$N$95,67),$N$21:$N$95,0))),"") -> SBUX | E87: =IFERROR(INDEX(계좌현황!E:E,INDEX($L$21:$L$95,MATCH(LARGE($N$21:$N$95,67),$N$21:$N$95,0))),"") -> 스타벅스 | F87: =IFERROR(INDEX(계좌현황!F:F,INDEX($L$21:$L$95,MATCH(LARGE($N$21:$N$95,67),$N$21:$N$95,0))),"") -> 2 | G87: =IFERROR(INDEX(계좌현황!K:K,INDEX($L$21:$L$95,MATCH(LARGE($N$21:$N$95,67),$N$21:$N$95,0))),0) -> 263832.21 | H87: =IF($B$3=0,0,G87/$B$3) -> 0.00035419101 | I87: =I86+H87 -> 0.99870463 | L87: 75 | M87: =계좌현황!K75 -> 40325031 | N87: =IF(M87="",-1E+99,M87*100000+(10000-L87)) -> 4032503109925
A88: 68 | B88: =IFERROR(INDEX(계좌현황!A:A,INDEX($L$21:$L$95,MATCH(LARGE($N$21:$N$95,68),$N$21:$N$95,0))),"") -> TOSS | C88: =IFERROR(INDEX(계좌현황!C:C,INDEX($L$21:$L$95,MATCH(LARGE($N$21:$N$95,68),$N$21:$N$95,0))),"") -> 미국 | D88: =IFERROR(INDEX(계좌현황!D:D,INDEX($L$21:$L$95,MATCH(LARGE($N$21:$N$95,68),$N$21:$N$95,0))),"") -> XOM | E88: =IFERROR(INDEX(계좌현황!E:E,INDEX($L$21:$L$95,MATCH(LARGE($N$21:$N$95,68),$N$21:$N$95,0))),"") -> 엑슨모빌 | F88: =IFERROR(INDEX(계좌현황!F:F,INDEX($L$21:$L$95,MATCH(LARGE($N$21:$N$95,68),$N$21:$N$95,0))),"") -> 1 | G88: =IFERROR(INDEX(계좌현황!K:K,INDEX($L$21:$L$95,MATCH(LARGE($N$21:$N$95,68),$N$21:$N$95,0))),0) -> 236607.11 | H88: =IF($B$3=0,0,G88/$B$3) -> 0.0003176417 | I88: =I87+H88 -> 0.99902227 | L88: 76 | M88: =계좌현황!K76 -> 11560640 | N88: =IF(M88="",-1E+99,M88*100000+(10000-L88)) -> 1156064009924
A89: 69 | B89: =IFERROR(INDEX(계좌현황!A:A,INDEX($L$21:$L$95,MATCH(LARGE($N$21:$N$95,69),$N$21:$N$95,0))),"") -> 일반계좌 | C89: =IFERROR(INDEX(계좌현황!C:C,INDEX($L$21:$L$95,MATCH(LARGE($N$21:$N$95,69),$N$21:$N$95,0))),"") -> 한국 | D89: =IFERROR(INDEX(계좌현황!D:D,INDEX($L$21:$L$95,MATCH(LARGE($N$21:$N$95,69),$N$21:$N$95,0))),"") -> 475560 | E89: =IFERROR(INDEX(계좌현황!E:E,INDEX($L$21:$L$95,MATCH(LARGE($N$21:$N$95,69),$N$21:$N$95,0))),"") -> 더본코리아 | F89: =IFERROR(INDEX(계좌현황!F:F,INDEX($L$21:$L$95,MATCH(LARGE($N$21:$N$95,69),$N$21:$N$95,0))),"") -> 15 | G89: =IFERROR(INDEX(계좌현황!K:K,INDEX($L$21:$L$95,MATCH(LARGE($N$21:$N$95,69),$N$21:$N$95,0))),0) -> 216300 | H89: =IF($B$3=0,0,G89/$B$3) -> 0.00029037969 | I89: =I88+H89 -> 0.99931265 | L89: 77 | M89: =계좌현황!K77 -> 9804000 | N89: =IF(M89="",-1E+99,M89*100000+(10000-L89)) -> 980400009923
A90: 70 | B90: =IFERROR(INDEX(계좌현황!A:A,INDEX($L$21:$L$95,MATCH(LARGE($N$21:$N$95,70),$N$21:$N$95,0))),"") -> 일반계좌 | C90: =IFERROR(INDEX(계좌현황!C:C,INDEX($L$21:$L$95,MATCH(LARGE($N$21:$N$95,70),$N$21:$N$95,0))),"") -> 미국 | D90: =IFERROR(INDEX(계좌현황!D:D,INDEX($L$21:$L$95,MATCH(LARGE($N$21:$N$95,70),$N$21:$N$95,0))),"") -> JOBY | E90: =IFERROR(INDEX(계좌현황!E:E,INDEX($L$21:$L$95,MATCH(LARGE($N$21:$N$95,70),$N$21:$N$95,0))),"") -> 조비에비에이션 | F90: =IFERROR(INDEX(계좌현황!F:F,INDEX($L$21:$L$95,MATCH(LARGE($N$21:$N$95,70),$N$21:$N$95,0))),"") -> 34 | G90: =IFERROR(INDEX(계좌현황!K:K,INDEX($L$21:$L$95,MATCH(LARGE($N$21:$N$95,70),$N$21:$N$95,0))),0) -> 209607.4 | H90: =IF($B$3=0,0,G90/$B$3) -> 0.00028139498 | I90: =I89+H90 -> 0.99959405 | L90: 78 | M90: =계좌현황!K78 -> 9725530 | N90: =IF(M90="",-1E+99,M90*100000+(10000-L90)) -> 972553009922
A91: 71 | B91: =IFERROR(INDEX(계좌현황!A:A,INDEX($L$21:$L$95,MATCH(LARGE($N$21:$N$95,71),$N$21:$N$95,0))),"") -> 일반계좌 | C91: =IFERROR(INDEX(계좌현황!C:C,INDEX($L$21:$L$95,MATCH(LARGE($N$21:$N$95,71),$N$21:$N$95,0))),"") -> 미국 | D91: =IFERROR(INDEX(계좌현황!D:D,INDEX($L$21:$L$95,MATCH(LARGE($N$21:$N$95,71),$N$21:$N$95,0))),"") -> SMR | E91: =IFERROR(INDEX(계좌현황!E:E,INDEX($L$21:$L$95,MATCH(LARGE($N$21:$N$95,71),$N$21:$N$95,0))),"") -> 누스케일파워 | F91: =IFERROR(INDEX(계좌현황!F:F,INDEX($L$21:$L$95,MATCH(LARGE($N$21:$N$95,71),$N$21:$N$95,0))),"") -> 20 | G91: =IFERROR(INDEX(계좌현황!K:K,INDEX($L$21:$L$95,MATCH(LARGE($N$21:$N$95,71),$N$21:$N$95,0))),0) -> 141461.79 | H91: =IF($B$3=0,0,G91/$B$3) -> 0.00018991046 | I91: =I90+H91 -> 0.99978396 | L91: 79 | M91: =계좌현황!K79 -> 7929840 | N91: =IF(M91="",-1E+99,M91*100000+(10000-L91)) -> 792984009921
A92: 72 | B92: =IFERROR(INDEX(계좌현황!A:A,INDEX($L$21:$L$95,MATCH(LARGE($N$21:$N$95,72),$N$21:$N$95,0))),"") -> 일반계좌 | C92: =IFERROR(INDEX(계좌현황!C:C,INDEX($L$21:$L$95,MATCH(LARGE($N$21:$N$95,72),$N$21:$N$95,0))),"") -> 미국 | D92: =IFERROR(INDEX(계좌현황!D:D,INDEX($L$21:$L$95,MATCH(LARGE($N$21:$N$95,72),$N$21:$N$95,0))),"") -> OKLO | E92: =IFERROR(INDEX(계좌현황!E:E,INDEX($L$21:$L$95,MATCH(LARGE($N$21:$N$95,72),$N$21:$N$95,0))),"") -> 오클로 | F92: =IFERROR(INDEX(계좌현황!F:F,INDEX($L$21:$L$95,MATCH(LARGE($N$21:$N$95,72),$N$21:$N$95,0))),"") -> 3 | G92: =IFERROR(INDEX(계좌현황!K:K,INDEX($L$21:$L$95,MATCH(LARGE($N$21:$N$95,72),$N$21:$N$95,0))),0) -> 106593.51 | H92: =IF($B$3=0,0,G92/$B$3) -> 0.00014310028 | I92: =I91+H92 -> 0.99992706 | L92: 80 | M92: =계좌현황!K80 -> 13435000 | N92: =IF(M92="",-1E+99,M92*100000+(10000-L92)) -> 1343500009920
A93: 73 | B93: =IFERROR(INDEX(계좌현황!A:A,INDEX($L$21:$L$95,MATCH(LARGE($N$21:$N$95,73),$N$21:$N$95,0))),"") -> 일반계좌 | C93: =IFERROR(INDEX(계좌현황!C:C,INDEX($L$21:$L$95,MATCH(LARGE($N$21:$N$95,73),$N$21:$N$95,0))),"") -> 0 | D93: =IFERROR(INDEX(계좌현황!D:D,INDEX($L$21:$L$95,MATCH(LARGE($N$21:$N$95,73),$N$21:$N$95,0))),"") -> 현금 | E93: =IFERROR(INDEX(계좌현황!E:E,INDEX($L$21:$L$95,MATCH(LARGE($N$21:$N$95,73),$N$21:$N$95,0))),"") -> 미래에셋현금성자산 | F93: =IFERROR(INDEX(계좌현황!F:F,INDEX($L$21:$L$95,MATCH(LARGE($N$21:$N$95,73),$N$21:$N$95,0))),"") -> 1 | G93: =IFERROR(INDEX(계좌현황!K:K,INDEX($L$21:$L$95,MATCH(LARGE($N$21:$N$95,73),$N$21:$N$95,0))),0) -> 54332 | H93: =IF($B$3=0,0,G93/$B$3) -> 7.2939942e-05 | I93: =I92+H93 -> 1 | L93: 81 | M93: =계좌현황!K81 -> 301478.02 | N93: =IF(M93="",-1E+99,M93*100000+(10000-L93)) -> 3.0147812e+10
A94: 74 | B94: =IFERROR(INDEX(계좌현황!A:A,INDEX($L$21:$L$95,MATCH(LARGE($N$21:$N$95,74),$N$21:$N$95,0))),"") -> 일반계좌 | C94: =IFERROR(INDEX(계좌현황!C:C,INDEX($L$21:$L$95,MATCH(LARGE($N$21:$N$95,74),$N$21:$N$95,0))),"") -> 0 | D94: =IFERROR(INDEX(계좌현황!D:D,INDEX($L$21:$L$95,MATCH(LARGE($N$21:$N$95,74),$N$21:$N$95,0))),"") -> 현금 | E94: =IFERROR(INDEX(계좌현황!E:E,INDEX($L$21:$L$95,MATCH(LARGE($N$21:$N$95,74),$N$21:$N$95,0))),"") -> CMA RP | F94: =IFERROR(INDEX(계좌현황!F:F,INDEX($L$21:$L$95,MATCH(LARGE($N$21:$N$95,74),$N$21:$N$95,0))),"") -> 1 | G94: =IFERROR(INDEX(계좌현황!K:K,INDEX($L$21:$L$95,MATCH(LARGE($N$21:$N$95,74),$N$21:$N$95,0))),0) -> 0 | H94: =IF($B$3=0,0,G94/$B$3) -> 0 | I94: =I93+H94 -> 1 | L94: 82 | M94: =계좌현황!K82 -> 236607.11 | N94: =IF(M94="",-1E+99,M94*100000+(10000-L94)) -> 2.3660721e+10
A95: 75 | B95: =IFERROR(INDEX(계좌현황!A:A,INDEX($L$21:$L$95,MATCH(LARGE($N$21:$N$95,75),$N$21:$N$95,0))),"") -> 일반계좌 | C95: =IFERROR(INDEX(계좌현황!C:C,INDEX($L$21:$L$95,MATCH(LARGE($N$21:$N$95,75),$N$21:$N$95,0))),"") -> 0 | D95: =IFERROR(INDEX(계좌현황!D:D,INDEX($L$21:$L$95,MATCH(LARGE($N$21:$N$95,75),$N$21:$N$95,0))),"") -> 현금 | E95: =IFERROR(INDEX(계좌현황!E:E,INDEX($L$21:$L$95,MATCH(LARGE($N$21:$N$95,75),$N$21:$N$95,0))),"") -> 예수금(직투달러) | F95: =IFERROR(INDEX(계좌현황!F:F,INDEX($L$21:$L$95,MATCH(LARGE($N$21:$N$95,75),$N$21:$N$95,0))),"") -> 1 | G95: =IFERROR(INDEX(계좌현황!K:K,INDEX($L$21:$L$95,MATCH(LARGE($N$21:$N$95,75),$N$21:$N$95,0))),0) -> 0 | H95: =IF($B$3=0,0,G95/$B$3) -> 0 | I95: =I94+H95 -> 1 | L95: 83 | M95: =계좌현황!K83 -> 313469.79 | N95: =IF(M95="",-1E+99,M95*100000+(10000-L95)) -> 3.1346989e+10
E96: 합계 | G96: =SUM(G21:G95) -> 7.448868e+08 | H96: =SUM(H21:H95) -> 1
A99: ③ 비중 차트 (전체 100%)

Sheet IMPORTXML함수
C24: https://finance.naver.com/item/sise.naver?code=
C25: //html/body/div[3]/div[2]/div[2]/div[1]/div[3]/div[1]/table/tbody/tr[1]/td[1]/strong

Sheet 올해수익률 계산시트
Q2: KOSPI | R2: INDEXSP:.INX | S2: INDEXNASDAQ:.IXIC | U2: GCW00 | V2: BTCusd | W2: USDKRW
G3: 날짜 | H3: 계좌총액 | I3: 코스피 | J3: S&P500 | K3: 나스닥 | L3: 골드(1온스) | M3: 비트코인(달러) | Q3: 코스피 | R3: S&P500 | S3: 나스닥 | U3: 골드(1온스) | V3: 비트코인-달러 | W3: 달러환율 | X3: S&P500 (달러환율) | Y3: 나스닥 (달러환율) | Z3: 골드 (달러환율) | AA3: 비트코인 (달러환율) | AC3: 달러환율 | AD3: S&P500 (달러환율) | AE3: 나스닥 (달러환율) | AF3: 골드 (달러환율) | AG3: 비트코인 (달러환율)
B4: =VALUE(MID(G4,1,2)) -> 17 | C4: =VALUE(MID(G4,4,2)) -> 12 | D4: =IF(F4="12월",(E4+1)&VLOOKUP(F4,인덱스!$C:$D,2,0),E4&VLOOKUP(F4,인덱스!$C:$D,2,0)) -> 20181 | E4: ="20"&MID(G4,1,2) -> 2017 | F4: =VLOOKUP(RIGHT(G4,2),인덱스!B:D,2,0) -> 12월 | G4: 17.12 | H4: 0 | I4: 100 | J4: 100 | K4: 100 | L4: 100 | M4: 100 | Q4: =IFERROR(__xludf.DUMMYFUNCTION("iferror(index('지수RAW'!$V$7:$V$12040,MATCH($D4,'지수RAW'!$R$7:$R$12040,0)-1,1),GOOGLEFINANCE(Q$2))"),2467.49) -> 2467.49 | R4: =IFERROR(__xludf.DUMMYFUNCTION("iferror(index('지수RAW'!$F$7:$F$12040,MATCH($D4,'지수RAW'!$B$7:$B$12040,0)-1,1),GOOGLEFINANCE(R$2))"),2673.61) -> 2673.61 | S4: =IFERROR(__xludf.DUMMYFUNCTION("iferror(index('지수RAW'!$N$7:$N$12040,MATCH($D4,'지수RAW'!$J$7:$J$12040,0)-1,1),GOOGLEFINANCE(S$2))"),6903.39) -> 6903.39 | U4: {=IFERROR(INDEX(지수RAW!$AT$7:$AT$12040,MATCH($D4,지수RAW!$AP$7:$AP$12040,0)-1,1),지수RAW!$AU$4)} -> 1309.3 | V4: =IFERROR(__xludf.DUMMYFUNCTION("iferror(index('지수RAW'!$AL$7:$AL$12040,MATCH($D4,'지수RAW'!$AH$7:$AH$12040,0)-1,1),GOOGLEFINANCE(V$2))"),13880.99) -> 13880.99 | W4: =IFERROR(__xludf.DUMMYFUNCTION("iferror(index('지수RAW'!$AD$7:$AD$12040,MATCH($D4,'지수RAW'!$Z$7:$Z$12040,0)-1,1),GOOGLEFINANCE(W$2))"),1066.07) -> 1066.07 | X4: =$W4*R4 -> 2850255.4 | Y4: =$W4*S4 -> 7359497 | Z4: =$W4*U4 -> 1395805.5 | AA4: =$W4*V4 -> 14798107 | AC4: 100 | AD4: 100 | AE4: 100 | AF4: 100 | AG4: 100
B5: =IF(C4=12,B4+1,B4) -> 18 | C5: =IF(C4=12,1,C4+1) -> 1 | D5: =IF(F5="12월",(E5+1)&VLOOKUP(F5,인덱스!$C:$D,2,0),E5&VLOOKUP(F5,인덱스!$C:$D,2,0)) -> 20182 | E5: ="20"&B5 -> 2018 | F5: =C5&"월" -> 1월 | G5: =B5&"."&VLOOKUP(F5,인덱스!$A:$B,2,0) -> 18.01 | H5: =IFERROR(VLOOKUP(G5,#REF!,2,0),) -> 0 | I5: =IF(Q5="","",I4*(Q5/Q4)) -> 104.01096 | J5: =IF(R5="","",J4*(R5/R4)) -> 105.61787 | K5: =IF(S5="","",K4*(S5/S4)) -> 107.36001 | L5: =IF(U5="","",L4*(U5/U4)) -> 102.58153 | M5: =IF(V5="","",M4*(V5/V4)) -> 72.203135 | Q5: =IFERROR(__xludf.DUMMYFUNCTION("iferror(index('지수RAW'!$V$7:$V$12040,MATCH($D5,'지수RAW'!$R$7:$R$12040,0)-1,1),GOOGLEFINANCE(Q$2))"),2566.46) -> 2566.46 | R5: =IFERROR(__xludf.DUMMYFUNCTION("iferror(index('지수RAW'!$F$7:$F$12040,MATCH($D5,'지수RAW'!$B$7:$B$12040,0)-1,1),GOOGLEFINANCE(R$2))"),2823.81) -> 2823.81 | S5: =IFERROR(__xludf.DUMMYFUNCTION("iferror(index('지수RAW'!$N$7:$N$12040,MATCH($D5,'지수RAW'!$J$7:$J$12040,0)-1,1),GOOGLEFINANCE(S$2))"),7411.48) -> 7411.48 | U5: {=IFERROR(INDEX(지수RAW!$AT$7:$AT$12040,MATCH($D5,지수RAW!$AP$7:$AP$12040,0)-1,1),지수RAW!$AU$4)} -> 1343.1 | V5: =IFERROR(__xludf.DUMMYFUNCTION("iferror(index('지수RAW'!$AL$7:$AL$12040,MATCH($D5,'지수RAW'!$AH$7:$AH$12040,0)-1,1),GOOGLEFINANCE(V$2))"),10022.51) -> 10022.51 | W5: =IFERROR(__xludf.DUMMYFUNCTION("iferror(index('지수RAW'!$AD$7:$AD$12040,MATCH($D5,'지수RAW'!$Z$7:$Z$12040,0)-1,1),GOOGLEFINANCE(W$2))"),1069.02) -> 1069.02 | X5: =$W5*R5 -> 3018709.4 | Y5: =$W5*S5 -> 7923020.3 | Z5: =$W5*U5 -> 1435800.8 | AA5: =$W5*V5 -> 10714264 | AC5: =IF(Q5="","",AC4*(W5/W4)) -> 100.27672 | AD5: =IF(R5="","",AD4*(X5/X4)) -> 105.91014 | AE5: =IF(S5="","",AE4*(Y5/Y4)) -> 107.65709 | AF5: =IF(U5="","",AF4*(Z5/Z4)) -> 102.86539 | AG5: =IF(V5="","",AG4*(AA5/AA4)) -> 72.402934
B6: =IF(C5=12,B5+1,B5) -> 18 | C6: =IF(C5=12,1,C5+1) -> 2 | D6: =IF(F6="12월",(E6+1)&VLOOKUP(F6,인덱스!$C:$D,2,0),E6&VLOOKUP(F6,인덱스!$C:$D,2,0)) -> 20183 | E6: ="20"&B6 -> 2018 | F6: =C6&"월" -> 2월 | G6: =B6&"."&VLOOKUP(F6,인덱스!$A:$B,2,0) -> 18.02 | H6: =IFERROR(VLOOKUP(G6,#REF!,2,0),) -> 0 | I6: =IF(Q6="","",I5*(Q6/Q5)) -> 98.373651 | J6: =IF(R6="","",J5*(R6/R5)) -> 101.50433 | K6: =IF(S6="","",K5*(S6/S5)) -> 105.35418 | L6: =IF(U6="","",L5*(U6/U5)) -> 100.65684 | M6: =IF(V6="","",M5*(V6/V5)) -> 75.949554 | Q6: =IFERROR(__xludf.DUMMYFUNCTION("iferror(index('지수RAW'!$V$7:$V$12040,MATCH($D6,'지수RAW'!$R$7:$R$12040,0)-1,1),GOOGLEFINANCE(Q$2))"),2427.36) -> 2427.36 | R6: =IFERROR(__xludf.DUMMYFUNCTION("iferror(index('지수RAW'!$F$7:$F$12040,MATCH($D6,'지수RAW'!$B$7:$B$12040,0)-1,1),GOOGLEFINANCE(R$2))"),2713.83) -> 2713.83 | S6: =IFERROR(__xludf.DUMMYFUNCTION("iferror(index('지수RAW'!$N$7:$N$12040,MATCH($D6,'지수RAW'!$J$7:$J$12040,0)-1,1),GOOGLEFINANCE(S$2))"),7273.01) -> 7273.01 | U6: {=IFERROR(INDEX(지수RAW!$AT$7:$AT$12040,MATCH($D6,지수RAW!$AP$7:$AP$12040,0)-1,1),지수RAW!$AU$4)} -> 1317.9 | V6: =IFERROR(__xludf.DUMMYFUNCTION("iferror(index('지수RAW'!$AL$7:$AL$12040,MATCH($D6,'지수RAW'!$AH$7:$AH$12040,0)-1,1),GOOGLEFINANCE(V$2))"),10542.55) -> 10542.55 | W6: =IFERROR(__xludf.DUMMYFUNCTION("iferror(index('지수RAW'!$AD$7:$AD$12040,MATCH($D6,'지수RAW'!$Z$7:$Z$12040,0)-1,1),GOOGLEFINANCE(W$2))"),1085.35) -> 1085.35 | X6: =$W6*R6 -> 2945455.4 | Y6: =$W6*S6 -> 7893761.4 | Z6: =$W6*U6 -> 1430382.8 | AA6: =$W6*V6 -> 11442357 | AC6: =IF(Q6="","",AC5*(W6/W5)) -> 101.80851 | AD6: =IF(R6="","",AD5*(X6/X5)) -> 103.34005 | AE6: =IF(S6="","",AE5*(Y6/Y5)) -> 107.25952 | AF6: =IF(U6="","",AF5*(Z6/Z5)) -> 102.47723 | AG6: =IF(V6="","",AG5*(AA6/AA5)) -> 77.323111
B7: =IF(C6=12,B6+1,B6) -> 18 | C7: =IF(C6=12,1,C6+1) -> 3 | D7: =IF(F7="12월",(E7+1)&VLOOKUP(F7,인덱스!$C:$D,2,0),E7&VLOOKUP(F7,인덱스!$C:$D,2,0)) -> 20184 | E7: ="20"&B7 -> 2018 | F7: =C7&"월" -> 3월 | G7: =B7&"."&VLOOKUP(F7,인덱스!$A:$B,2,0) -> 18.03 | H7: =IFERROR(VLOOKUP(G7,#REF!,2,0),) -> 0 | I7: =IF(Q7="","",I6*(Q7/Q6)) -> 99.122995 | J7: =IF(R7="","",J6*(R7/R6)) -> 98.775438 | K7: =IF(S7="","",K6*(S7/S6)) -> 102.31857 | L7: =IF(U7="","",L6*(U7/U6)) -> 101.37478 | M7: =IF(V7="","",M6*(V7/V6)) -> 49.903357 | Q7: =IFERROR(__xludf.DUMMYFUNCTION("iferror(index('지수RAW'!$V$7:$V$12040,MATCH($D7,'지수RAW'!$R$7:$R$12040,0)-1,1),GOOGLEFINANCE(Q$2))"),2445.85) -> 2445.85 | R7: =IFERROR(__xludf.DUMMYFUNCTION("iferror(index('지수RAW'!$F$7:$F$12040,MATCH($D7,'지수RAW'!$B$7:$B$12040,0)-1,1),GOOGLEFINANCE(R$2))"),2640.87) -> 2640.87 | S7: =IFERROR(__xludf.DUMMYFUNCTION("iferror(index('지수RAW'!$N$7:$N$12040,MATCH($D7,'지수RAW'!$J$7:$J$12040,0)-1,1),GOOGLEFINANCE(S$2))"),7063.45) -> 7063.45 | U7: {=IFERROR(INDEX(지수RAW!$AT$7:$AT$12040,MATCH($D7,지수RAW!$AP$7:$AP$12040,0)-1,1),지수RAW!$AU$4)} -> 1327.3 | V7: =IFERROR(__xludf.DUMMYFUNCTION("iferror(index('지수RAW'!$AL$7:$AL$12040,MATCH($D7,'지수RAW'!$AH$7:$AH$12040,0)-1,1),GOOGLEFINANCE(V$2))"),6927.08) -> 6927.08 | W7: =IFERROR(__xludf.DUMMYFUNCTION("iferror(index('지수RAW'!$AD$7:$AD$12040,MATCH($D7,'지수RAW'!$Z$7:$Z$12040,0)-1,1),GOOGLEFINANCE(W$2))"),1059.55) -> 1059.55 | X7: =$W7*R7 -> 2798133.8 | Y7: =$W7*S7 -> 7484078.4 | Z7: =$W7*U7 -> 1406340.7 | AA7: =$W7*V7 -> 7339587.6 | AC7: =IF(Q7="","",AC6*(W7/W6)) -> 99.388408 | AD7: =IF(R7="","",AD6*(X7/X6)) -> 98.171336 | AE7: =IF(S7="","",AE6*(Y7/Y6)) -> 101.6928 | AF7: =IF(U7="","",AF6*(Z7/Z6)) -> 100.75478 | AG7: =IF(V7="","",AG6*(AA7/AA6)) -> 49.598152
B8: =IF(C7=12,B7+1,B7) -> 18 | C8: =IF(C7=12,1,C7+1) -> 4 | D8: =IF(F8="12월",(E8+1)&VLOOKUP(F8,인덱스!$C:$D,2,0),E8&VLOOKUP(F8,인덱스!$C:$D,2,0)) -> 20185 | E8: ="20"&B8 -> 2018 | F8: =C8&"월" -> 4월 | G8: =B8&"."&VLOOKUP(F8,인덱스!$A:$B,2,0) -> 18.04 | H8: =IFERROR(VLOOKUP(G8,#REF!,2,0),) -> 0 | I8: =IF(Q8="","",I7*(Q8/Q7)) -> 101.94084 | J8: =IF(R8="","",J7*(R8/R7)) -> 99.043989 | K8: =IF(S8="","",K7*(S8/S7)) -> 102.35942 | L8: =IF(U8="","",L7*(U8/U7)) -> 100.75613 | M8: =IF(V8="","",M7*(V8/V7)) -> 66.503038 | Q8: =IFERROR(__xludf.DUMMYFUNCTION("iferror(index('지수RAW'!$V$7:$V$12040,MATCH($D8,'지수RAW'!$R$7:$R$12040,0)-1,1),GOOGLEFINANCE(Q$2))"),2515.38) -> 2515.38 | R8: =IFERROR(__xludf.DUMMYFUNCTION("iferror(index('지수RAW'!$F$7:$F$12040,MATCH($D8,'지수RAW'!$B$7:$B$12040,0)-1,1),GOOGLEFINANCE(R$2))"),2648.05) -> 2648.05 | S8: =IFERROR(__xludf.DUMMYFUNCTION("iferror(index('지수RAW'!$N$7:$N$12040,MATCH($D8,'지수RAW'!$J$7:$J$12040,0)-1,1),GOOGLEFINANCE(S$2))"),7066.27) -> 7066.27 | U8: {=IFERROR(INDEX(지수RAW!$AT$7:$AT$12040,MATCH($D8,지수RAW!$AP$7:$AP$12040,0)-1,1),지수RAW!$AU$4)} -> 1319.2 | V8: =IFERROR(__xludf.DUMMYFUNCTION("iferror(index('지수RAW'!$AL$7:$AL$12040,MATCH($D8,'지수RAW'!$AH$7:$AH$12040,0)-1,1),GOOGLEFINANCE(V$2))"),9231.28) -> 9231.28 | W8: =IFERROR(__xludf.DUMMYFUNCTION("iferror(index('지수RAW'!$AD$7:$AD$12040,MATCH($D8,'지수RAW'!$Z$7:$Z$12040,0)-1,1),GOOGLEFINANCE(W$2))"),1069.45) -> 1069.45 | X8: =$W8*R8 -> 2831957.1 | Y8: =$W8*S8 -> 7557022.5 | Z8: =$W8*U8 -> 1410818.4 | AA8: =$W8*V8 -> 9872392.4 | AC8: =IF(Q8="","",AC7*(W8/W7)) -> 100.31705 | AD8: =IF(R8="","",AD7*(X8/X7)) -> 99.358011 | AE8: =IF(S8="","",AE7*(Y8/Y7)) -> 102.68395 | AF8: =IF(U8="","",AF7*(Z8/Z7)) -> 101.07558 | AG8: =IF(V8="","",AG7*(AA8/AA7)) -> 66.713887
B9: =IF(C8=12,B8+1,B8) -> 18 | C9: =IF(C8=12,1,C8+1) -> 5 | D9: =IF(F9="12월",(E9+1)&VLOOKUP(F9,인덱스!$C:$D,2,0),E9&VLOOKUP(F9,인덱스!$C:$D,2,0)) -> 20186 | E9: ="20"&B9 -> 2018 | F9: =C9&"월" -> 5월 | G9: =B9&"."&VLOOKUP(F9,인덱스!$A:$B,2,0) -> 18.05 | H9: =IFERROR(VLOOKUP(G9,#REF!,2,0),) -> 0 | I9: =IF(Q9="","",I8*(Q9/Q8)) -> 98.197358 | J9: =IF(R9="","",J8*(R9/R8)) -> 101.18417 | K9: =IF(S9="","",K8*(S9/S8)) -> 107.80385 | L9: =IF(U9="","",L8*(U9/U8)) -> 99.648667 | M9: =IF(V9="","",M8*(V9/V8)) -> 52.722248 | Q9: =IFERROR(__xludf.DUMMYFUNCTION("iferror(index('지수RAW'!$V$7:$V$12040,MATCH($D9,'지수RAW'!$R$7:$R$12040,0)-1,1),GOOGLEFINANCE(Q$2))"),2423.01) -> 2423.01 | R9: =IFERROR(__xludf.DUMMYFUNCTION("iferror(index('지수RAW'!$F$7:$F$12040,MATCH($D9,'지수RAW'!$B$7:$B$12040,0)-1,1),GOOGLEFINANCE(R$2))"),2705.27) -> 2705.27 | S9: =IFERROR(__xludf.DUMMYFUNCTION("iferror(index('지수RAW'!$N$7:$N$12040,MATCH($D9,'지수RAW'!$J$7:$J$12040,0)-1,1),GOOGLEFINANCE(S$2))"),7442.12) -> 7442.12 | U9: {=IFERROR(INDEX(지수RAW!$AT$7:$AT$12040,MATCH($D9,지수RAW!$AP$7:$AP$12040,0)-1,1),지수RAW!$AU$4)} -> 1304.7 | V9: =IFERROR(__xludf.DUMMYFUNCTION("iferror(index('지수RAW'!$AL$7:$AL$12040,MATCH($D9,'지수RAW'!$AH$7:$AH$12040,0)-1,1),GOOGLEFINANCE(V$2))"),7318.37) -> 7318.37 | W9: =IFERROR(__xludf.DUMMYFUNCTION("iferror(index('지수RAW'!$AD$7:$AD$12040,MATCH($D9,'지수RAW'!$Z$7:$Z$12040,0)-1,1),GOOGLEFINANCE(W$2))"),1079.95) -> 1079.95 | X9: =$W9*R9 -> 2921556.3 | Y9: =$W9*S9 -> 8037117.5 | Z9: =$W9*U9 -> 1409010.8 | AA9: =$W9*V9 -> 7903473.7 | AC9: =IF(Q9="","",AC8*(W9/W8)) -> 101.30198 | AD9: =IF(R9="","",AD8*(X9/X8)) -> 102.50156 | AE9: =IF(S9="","",AE8*(Y9/Y8)) -> 109.20743 | AF9: =IF(U9="","",AF8*(Z9/Z8)) -> 100.94607 | AG9: =IF(V9="","",AG8*(AA9/AA8)) -> 53.40868
B10: =IF(C9=12,B9+1,B9) -> 18 | C10: =IF(C9=12,1,C9+1) -> 6 | D10: =IF(F10="12월",(E10+1)&VLOOKUP(F10,인덱스!$C:$D,2,0),E10&VLOOKUP(F10,인덱스!$C:$D,2,0)) -> 20187 | E10: ="20"&B10 -> 2018 | F10: =C10&"월" -> 6월 | G10: =B10&"."&VLOOKUP(F10,인덱스!$A:$B,2,0) -> 18.06 | H10: =IFERROR(VLOOKUP(G10,#REF!,2,0),) -> 0 | I10: =IF(Q10="","",I9*(Q10/Q9)) -> 94.271101 | J10: =IF(R10="","",J9*(R10/R9)) -> 101.67414 | K10: =IF(S10="","",K9*(S10/S9)) -> 108.79148 | L10: =IF(U10="","",L9*(U10/U9)) -> 95.814557 | M10: =IF(V10="","",M9*(V10/V9)) -> 46.014513 | Q10: =IFERROR(__xludf.DUMMYFUNCTION("iferror(index('지수RAW'!$V$7:$V$12040,MATCH($D10,'지수RAW'!$R$7:$R$12040,0)-1,1),GOOGLEFINANCE(Q$2))"),2326.13) -> 2326.13 | R10: =IFERROR(__xludf.DUMMYFUNCTION("iferror(index('지수RAW'!$F$7:$F$12040,MATCH($D10,'지수RAW'!$B$7:$B$12040,0)-1,1),GOOGLEFINANCE(R$2))"),2718.37) -> 2718.37 | S10: =IFERROR(__xludf.DUMMYFUNCTION("iferror(index('지수RAW'!$N$7:$N$12040,MATCH($D10,'지수RAW'!$J$7:$J$12040,0)-1,1),GOOGLEFINANCE(S$2))"),7510.3) -> 7510.3 | U10: {=IFERROR(INDEX(지수RAW!$AT$7:$AT$12040,MATCH($D10,지수RAW!$AP$7:$AP$12040,0)-1,1),지수RAW!$AU$4)} -> 1254.5 | V10: =IFERROR(__xludf.DUMMYFUNCTION("iferror(index('지수RAW'!$AL$7:$AL$12040,MATCH($D10,'지수RAW'!$AH$7:$AH$12040,0)-1,1),GOOGLEFINANCE(V$2))"),6387.27) -> 6387.27 | W10: =IFERROR(__xludf.DUMMYFUNCTION("iferror(index('지수RAW'!$AD$7:$AD$12040,MATCH($D10,'지수RAW'!$Z$7:$Z$12040,0)-1,1),GOOGLEFINANCE(W$2))"),1113.92) -> 1113.92 | X10: =$W10*R10 -> 3028046.7 | Y10: =$W10*S10 -> 8365873.4 | Z10: =$W10*U10 -> 1397412.6 | AA10: =$W10*V10 -> 7114907.8 | AC10: =IF(Q10="","",AC9*(W10/W9)) -> 104.48845 | AD10: =IF(R10="","",AD9*(X10/X9)) -> 106.23773 | AE10: =IF(S10="","",AE9*(Y10/Y9)) -> 113.67453 | AF10: =IF(U10="","",AF9*(Z10/Z9)) -> 100.11514 | AG10: =IF(V10="","",AG9*(AA10/AA9)) -> 48.079851
B11: =IF(C10=12,B10+1,B10) -> 18 | C11: =IF(C10=12,1,C10+1) -> 7 | D11: =IF(F11="12월",(E11+1)&VLOOKUP(F11,인덱스!$C:$D,2,0),E11&VLOOKUP(F11,인덱스!$C:$D,2,0)) -> 20188 | E11: ="20"&B11 -> 2018 | F11: =C11&"월" -> 7월 | G11: =B11&"."&VLOOKUP(F11,인덱스!$A:$B,2,0) -> 18.07 | H11: =IFERROR(VLOOKUP(G11,#REF!,2,0),) -> 0 | I11: =IF(Q11="","",I10*(Q11/Q10)) -> 93.020033 | J11: =IF(R11="","",J10*(R11/R10)) -> 105.3366 | K11: =IF(S11="","",K10*(S11/S10)) -> 111.13076 | L11: =IF(U11="","",L10*(U11/U10)) -> 94.218285 | M11: =IF(V11="","",M10*(V11/V10)) -> 55.733201 | Q11: =IFERROR(__xludf.DUMMYFUNCTION("iferror(index('지수RAW'!$V$7:$V$12040,MATCH($D11,'지수RAW'!$R$7:$R$12040,0)-1,1),GOOGLEFINANCE(Q$2))"),2295.26) -> 2295.26 | R11: =IFERROR(__xludf.DUMMYFUNCTION("iferror(index('지수RAW'!$F$7:$F$12040,MATCH($D11,'지수RAW'!$B$7:$B$12040,0)-1,1),GOOGLEFINANCE(R$2))"),2816.29) -> 2816.29 | S11: =IFERROR(__xludf.DUMMYFUNCTION("iferror(index('지수RAW'!$N$7:$N$12040,MATCH($D11,'지수RAW'!$J$7:$J$12040,0)-1,1),GOOGLEFINANCE(S$2))"),7671.79) -> 7671.79 | U11: {=IFERROR(INDEX(지수RAW!$AT$7:$AT$12040,MATCH($D11,지수RAW!$AP$7:$AP$12040,0)-1,1),지수RAW!$AU$4)} -> 1233.6 | V11: =IFERROR(__xludf.DUMMYFUNCTION("iferror(index('지수RAW'!$AL$7:$AL$12040,MATCH($D11,'지수RAW'!$AH$7:$AH$12040,0)-1,1),GOOGLEFINANCE(V$2))"),7736.32) -> 7736.32 | W11: =IFERROR(__xludf.DUMMYFUNCTION("iferror(index('지수RAW'!$AD$7:$AD$12040,MATCH($D11,'지수RAW'!$Z$7:$Z$12040,0)-1,1),GOOGLEFINANCE(W$2))"),1112.2) -> 1112.2 | X11: =$W11*R11 -> 3132277.7 | Y11: =$W11*S11 -> 8532564.8 | Z11: =$W11*U11 -> 1372009.9 | AA11: =$W11*V11 -> 8604335.1 | AC11: =IF(Q11="","",AC10*(W11/W10)) -> 104.32711 | AD11: =IF(R11="","",AD10*(X11/X10)) -> 109.89463 | AE11: =IF(S11="","",AE10*(Y11/Y10)) -> 115.93951 | AF11: =IF(U11="","",AF10*(Z11/Z10)) -> 98.295211 | AG11: =IF(V11="","",AG10*(AA11/AA10)) -> 58.144836
B12: =IF(C11=12,B11+1,B11) -> 18 | C12: =IF(C11=12,1,C11+1) -> 8 | D12: =IF(F12="12월",(E12+1)&VLOOKUP(F12,인덱스!$C:$D,2,0),E12&VLOOKUP(F12,인덱스!$C:$D,2,0)) -> 20189 | E12: ="20"&B12 -> 2018 | F12: =C12&"월" -> 8월 | G12: =B12&"."&VLOOKUP(F12,인덱스!$A:$B,2,0) -> 18.08 | H12: =IFERROR(VLOOKUP(G12,#REF!,2,0),) -> 0 | I12: =IF(Q12="","",I11*(Q12/Q11)) -> 94.139389 | J12: =IF(R12="","",J11*(R12/R11)) -> 108.52443 | K12: =IF(S12="","",K11*(S12/S11)) -> 117.47185 | L12: =IF(U12="","",L11*(U12/U11)) -> 92.163752 | M12: =IF(V12="","",M11*(V12/V11)) -> 50.517002 | Q12: =IFERROR(__xludf.DUMMYFUNCTION("iferror(index('지수RAW'!$V$7:$V$12040,MATCH($D12,'지수RAW'!$R$7:$R$12040,0)-1,1),GOOGLEFINANCE(Q$2))"),2322.88) -> 2322.88 | R12: =IFERROR(__xludf.DUMMYFUNCTION("iferror(index('지수RAW'!$F$7:$F$12040,MATCH($D12,'지수RAW'!$B$7:$B$12040,0)-1,1),GOOGLEFINANCE(R$2))"),2901.52) -> 2901.52 | S12: =IFERROR(__xludf.DUMMYFUNCTION("iferror(index('지수RAW'!$N$7:$N$12040,MATCH($D12,'지수RAW'!$J$7:$J$12040,0)-1,1),GOOGLEFINANCE(S$2))"),8109.54) -> 8109.54 | U12: {=IFERROR(INDEX(지수RAW!$AT$7:$AT$12040,MATCH($D12,지수RAW!$AP$7:$AP$12040,0)-1,1),지수RAW!$AU$4)} -> 1206.7 | V12: =IFERROR(__xludf.DUMMYFUNCTION("iferror(index('지수RAW'!$AL$7:$AL$12040,MATCH($D12,'지수RAW'!$AH$7:$AH$12040,0)-1,1),GOOGLEFINANCE(V$2))"),7012.26) -> 7012.26 | W12: =IFERROR(__xludf.DUMMYFUNCTION("iferror(index('지수RAW'!$AD$7:$AD$12040,MATCH($D12,'지수RAW'!$Z$7:$Z$12040,0)-1,1),GOOGLEFINANCE(W$2))"),1114.64) -> 1114.64 | X12: =$W12*R12 -> 3234150.3 | Y12: =$W12*S12 -> 9039217.7 | Z12: =$W12*U12 -> 1345036.1 | AA12: =$W12*V12 -> 7816145.5 | AC12: =IF(Q12="","",AC11*(W12/W11)) -> 104.55599 | AD12: =IF(R12="","",AD11*(X12/X11)) -> 113.46879 | AE12: =IF(S12="","",AE11*(Y12/Y11)) -> 122.82385 | AF12: =IF(U12="","",AF11*(Z12/Z11)) -> 96.362719 | AG12: =IF(V12="","",AG11*(AA12/AA11)) -> 52.81855
B13: =IF(C12=12,B12+1,B12) -> 18 | C13: =IF(C12=12,1,C12+1) -> 9 | D13: =IF(F13="12월",(E13+1)&VLOOKUP(F13,인덱스!$C:$D,2,0),E13&VLOOKUP(F13,인덱스!$C:$D,2,0)) -> 201810 | E13: ="20"&B13 -> 2018 | F13: =C13&"월" -> 9월 | G13: =B13&"."&VLOOKUP(F13,인덱스!$A:$B,2,0) -> 18.09 | H13: =IFERROR(VLOOKUP(G13,#REF!,2,0),) -> 0 | I13: =IF(Q13="","",I12*(Q13/Q12)) -> 94.957629 | J13: =IF(R13="","",J12*(R13/R12)) -> 108.99047 | K13: =IF(S13="","",K12*(S13/S12)) -> 116.5565 | L13: =IF(U13="","",L12*(U13/U12)) -> 91.361796 | M13: =IF(V13="","",M12*(V13/V12)) -> 47.68219 | Q13: =IFERROR(__xludf.DUMMYFUNCTION("iferror(index('지수RAW'!$V$7:$V$12040,MATCH($D13,'지수RAW'!$R$7:$R$12040,0)-1,1),GOOGLEFINANCE(Q$2))"),2343.07) -> 2343.07 | R13: =IFERROR(__xludf.DUMMYFUNCTION("iferror(index('지수RAW'!$F$7:$F$12040,MATCH($D13,'지수RAW'!$B$7:$B$12040,0)-1,1),GOOGLEFINANCE(R$2))"),2913.98) -> 2913.98 | S13: =IFERROR(__xludf.DUMMYFUNCTION("iferror(index('지수RAW'!$N$7:$N$12040,MATCH($D13,'지수RAW'!$J$7:$J$12040,0)-1,1),GOOGLEFINANCE(S$2))"),8046.35) -> 8046.35 | U13: {=IFERROR(INDEX(지수RAW!$AT$7:$AT$12040,MATCH($D13,지수RAW!$AP$7:$AP$12040,0)-1,1),지수RAW!$AU$4)} -> 1196.2 | V13: =IFERROR(__xludf.DUMMYFUNCTION("iferror(index('지수RAW'!$AL$7:$AL$12040,MATCH($D13,'지수RAW'!$AH$7:$AH$12040,0)-1,1),GOOGLEFINANCE(V$2))"),6618.76) -> 6618.76 | W13: =IFERROR(__xludf.DUMMYFUNCTION("iferror(index('지수RAW'!$AD$7:$AD$12040,MATCH($D13,'지수RAW'!$Z$7:$Z$12040,0)-1,1),GOOGLEFINANCE(W$2))"),1109.01) -> 1109.01 | X13: =$W13*R13 -> 3231633 | Y13: =$W13*S13 -> 8923482.6 | Z13: =$W13*U13 -> 1326597.8 | AA13: =$W13*V13 -> 7340271 | AC13: =IF(Q13="","",AC12*(W13/W12)) -> 104.02788 | AD13: =IF(R13="","",AD12*(X13/X12)) -> 113.38047 | AE13: =IF(S13="","",AE12*(Y13/Y12)) -> 121.25126 | AF13: =IF(U13="","",AF12*(Z13/Z12)) -> 95.041738 | AG13: =IF(V13="","",AG12*(AA13/AA12)) -> 49.60277
B14: =IF(C13=12,B13+1,B13) -> 18 | C14: =IF(C13=12,1,C13+1) -> 10 | D14: =IF(F14="12월",(E14+1)&VLOOKUP(F14,인덱스!$C:$D,2,0),E14&VLOOKUP(F14,인덱스!$C:$D,2,0)) -> 201811 | E14: ="20"&B14 -> 2018 | F14: =C14&"월" -> 10월 | G14: =B14&"."&VLOOKUP(F14,인덱스!$A:$B,2,0) -> 18.10 | H14: =IFERROR(VLOOKUP(G14,#REF!,2,0),) -> 0 | I14: =IF(Q14="","",I13*(Q14/Q13)) -> 82.257274 | J14: =IF(R14="","",J13*(R14/R13)) -> 101.42616 | K14: =IF(S14="","",K13*(S14/S13)) -> 105.83061 | L14: =IF(U14="","",L13*(U14/U13)) -> 92.797678 | M14: =IF(V14="","",M13*(V14/V13)) -> 45.676713 | Q14: =IFERROR(__xludf.DUMMYFUNCTION("iferror(index('지수RAW'!$V$7:$V$12040,MATCH($D14,'지수RAW'!$R$7:$R$12040,0)-1,1),GOOGLEFINANCE(Q$2))"),2029.69) -> 2029.69 | R14: =IFERROR(__xludf.DUMMYFUNCTION("iferror(index('지수RAW'!$F$7:$F$12040,MATCH($D14,'지수RAW'!$B$7:$B$12040,0)-1,1),GOOGLEFINANCE(R$2))"),2711.74) -> 2711.74 | S14: =IFERROR(__xludf.DUMMYFUNCTION("iferror(index('지수RAW'!$N$7:$N$12040,MATCH($D14,'지수RAW'!$J$7:$J$12040,0)-1,1),GOOGLEFINANCE(S$2))"),7305.9) -> 7305.9 | U14: {=IFERROR(INDEX(지수RAW!$AT$7:$AT$12040,MATCH($D14,지수RAW!$AP$7:$AP$12040,0)-1,1),지수RAW!$AU$4)} -> 1215 | V14: =IFERROR(__xludf.DUMMYFUNCTION("iferror(index('지수RAW'!$AL$7:$AL$12040,MATCH($D14,'지수RAW'!$AH$7:$AH$12040,0)-1,1),GOOGLEFINANCE(V$2))"),6340.38) -> 6340.38 | W14: =IFERROR(__xludf.DUMMYFUNCTION("iferror(index('지수RAW'!$AD$7:$AD$12040,MATCH($D14,'지수RAW'!$Z$7:$Z$12040,0)-1,1),GOOGLEFINANCE(W$2))"),1140.97) -> 1140.97 | X14: =$W14*R14 -> 3094014 | Y14: =$W14*S14 -> 8335812.7 | Z14: =$W14*U14 -> 1386278.6 | AA14: =$W14*V14 -> 7234183.4 | AC14: =IF(Q14="","",AC13*(W14/W13)) -> 107.02581 | AD14: =IF(R14="","",AD13*(X14/X13)) -> 108.55217 | AE14: =IF(S14="","",AE13*(Y14/Y13)) -> 113.26607 | AF14: =IF(U14="","",AF13*(Z14/Z13)) -> 99.317462 | AG14: =IF(V14="","",AG13*(AA14/AA13)) -> 48.88587
B15: =IF(C14=12,B14+1,B14) -> 18 | C15: =IF(C14=12,1,C14+1) -> 11 | D15: =IF(F15="12월",(E15+1)&VLOOKUP(F15,인덱스!$C:$D,2,0),E15&VLOOKUP(F15,인덱스!$C:$D,2,0)) -> 201812 | E15: ="20"&B15 -> 2018 | F15: =C15&"월" -> 11월 | G15: =B15&"."&VLOOKUP(F15,인덱스!$A:$B,2,0) -> 18.11 | H15: =IFERROR(VLOOKUP(G15,#REF!,2,0),) -> 0 | I15: =IF(Q15="","",I14*(Q15/Q14)) -> 84.979473 | J15: =IF(R15="","",J14*(R15/R14)) -> 103.23757 | K15: =IF(S15="","",K14*(S15/S14)) -> 106.18754 | L15: =IF(U15="","",L14*(U15/U14)) -> 93.637822 | M15: =IF(V15="","",M14*(V15/V14)) -> 28.969382 | Q15: =IFERROR(__xludf.DUMMYFUNCTION("iferror(index('지수RAW'!$V$7:$V$12040,MATCH($D15,'지수RAW'!$R$7:$R$12040,0)-1,1),GOOGLEFINANCE(Q$2))"),2096.86) -> 2096.86 | R15: =IFERROR(__xludf.DUMMYFUNCTION("iferror(index('지수RAW'!$F$7:$F$12040,MATCH($D15,'지수RAW'!$B$7:$B$12040,0)-1,1),GOOGLEFINANCE(R$2))"),2760.17) -> 2760.17 | S15: =IFERROR(__xludf.DUMMYFUNCTION("iferror(index('지수RAW'!$N$7:$N$12040,MATCH($D15,'지수RAW'!$J$7:$J$12040,0)-1,1),GOOGLEFINANCE(S$2))"),7330.54) -> 7330.54 | U15: {=IFERROR(INDEX(지수RAW!$AT$7:$AT$12040,MATCH($D15,지수RAW!$AP$7:$AP$12040,0)-1,1),지수RAW!$AU$4)} -> 1226 | V15: =IFERROR(__xludf.DUMMYFUNCTION("iferror(index('지수RAW'!$AL$7:$AL$12040,MATCH($D15,'지수RAW'!$AH$7:$AH$12040,0)-1,1),GOOGLEFINANCE(V$2))"),4021.237) -> 4021.237 | W15: =IFERROR(__xludf.DUMMYFUNCTION("iferror(index('지수RAW'!$AD$7:$AD$12040,MATCH($D15,'지수RAW'!$Z$7:$Z$12040,0)-1,1),GOOGLEFINANCE(W$2))"),1119.53) -> 1119.53 | X15: =$W15*R15 -> 3090093.1 | Y15: =$W15*S15 -> 8206759.4 | Z15: =$W15*U15 -> 1372543.8 | AA15: =$W15*V15 -> 4501895.5 | AC15: =IF(Q15="","",AC14*(W15/W14)) -> 105.01468 | AD15: =IF(R15="","",AD14*(X15/X14)) -> 108.4146 | AE15: =IF(S15="","",AE14*(Y15/Y14)) -> 111.51251 | AF15: =IF(U15="","",AF14*(Z15/Z14)) -> 98.333459 | AG15: =IF(V15="","",AG14*(AA15/AA14)) -> 30.422104
B16: =IF(C15=12,B15+1,B15) -> 18 | C16: =IF(C15=12,1,C15+1) -> 12 | D16: =IF(F16="12월",(E16+1)&VLOOKUP(F16,인덱스!$C:$D,2,0),E16&VLOOKUP(F16,인덱스!$C:$D,2,0)) -> 20191 | E16: ="20"&B16 -> 2018 | F16: =C16&"월" -> 12월 | G16: =B16&"."&VLOOKUP(F16,인덱스!$A:$B,2,0) -> 18.12 | H16: =IFERROR(VLOOKUP(G16,#REF!,2,0),) -> 0 | I16: =IF(Q16="","",I15*(Q16/Q15)) -> 82.717255 | J16: =IF(R16="","",J15*(R16/R15)) -> 93.76274 | K16: =IF(S16="","",K15*(S16/S15)) -> 96.116256 | L16: =IF(U16="","",L15*(U16/U15)) -> 97.861453 | M16: =IF(V16="","",M15*(V16/V15)) -> 26.740939 | Q16: =IFERROR(__xludf.DUMMYFUNCTION("iferror(index('지수RAW'!$V$7:$V$12040,MATCH($D16,'지수RAW'!$R$7:$R$12040,0)-1,1),GOOGLEFINANCE(Q$2))"),2041.04) -> 2041.04 | R16: =IFERROR(__xludf.DUMMYFUNCTION("iferror(index('지수RAW'!$F$7:$F$12040,MATCH($D16,'지수RAW'!$B$7:$B$12040,0)-1,1),GOOGLEFINANCE(R$2))"),2506.85) -> 2506.85 | S16: =IFERROR(__xludf.DUMMYFUNCTION("iferror(index('지수RAW'!$N$7:$N$12040,MATCH($D16,'지수RAW'!$J$7:$J$12040,0)-1,1),GOOGLEFINANCE(S$2))"),6635.28) -> 6635.28 | U16: {=IFERROR(INDEX(지수RAW!$AT$7:$AT$12040,MATCH($D16,지수RAW!$AP$7:$AP$12040,0)-1,1),지수RAW!$AU$4)} -> 1281.3 | V16: =IFERROR(__xludf.DUMMYFUNCTION("iferror(index('지수RAW'!$AL$7:$AL$12040,MATCH($D16,'지수RAW'!$AH$7:$AH$12040,0)-1,1),GOOGLEFINANCE(V$2))"),3711.907) -> 3711.907 | W16: =IFERROR(__xludf.DUMMYFUNCTION("iferror(index('지수RAW'!$AD$7:$AD$12040,MATCH($D16,'지수RAW'!$Z$7:$Z$12040,0)-1,1),GOOGLEFINANCE(W$2))"),1112.5) -> 1112.5 | X16: =$W16*R16 -> 2788870.6 | Y16: =$W16*S16 -> 7381749 | Z16: =$W16*U16 -> 1425446.2 | AA16: =$W16*V16 -> 4129496.5 | AC16: =IF(Q16="","",AC15*(W16/W15)) -> 104.35525 | AD16: =IF(R16="","",AD15*(X16/X15)) -> 97.846341 | AE16: =IF(S16="","",AE15*(Y16/Y15)) -> 100.30236 | AF16: =IF(U16="","",AF15*(Z16/Z15)) -> 102.12356 | AG16: =IF(V16="","",AG15*(AA16/AA15)) -> 27.905573
B17: =IF(C16=12,B16+1,B16) -> 19 | C17: =IF(C16=12,1,C16+1) -> 1 | D17: =IF(F17="12월",(E17+1)&VLOOKUP(F17,인덱스!$C:$D,2,0),E17&VLOOKUP(F17,인덱스!$C:$D,2,0)) -> 20192 | E17: ="20"&B17 -> 2019 | F17: =C17&"월" -> 1월 | G17: =B17&"."&VLOOKUP(F17,인덱스!$A:$B,2,0) -> 19.01 | H17: =IFERROR(VLOOKUP(G17,#REF!,2,0),) -> 0 | I17: =IF(Q17="","",I16*(Q17/Q16)) -> 89.355985 | J17: =IF(R17="","",J16*(R17/R16)) -> 101.14041 | K17: =IF(S17="","",K16*(S17/S16)) -> 105.48064 | L17: =IF(U17="","",L16*(U17/U16)) -> 101.21439 | M17: =IF(V17="","",M16*(V17/V16)) -> 24.633279 | Q17: =IFERROR(__xludf.DUMMYFUNCTION("iferror(index('지수RAW'!$V$7:$V$12040,MATCH($D17,'지수RAW'!$R$7:$R$12040,0)-1,1),GOOGLEFINANCE(Q$2))"),2204.85) -> 2204.85 | R17: =IFERROR(__xludf.DUMMYFUNCTION("iferror(index('지수RAW'!$F$7:$F$12040,MATCH($D17,'지수RAW'!$B$7:$B$12040,0)-1,1),GOOGLEFINANCE(R$2))"),2704.1) -> 2704.1 | S17: =IFERROR(__xludf.DUMMYFUNCTION("iferror(index('지수RAW'!$N$7:$N$12040,MATCH($D17,'지수RAW'!$J$7:$J$12040,0)-1,1),GOOGLEFINANCE(S$2))"),7281.74) -> 7281.74 | U17: {=IFERROR(INDEX(지수RAW!$AT$7:$AT$12040,MATCH($D17,지수RAW!$AP$7:$AP$12040,0)-1,1),지수RAW!$AU$4)} -> 1325.2 | V17: =IFERROR(__xludf.DUMMYFUNCTION("iferror(index('지수RAW'!$AL$7:$AL$12040,MATCH($D17,'지수RAW'!$AH$7:$AH$12040,0)-1,1),GOOGLEFINANCE(V$2))"),3419.343) -> 3419.343 | W17: =IFERROR(__xludf.DUMMYFUNCTION("iferror(index('지수RAW'!$AD$7:$AD$12040,MATCH($D17,'지수RAW'!$Z$7:$Z$12040,0)-1,1),GOOGLEFINANCE(W$2))"),1111.55) -> 1111.55 | X17: =$W17*R17 -> 3005742.4 | Y17: =$W17*S17 -> 8094018.1 | Z17: =$W17*U17 -> 1473026.1 | AA17: =$W17*V17 -> 3800770.7 | AC17: =IF(Q17="","",AC16*(W17/W16)) -> 104.26614 | AD17: =IF(R17="","",AD16*(X17/X16)) -> 105.45519 | AE17: =IF(S17="","",AE16*(Y17/Y16)) -> 109.98059 | AF17: =IF(U17="","",AF16*(Z17/Z16)) -> 105.53233 | AG17: =IF(V17="","",AG16*(AA17/AA16)) -> 25.684168
B18: =IF(C17=12,B17+1,B17) -> 19 | C18: =IF(C17=12,1,C17+1) -> 2 | D18: =IF(F18="12월",(E18+1)&VLOOKUP(F18,인덱스!$C:$D,2,0),E18&VLOOKUP(F18,인덱스!$C:$D,2,0)) -> 20193 | E18: ="20"&B18 -> 2019 | F18: =C18&"월" -> 2월 | G18: =B18&"."&VLOOKUP(F18,인덱스!$A:$B,2,0) -> 19.02 | H18: =IFERROR(VLOOKUP(G18,#REF!,2,0),) -> 0 | I18: =IF(Q18="","",I17*(Q18/Q17)) -> 88.974626 | J18: =IF(R18="","",J17*(R18/R17)) -> 104.1472 | K18: =IF(S18="","",K17*(S18/S17)) -> 109.11349 | L18: =IF(U18="","",L17*(U18/U17)) -> 100.51936 | M18: =IF(V18="","",M17*(V18/V17)) -> 27.389084 | Q18: =IFERROR(__xludf.DUMMYFUNCTION("iferror(index('지수RAW'!$V$7:$V$12040,MATCH($D18,'지수RAW'!$R$7:$R$12040,0)-1,1),GOOGLEFINANCE(Q$2))"),2195.44) -> 2195.44 | R18: =IFERROR(__xludf.DUMMYFUNCTION("iferror(index('지수RAW'!$F$7:$F$12040,MATCH($D18,'지수RAW'!$B$7:$B$12040,0)-1,1),GOOGLEFINANCE(R$2))"),2784.49) -> 2784.49 | S18: =IFERROR(__xludf.DUMMYFUNCTION("iferror(index('지수RAW'!$N$7:$N$12040,MATCH($D18,'지수RAW'!$J$7:$J$12040,0)-1,1),GOOGLEFINANCE(S$2))"),7532.53) -> 7532.53 | U18: {=IFERROR(INDEX(지수RAW!$AT$7:$AT$12040,MATCH($D18,지수RAW!$AP$7:$AP$12040,0)-1,1),지수RAW!$AU$4)} -> 1316.1 | V18: =IFERROR(__xludf.DUMMYFUNCTION("iferror(index('지수RAW'!$AL$7:$AL$12040,MATCH($D18,'지수RAW'!$AH$7:$AH$12040,0)-1,1),GOOGLEFINANCE(V$2))"),3801.876) -> 3801.876 | W18: =IFERROR(__xludf.DUMMYFUNCTION("iferror(index('지수RAW'!$AD$7:$AD$12040,MATCH($D18,'지수RAW'!$Z$7:$Z$12040,0)-1,1),GOOGLEFINANCE(W$2))"),1124.22) -> 1124.22 | X18: =$W18*R18 -> 3130379.3 | Y18: =$W18*S18 -> 8468220.9 | Z18: =$W18*U18 -> 1479585.9 | AA18: =$W18*V18 -> 4274145 | AC18: =IF(Q18="","",AC17*(W18/W17)) -> 105.45461 | AD18: =IF(R18="","",AD17*(X18/X17)) -> 109.82803 | AE18: =IF(S18="","",AE17*(Y18/Y17)) -> 115.06521 | AF18: =IF(U18="","",AF17*(Z18/Z17)) -> 106.0023 | AG18: =IF(V18="","",AG17*(AA18/AA17)) -> 28.883053
B19: =IF(C18=12,B18+1,B18) -> 19 | C19: =IF(C18=12,1,C18+1) -> 3 | D19: =IF(F19="12월",(E19+1)&VLOOKUP(F19,인덱스!$C:$D,2,0),E19&VLOOKUP(F19,인덱스!$C:$D,2,0)) -> 20194 | E19: ="20"&B19 -> 2019 | F19: =C19&"월" -> 3월 | G19: =B19&"."&VLOOKUP(F19,인덱스!$A:$B,2,0) -> 19.03 | H19: =IFERROR(VLOOKUP(G19,#REF!,2,0),) -> 0 | I19: =IF(Q19="","",I18*(Q19/Q18)) -> 86.754962 | J19: =IF(R19="","",J18*(R19/R18)) -> 106.01397 | K19: =IF(S19="","",K18*(S19/S18)) -> 111.96412 | L19: =IF(U19="","",L18*(U19/U18)) -> 99.175132 | M19: =IF(V19="","",M18*(V19/V18)) -> 29.6899 | Q19: =IFERROR(__xludf.DUMMYFUNCTION("iferror(index('지수RAW'!$V$7:$V$12040,MATCH($D19,'지수RAW'!$R$7:$R$12040,0)-1,1),GOOGLEFINANCE(Q$2))"),2140.67) -> 2140.67 | R19: =IFERROR(__xludf.DUMMYFUNCTION("iferror(index('지수RAW'!$F$7:$F$12040,MATCH($D19,'지수RAW'!$B$7:$B$12040,0)-1,1),GOOGLEFINANCE(R$2))"),2834.4) -> 2834.4 | S19: =IFERROR(__xludf.DUMMYFUNCTION("iferror(index('지수RAW'!$N$7:$N$12040,MATCH($D19,'지수RAW'!$J$7:$J$12040,0)-1,1),GOOGLEFINANCE(S$2))"),7729.32) -> 7729.32 | U19: {=IFERROR(INDEX(지수RAW!$AT$7:$AT$12040,MATCH($D19,지수RAW!$AP$7:$AP$12040,0)-1,1),지수RAW!$AU$4)} -> 1298.5 | V19: =IFERROR(__xludf.DUMMYFUNCTION("iferror(index('지수RAW'!$AL$7:$AL$12040,MATCH($D19,'지수RAW'!$AH$7:$AH$12040,0)-1,1),GOOGLEFINANCE(V$2))"),4121.252) -> 4121.252 | W19: =IFERROR(__xludf.DUMMYFUNCTION("iferror(index('지수RAW'!$AD$7:$AD$12040,MATCH($D19,'지수RAW'!$Z$7:$Z$12040,0)-1,1),GOOGLEFINANCE(W$2))"),1136.7) -> 1136.7 | X19: =$W19*R19 -> 3221862.5 | Y19: =$W19*S19 -> 8785918 | Z19: =$W19*U19 -> 1476004.9 | AA19: =$W19*V19 -> 4684627.1 | AC19: =IF(Q19="","",AC18*(W19/W18)) -> 106.62527 | AD19: =IF(R19="","",AD18*(X19/X18)) -> 113.03768 | AE19: =IF(S19="","",AE18*(Y19/Y18)) -> 119.38205 | AF19: =IF(U19="","",AF18*(Z19/Z18)) -> 105.74575 | AG19: =IF(V19="","",AG18*(AA19/AA18)) -> 31.656935
B20: =IF(C19=12,B19+1,B19) -> 19 | C20: =IF(C19=12,1,C19+1) -> 4 | D20: =IF(F20="12월",(E20+1)&VLOOKUP(F20,인덱스!$C:$D,2,0),E20&VLOOKUP(F20,인덱스!$C:$D,2,0)) -> 20195 | E20: ="20"&B20 -> 2019 | F20: =C20&"월" -> 4월 | G20: =B20&"."&VLOOKUP(F20,인덱스!$A:$B,2,0) -> 19.04 | H20: =IFERROR(VLOOKUP(G20,#REF!,2,0),) -> 0 | I20: =IF(Q20="","",I19*(Q20/Q19)) -> 89.304921 | J20: =IF(R20="","",J19*(R20/R19)) -> 110.18174 | K20: =IF(S20="","",K19*(S20/S19)) -> 117.26688 | L20: =IF(U20="","",L19*(U20/U19)) -> 98.19751 | M20: =IF(V20="","",M19*(V20/V19)) -> 38.084784 | Q20: =IFERROR(__xludf.DUMMYFUNCTION("iferror(index('지수RAW'!$V$7:$V$12040,MATCH($D20,'지수RAW'!$R$7:$R$12040,0)-1,1),GOOGLEFINANCE(Q$2))"),2203.59) -> 2203.59 | R20: =IFERROR(__xludf.DUMMYFUNCTION("iferror(index('지수RAW'!$F$7:$F$12040,MATCH($D20,'지수RAW'!$B$7:$B$12040,0)-1,1),GOOGLEFINANCE(R$2))"),2945.83) -> 2945.83 | S20: =IFERROR(__xludf.DUMMYFUNCTION("iferror(index('지수RAW'!$N$7:$N$12040,MATCH($D20,'지수RAW'!$J$7:$J$12040,0)-1,1),GOOGLEFINANCE(S$2))"),8095.39) -> 8095.39 | U20: {=IFERROR(INDEX(지수RAW!$AT$7:$AT$12040,MATCH($D20,지수RAW!$AP$7:$AP$12040,0)-1,1),지수RAW!$AU$4)} -> 1285.7 | V20: =IFERROR(__xludf.DUMMYFUNCTION("iferror(index('지수RAW'!$AL$7:$AL$12040,MATCH($D20,'지수RAW'!$AH$7:$AH$12040,0)-1,1),GOOGLEFINANCE(V$2))"),5286.545) -> 5286.545 | W20: =IFERROR(__xludf.DUMMYFUNCTION("iferror(index('지수RAW'!$AD$7:$AD$12040,MATCH($D20,'지수RAW'!$Z$7:$Z$12040,0)-1,1),GOOGLEFINANCE(W$2))"),1163.26) -> 1163.26 | X20: =$W20*R20 -> 3426766.2 | Y20: =$W20*S20 -> 9417043.4 | Z20: =$W20*U20 -> 1495603.4 | AA20: =$W20*V20 -> 6149626.3 | AC20: =IF(Q20="","",AC19*(W20/W19)) -> 109.11666 | AD20: =IF(R20="","",AD19*(X20/X19)) -> 120.22664 | AE20: =IF(S20="","",AE19*(Y20/Y19)) -> 127.9577 | AF20: =IF(U20="","",AF19*(Z20/Z19)) -> 107.14985 | AG20: =IF(V20="","",AG19*(AA20/AA19)) -> 41.556845
B21: =IF(C20=12,B20+1,B20) -> 19 | C21: =IF(C20=12,1,C20+1) -> 5 | D21: =IF(F21="12월",(E21+1)&VLOOKUP(F21,인덱스!$C:$D,2,0),E21&VLOOKUP(F21,인덱스!$C:$D,2,0)) -> 20196 | E21: ="20"&B21 -> 2019 | F21: =C21&"월" -> 5월 | G21: =B21&"."&VLOOKUP(F21,인덱스!$A:$B,2,0) -> 19.05 | H21: =IFERROR(VLOOKUP(G21,#REF!,2,0),) -> 0 | I21: =IF(Q21="","",I20*(Q21/Q20)) -> 82.745624 | J21: =IF(R21="","",J20*(R21/R20)) -> 102.93423 | K21: =IF(S21="","",K20*(S21/S20)) -> 107.96362 | L21: =IF(U21="","",L20*(U21/U20)) -> 100.13748 | M21: =IF(V21="","",M20*(V21/V20)) -> 61.626635 | Q21: =IFERROR(__xludf.DUMMYFUNCTION("iferror(index('지수RAW'!$V$7:$V$12040,MATCH($D21,'지수RAW'!$R$7:$R$12040,0)-1,1),GOOGLEFINANCE(Q$2))"),2041.74) -> 2041.74 | R21: =IFERROR(__xludf.DUMMYFUNCTION("iferror(index('지수RAW'!$F$7:$F$12040,MATCH($D21,'지수RAW'!$B$7:$B$12040,0)-1,1),GOOGLEFINANCE(R$2))"),2752.06) -> 2752.06 | S21: =IFERROR(__xludf.DUMMYFUNCTION("iferror(index('지수RAW'!$N$7:$N$12040,MATCH($D21,'지수RAW'!$J$7:$J$12040,0)-1,1),GOOGLEFINANCE(S$2))"),7453.15) -> 7453.15 | U21: {=IFERROR(INDEX(지수RAW!$AT$7:$AT$12040,MATCH($D21,지수RAW!$AP$7:$AP$12040,0)-1,1),지수RAW!$AU$4)} -> 1311.1 | V21: =IFERROR(__xludf.DUMMYFUNCTION("iferror(index('지수RAW'!$AL$7:$AL$12040,MATCH($D21,'지수RAW'!$AH$7:$AH$12040,0)-1,1),GOOGLEFINANCE(V$2))"),8554.387) -> 8554.387 | W21: =IFERROR(__xludf.DUMMYFUNCTION("iferror(index('지수RAW'!$AD$7:$AD$12040,MATCH($D21,'지수RAW'!$Z$7:$Z$12040,0)-1,1),GOOGLEFINANCE(W$2))"),1187.97) -> 1187.97 | X21: =$W21*R21 -> 3269364.7 | Y21: =$W21*S21 -> 8854118.6 | Z21: =$W21*U21 -> 1557547.5 | AA21: =$W21*V21 -> 10162355 | AC21: =IF(Q21="","",AC20*(W21/W20)) -> 111.43452 | AD21: =IF(R21="","",AD20*(X21/X20)) -> 114.70427 | AE21: =IF(S21="","",AE20*(Y21/Y20)) -> 120.30875 | AF21: =IF(U21="","",AF20*(Z21/Z20)) -> 111.58772 | AG21: =IF(V21="","",AG20*(AA21/AA20)) -> 68.673345
B22: =IF(C21=12,B21+1,B21) -> 19 | C22: =IF(C21=12,1,C21+1) -> 6 | D22: =IF(F22="12월",(E22+1)&VLOOKUP(F22,인덱스!$C:$D,2,0),E22&VLOOKUP(F22,인덱스!$C:$D,2,0)) -> 20197 | E22: ="20"&B22 -> 2019 | F22: =C22&"월" -> 6월 | G22: =B22&"."&VLOOKUP(F22,인덱스!$A:$B,2,0) -> 19.06 | H22: =IFERROR(VLOOKUP(G22,#REF!,2,0),) -> 0 | I22: =IF(Q22="","",I21*(Q22/Q21)) -> 86.347665 | J22: =IF(R22="","",J21*(R22/R21)) -> 110.02951 | K22: =IF(S22="","",K21*(S22/S21)) -> 115.97548 | L22: =IF(U22="","",L21*(U22/U21)) -> 107.97373 | M22: =IF(V22="","",M21*(V22/V21)) -> 77.582219 | Q22: =IFERROR(__xludf.DUMMYFUNCTION("iferror(index('지수RAW'!$V$7:$V$12040,MATCH($D22,'지수RAW'!$R$7:$R$12040,0)-1,1),GOOGLEFINANCE(Q$2))"),2130.62) -> 2130.62 | R22: =IFERROR(__xludf.DUMMYFUNCTION("iferror(index('지수RAW'!$F$7:$F$12040,MATCH($D22,'지수RAW'!$B$7:$B$12040,0)-1,1),GOOGLEFINANCE(R$2))"),2941.76) -> 2941.76 | S22: =IFERROR(__xludf.DUMMYFUNCTION("iferror(index('지수RAW'!$N$7:$N$12040,MATCH($D22,'지수RAW'!$J$7:$J$12040,0)-1,1),GOOGLEFINANCE(S$2))"),8006.24) -> 8006.24 | U22: {=IFERROR(INDEX(지수RAW!$AT$7:$AT$12040,MATCH($D22,지수RAW!$AP$7:$AP$12040,0)-1,1),지수RAW!$AU$4)} -> 1413.7 | V22: =IFERROR(__xludf.DUMMYFUNCTION("iferror(index('지수RAW'!$AL$7:$AL$12040,MATCH($D22,'지수RAW'!$AH$7:$AH$12040,0)-1,1),GOOGLEFINANCE(V$2))"),10769.18) -> 10769.18 | W22: =IFERROR(__xludf.DUMMYFUNCTION("iferror(index('지수RAW'!$AD$7:$AD$12040,MATCH($D22,'지수RAW'!$Z$7:$Z$12040,0)-1,1),GOOGLEFINANCE(W$2))"),1155.6) -> 1155.6 | X22: =$W22*R22 -> 3399497.9 | Y22: =$W22*S22 -> 9252010.9 | Z22: =$W22*U22 -> 1633671.7 | AA22: =$W22*V22 -> 12444864 | AC22: =IF(Q22="","",AC21*(W22/W21)) -> 108.39814 | AD22: =IF(R22="","",AD21*(X22/X21)) -> 119.26994 | AE22: =IF(S22="","",AE21*(Y22/Y21)) -> 125.71526 | AF22: =IF(U22="","",AF21*(Z22/Z21)) -> 117.04151 | AG22: =IF(V22="","",AG21*(AA22/AA21)) -> 84.097678
B23: =IF(C22=12,B22+1,B22) -> 19 | C23: =IF(C22=12,1,C22+1) -> 7 | D23: =IF(F23="12월",(E23+1)&VLOOKUP(F23,인덱스!$C:$D,2,0),E23&VLOOKUP(F23,인덱스!$C:$D,2,0)) -> 20198 | E23: ="20"&B23 -> 2019 | F23: =C23&"월" -> 7월 | G23: =B23&"."&VLOOKUP(F23,인덱스!$A:$B,2,0) -> 19.07 | H23: =IFERROR(VLOOKUP(G23,#REF!,2,0),) -> 0 | I23: =IF(Q23="","",I22*(Q23/Q22)) -> 82.048965 | J23: =IF(R23="","",J22*(R23/R22)) -> 111.474 | K23: =IF(S23="","",K22*(S23/S22)) -> 118.42616 | L23: =IF(U23="","",L22*(U23/U22)) -> 109.8144 | M23: =IF(V23="","",M22*(V23/V22)) -> 72.651518 | Q23: =IFERROR(__xludf.DUMMYFUNCTION("iferror(index('지수RAW'!$V$7:$V$12040,MATCH($D23,'지수RAW'!$R$7:$R$12040,0)-1,1),GOOGLEFINANCE(Q$2))"),2024.55) -> 2024.55 | R23: =IFERROR(__xludf.DUMMYFUNCTION("iferror(index('지수RAW'!$F$7:$F$12040,MATCH($D23,'지수RAW'!$B$7:$B$12040,0)-1,1),GOOGLEFINANCE(R$2))"),2980.38) -> 2980.38 | S23: =IFERROR(__xludf.DUMMYFUNCTION("iferror(index('지수RAW'!$N$7:$N$12040,MATCH($D23,'지수RAW'!$J$7:$J$12040,0)-1,1),GOOGLEFINANCE(S$2))"),8175.42) -> 8175.42 | U23: {=IFERROR(INDEX(지수RAW!$AT$7:$AT$12040,MATCH($D23,지수RAW!$AP$7:$AP$12040,0)-1,1),지수RAW!$AU$4)} -> 1437.8 | V23: =IFERROR(__xludf.DUMMYFUNCTION("iferror(index('지수RAW'!$AL$7:$AL$12040,MATCH($D23,'지수RAW'!$AH$7:$AH$12040,0)-1,1),GOOGLEFINANCE(V$2))"),10084.75) -> 10084.75 | W23: =IFERROR(__xludf.DUMMYFUNCTION("iferror(index('지수RAW'!$AD$7:$AD$12040,MATCH($D23,'지수RAW'!$Z$7:$Z$12040,0)-1,1),GOOGLEFINANCE(W$2))"),1186.31) -> 1186.31 | X23: =$W23*R23 -> 3535654.6 | Y23: =$W23*S23 -> 9698582.5 | Z23: =$W23*U23 -> 1705676.5 | AA23: =$W23*V23 -> 11963640 | AC23: =IF(Q23="","",AC22*(W23/W22)) -> 111.27881 | AD23: =IF(R23="","",AD22*(X23/X22)) -> 124.04694 | AE23: =IF(S23="","",AE22*(Y23/Y22)) -> 131.78323 | AF23: =IF(U23="","",AF22*(Z23/Z22)) -> 122.20016 | AG23: =IF(V23="","",AG22*(AA23/AA22)) -> 80.845744
B24: =IF(C23=12,B23+1,B23) -> 19 | C24: =IF(C23=12,1,C23+1) -> 8 | D24: =IF(F24="12월",(E24+1)&VLOOKUP(F24,인덱스!$C:$D,2,0),E24&VLOOKUP(F24,인덱스!$C:$D,2,0)) -> 20199 | E24: ="20"&B24 -> 2019 | F24: =C24&"월" -> 8월 | G24: =B24&"."&VLOOKUP(F24,인덱스!$A:$B,2,0) -> 19.08 | H24: =IFERROR(VLOOKUP(G24,#REF!,2,0),) -> 0 | I24: =IF(Q24="","",I23*(Q24/Q23)) -> 79.748651 | J24: =IF(R24="","",J23*(R24/R23)) -> 109.45725 | K24: =IF(S24="","",K23*(S24/S23)) -> 115.34739 | L24: =IF(U24="","",L23*(U24/U23)) -> 117.38333 | M24: =IF(V24="","",M23*(V24/V23)) -> 69.296657 | Q24: =IFERROR(__xludf.DUMMYFUNCTION("iferror(index('지수RAW'!$V$7:$V$12040,MATCH($D24,'지수RAW'!$R$7:$R$12040,0)-1,1),GOOGLEFINANCE(Q$2))"),1967.79) -> 1967.79 | R24: =IFERROR(__xludf.DUMMYFUNCTION("iferror(index('지수RAW'!$F$7:$F$12040,MATCH($D24,'지수RAW'!$B$7:$B$12040,0)-1,1),GOOGLEFINANCE(R$2))"),2926.46) -> 2926.46 | S24: =IFERROR(__xludf.DUMMYFUNCTION("iferror(index('지수RAW'!$N$7:$N$12040,MATCH($D24,'지수RAW'!$J$7:$J$12040,0)-1,1),GOOGLEFINANCE(S$2))"),7962.88) -> 7962.88 | U24: {=IFERROR(INDEX(지수RAW!$AT$7:$AT$12040,MATCH($D24,지수RAW!$AP$7:$AP$12040,0)-1,1),지수RAW!$AU$4)} -> 1536.9 | V24: =IFERROR(__xludf.DUMMYFUNCTION("iferror(index('지수RAW'!$AL$7:$AL$12040,MATCH($D24,'지수RAW'!$AH$7:$AH$12040,0)-1,1),GOOGLEFINANCE(V$2))"),9619.062) -> 9619.062 | W24: =IFERROR(__xludf.DUMMYFUNCTION("iferror(index('지수RAW'!$AD$7:$AD$12040,MATCH($D24,'지수RAW'!$Z$7:$Z$12040,0)-1,1),GOOGLEFINANCE(W$2))"),1209.51) -> 1209.51 | X24: =$W24*R24 -> 3539582.6 | Y24: =$W24*S24 -> 9631183 | Z24: =$W24*U24 -> 1858895.9 | AA24: =$W24*V24 -> 11634352 | AC24: =IF(Q24="","",AC23*(W24/W23)) -> 113.45503 | AD24: =IF(R24="","",AD23*(X24/X23)) -> 124.18475 | AE24: =IF(S24="","",AE23*(Y24/Y23)) -> 130.86741 | AF24: =IF(U24="","",AF23*(Z24/Z23)) -> 133.17729 | AG24: =IF(V24="","",AG23*(AA24/AA23)) -> 78.62054
B25: =IF(C24=12,B24+1,B24) -> 19 | C25: =IF(C24=12,1,C24+1) -> 9 | D25: =IF(F25="12월",(E25+1)&VLOOKUP(F25,인덱스!$C:$D,2,0),E25&VLOOKUP(F25,인덱스!$C:$D,2,0)) -> 201910 | E25: ="20"&B25 -> 2019 | F25: =C25&"월" -> 9월 | G25: =B25&"."&VLOOKUP(F25,인덱스!$A:$B,2,0) -> 19.09 | H25: =IFERROR(VLOOKUP(G25,#REF!,2,0),) -> 0 | I25: =IF(Q25="","",I24*(Q25/Q24)) -> 83.609255 | J25: =IF(R25="","",J24*(R25/R24)) -> 111.33785 | K25: =IF(S25="","",K24*(S25/S24)) -> 115.87539 | L25: =IF(U25="","",L24*(U25/U24)) -> 112.49523 | M25: =IF(V25="","",M24*(V25/V24)) -> 59.76604 | Q25: =IFERROR(__xludf.DUMMYFUNCTION("iferror(index('지수RAW'!$V$7:$V$12040,MATCH($D25,'지수RAW'!$R$7:$R$12040,0)-1,1),GOOGLEFINANCE(Q$2))"),2063.05) -> 2063.05 | R25: =IFERROR(__xludf.DUMMYFUNCTION("iferror(index('지수RAW'!$F$7:$F$12040,MATCH($D25,'지수RAW'!$B$7:$B$12040,0)-1,1),GOOGLEFINANCE(R$2))"),2976.74) -> 2976.74 | S25: =IFERROR(__xludf.DUMMYFUNCTION("iferror(index('지수RAW'!$N$7:$N$12040,MATCH($D25,'지수RAW'!$J$7:$J$12040,0)-1,1),GOOGLEFINANCE(S$2))"),7999.33) -> 7999.33 | U25: {=IFERROR(INDEX(지수RAW!$AT$7:$AT$12040,MATCH($D25,지수RAW!$AP$7:$AP$12040,0)-1,1),지수RAW!$AU$4)} -> 1472.9 | V25: =IFERROR(__xludf.DUMMYFUNCTION("iferror(index('지수RAW'!$AL$7:$AL$12040,MATCH($D25,'지수RAW'!$AH$7:$AH$12040,0)-1,1),GOOGLEFINANCE(V$2))"),8296.118) -> 8296.118 | W25: =IFERROR(__xludf.DUMMYFUNCTION("iferror(index('지수RAW'!$AD$7:$AD$12040,MATCH($D25,'지수RAW'!$Z$7:$Z$12040,0)-1,1),GOOGLEFINANCE(W$2))"),1198) -> 1198 | X25: =$W25*R25 -> 3566134.5 | Y25: =$W25*S25 -> 9583197.3 | Z25: =$W25*U25 -> 1764534.2 | AA25: =$W25*V25 -> 9938749.4 | AC25: =IF(Q25="","",AC24*(W25/W24)) -> 112.37536 | AD25: =IF(R25="","",AD24*(X25/X24)) -> 125.11631 | AE25: =IF(S25="","",AE24*(Y25/Y24)) -> 130.21539 | AF25: =IF(U25="","",AF24*(Z25/Z24)) -> 126.41692 | AG25: =IF(V25="","",AG24*(AA25/AA24)) -> 67.162302
B26: =IF(C25=12,B25+1,B25) -> 19 | C26: =IF(C25=12,1,C25+1) -> 10 | D26: =IF(F26="12월",(E26+1)&VLOOKUP(F26,인덱스!$C:$D,2,0),E26&VLOOKUP(F26,인덱스!$C:$D,2,0)) -> 201911 | E26: ="20"&B26 -> 2019 | F26: =C26&"월" -> 10월 | G26: =B26&"."&VLOOKUP(F26,인덱스!$A:$B,2,0) -> 19.10 | H26: =IFERROR(VLOOKUP(G26,#REF!,2,0),) -> 0 | I26: =IF(Q26="","",I25*(Q26/Q25)) -> 84.437222 | J26: =IF(R26="","",J25*(R26/R25)) -> 113.95716 | K26: =IF(S26="","",K25*(S26/S25)) -> 120.12011 | L26: =IF(U26="","",L25*(U26/U25)) -> 115.69541 | M26: =IF(V26="","",M25*(V26/V25)) -> 65.984919 | Q26: =IFERROR(__xludf.DUMMYFUNCTION("iferror(index('지수RAW'!$V$7:$V$12040,MATCH($D26,'지수RAW'!$R$7:$R$12040,0)-1,1),GOOGLEFINANCE(Q$2))"),2083.48) -> 2083.48 | R26: =IFERROR(__xludf.DUMMYFUNCTION("iferror(index('지수RAW'!$F$7:$F$12040,MATCH($D26,'지수RAW'!$B$7:$B$12040,0)-1,1),GOOGLEFINANCE(R$2))"),3046.77) -> 3046.77 | S26: =IFERROR(__xludf.DUMMYFUNCTION("iferror(index('지수RAW'!$N$7:$N$12040,MATCH($D26,'지수RAW'!$J$7:$J$12040,0)-1,1),GOOGLEFINANCE(S$2))"),8292.36) -> 8292.36 | U26: {=IFERROR(INDEX(지수RAW!$AT$7:$AT$12040,MATCH($D26,지수RAW!$AP$7:$AP$12040,0)-1,1),지수RAW!$AU$4)} -> 1514.8 | V26: =IFERROR(__xludf.DUMMYFUNCTION("iferror(index('지수RAW'!$AL$7:$AL$12040,MATCH($D26,'지수RAW'!$AH$7:$AH$12040,0)-1,1),GOOGLEFINANCE(V$2))"),9159.36) -> 9159.36 | W26: =IFERROR(__xludf.DUMMYFUNCTION("iferror(index('지수RAW'!$AD$7:$AD$12040,MATCH($D26,'지수RAW'!$Z$7:$Z$12040,0)-1,1),GOOGLEFINANCE(W$2))"),1168.55) -> 1168.55 | X26: =$W26*R26 -> 3560303.1 | Y26: =$W26*S26 -> 9690037.3 | Z26: =$W26*U26 -> 1770119.5 | AA26: =$W26*V26 -> 10703170 | AC26: =IF(Q26="","",AC25*(W26/W25)) -> 109.61288 | AD26: =IF(R26="","",AD25*(X26/X25)) -> 124.91172 | AE26: =IF(S26="","",AE25*(Y26/Y25)) -> 131.66711 | AF26: =IF(U26="","",AF25*(Z26/Z25)) -> 126.81707 | AG26: =IF(V26="","",AG25*(AA26/AA25)) -> 72.327968
B27: =IF(C26=12,B26+1,B26) -> 19 | C27: =IF(C26=12,1,C26+1) -> 11 | D27: =IF(F27="12월",(E27+1)&VLOOKUP(F27,인덱스!$C:$D,2,0),E27&VLOOKUP(F27,인덱스!$C:$D,2,0)) -> 201912 | E27: ="20"&B27 -> 2019 | F27: =C27&"월" -> 11월 | G27: =B27&"."&VLOOKUP(F27,인덱스!$A:$B,2,0) -> 19.11 | H27: =IFERROR(VLOOKUP(G27,#REF!,2,0),) -> 0 | I27: =IF(Q27="","",I26*(Q27/Q26)) -> 84.618783 | J27: =IF(R27="","",J26*(R27/R26)) -> 117.48086 | K27: =IF(S27="","",K26*(S27/S26)) -> 125.52485 | L27: =IF(U27="","",L26*(U27/U26)) -> 112.47995 | M27: =IF(V27="","",M26*(V27/V26)) -> 54.563183 | Q27: =IFERROR(__xludf.DUMMYFUNCTION("iferror(index('지수RAW'!$V$7:$V$12040,MATCH($D27,'지수RAW'!$R$7:$R$12040,0)-1,1),GOOGLEFINANCE(Q$2))"),2087.96) -> 2087.96 | R27: =IFERROR(__xludf.DUMMYFUNCTION("iferror(index('지수RAW'!$F$7:$F$12040,MATCH($D27,'지수RAW'!$B$7:$B$12040,0)-1,1),GOOGLEFINANCE(R$2))"),3140.98) -> 3140.98 | S27: =IFERROR(__xludf.DUMMYFUNCTION("iferror(index('지수RAW'!$N$7:$N$12040,MATCH($D27,'지수RAW'!$J$7:$J$12040,0)-1,1),GOOGLEFINANCE(S$2))"),8665.47) -> 8665.47 | U27: {=IFERROR(INDEX(지수RAW!$AT$7:$AT$12040,MATCH($D27,지수RAW!$AP$7:$AP$12040,0)-1,1),지수RAW!$AU$4)} -> 1472.7 | V27: =IFERROR(__xludf.DUMMYFUNCTION("iferror(index('지수RAW'!$AL$7:$AL$12040,MATCH($D27,'지수RAW'!$AH$7:$AH$12040,0)-1,1),GOOGLEFINANCE(V$2))"),7573.91) -> 7573.91 | W27: =IFERROR(__xludf.DUMMYFUNCTION("iferror(index('지수RAW'!$AD$7:$AD$12040,MATCH($D27,'지수RAW'!$Z$7:$Z$12040,0)-1,1),GOOGLEFINANCE(W$2))"),1181.47) -> 1181.47 | X27: =$W27*R27 -> 3710973.6 | Y27: =$W27*S27 -> 10237993 | Z27: =$W27*U27 -> 1739950.9 | AA27: =$W27*V27 -> 8948347.4 | AC27: =IF(Q27="","",AC26*(W27/W26)) -> 110.82481 | AD27: =IF(R27="","",AD26*(X27/X26)) -> 130.19793 | AE27: =IF(S27="","",AE26*(Y27/Y26)) -> 139.11267 | AF27: =IF(U27="","",AF26*(Z27/Z26)) -> 124.65569 | AG27: =IF(V27="","",AG26*(AA27/AA26)) -> 60.469541
B28: =IF(C27=12,B27+1,B27) -> 19 | C28: =IF(C27=12,1,C27+1) -> 12 | D28: =IF(F28="12월",(E28+1)&VLOOKUP(F28,인덱스!$C:$D,2,0),E28&VLOOKUP(F28,인덱스!$C:$D,2,0)) -> 20201 | E28: ="20"&B28 -> 2019 | F28: =C28&"월" -> 12월 | G28: =B28&"."&VLOOKUP(F28,인덱스!$A:$B,2,0) -> 19.12 | H28: =IFERROR(VLOOKUP(G28,#REF!,2,0),) -> 0 | I28: =IF(Q28="","",I27*(Q28/Q27)) -> 89.065001 | J28: =IF(R28="","",J27*(R28/R27)) -> 120.48466 | K28: =IF(S28="","",K27*(S28/S27)) -> 129.97382 | L28: =IF(U28="","",L27*(U28/U27)) -> 115.98564 | M28: =IF(V28="","",M27*(V28/V27)) -> 51.686047 | Q28: =IFERROR(__xludf.DUMMYFUNCTION("iferror(index('지수RAW'!$V$7:$V$12040,MATCH($D28,'지수RAW'!$R$7:$R$12040,0)-1,1),GOOGLEFINANCE(Q$2))"),2197.67) -> 2197.67 | R28: =IFERROR(__xludf.DUMMYFUNCTION("iferror(index('지수RAW'!$F$7:$F$12040,MATCH($D28,'지수RAW'!$B$7:$B$12040,0)-1,1),GOOGLEFINANCE(R$2))"),3221.29) -> 3221.29 | S28: =IFERROR(__xludf.DUMMYFUNCTION("iferror(index('지수RAW'!$N$7:$N$12040,MATCH($D28,'지수RAW'!$J$7:$J$12040,0)-1,1),GOOGLEFINANCE(S$2))"),8972.6) -> 8972.6 | U28: {=IFERROR(INDEX(지수RAW!$AT$7:$AT$12040,MATCH($D28,지수RAW!$AP$7:$AP$12040,0)-1,1),지수RAW!$AU$4)} -> 1518.6 | V28: =IFERROR(__xludf.DUMMYFUNCTION("iferror(index('지수RAW'!$AL$7:$AL$12040,MATCH($D28,'지수RAW'!$AH$7:$AH$12040,0)-1,1),GOOGLEFINANCE(V$2))"),7174.535) -> 7174.535 | W28: =IFERROR(__xludf.DUMMYFUNCTION("iferror(index('지수RAW'!$AD$7:$AD$12040,MATCH($D28,'지수RAW'!$Z$7:$Z$12040,0)-1,1),GOOGLEFINANCE(W$2))"),1153.75) -> 1153.75 | X28: =$W28*R28 -> 3716563.3 | Y28: =$W28*S28 -> 10352137 | Z28: =$W28*U28 -> 1752084.8 | AA28: =$W28*V28 -> 8277619.8 | AC28: =IF(Q28="","",AC27*(W28/W27)) -> 108.2246 | AD28: =IF(R28="","",AD27*(X28/X27)) -> 130.39405 | AE28: =IF(S28="","",AE27*(Y28/Y27)) -> 140.66365 | AF28: =IF(U28="","",AF27*(Z28/Z27)) -> 125.525 | AG28: =IF(V28="","",AG27*(AA28/AA27)) -> 55.937018
B29: =IF(C28=12,B28+1,B28) -> 20 | C29: =IF(C28=12,1,C28+1) -> 1 | D29: =IF(F29="12월",(E29+1)&VLOOKUP(F29,인덱스!$C:$D,2,0),E29&VLOOKUP(F29,인덱스!$C:$D,2,0)) -> 20202 | E29: ="20"&B29 -> 2020 | F29: =C29&"월" -> 1월 | G29: =B29&"."&VLOOKUP(F29,인덱스!$A:$B,2,0) -> 20.01 | H29: =IFERROR(VLOOKUP(G29,#REF!,2,0),) -> 0 | I29: =IF(Q29="","",I28*(Q29/Q28)) -> 85.877146 | J29: =IF(R29="","",J28*(R29/R28)) -> 120.64288 | K29: =IF(S29="","",K28*(S29/S28)) -> 132.55719 | L29: =IF(U29="","",L28*(U29/U28)) -> 121.27855 | M29: =IF(V29="","",M28*(V29/V28)) -> 67.274251 | Q29: =IFERROR(__xludf.DUMMYFUNCTION("iferror(index('지수RAW'!$V$7:$V$12040,MATCH($D29,'지수RAW'!$R$7:$R$12040,0)-1,1),GOOGLEFINANCE(Q$2))"),2119.01) -> 2119.01 | R29: =IFERROR(__xludf.DUMMYFUNCTION("iferror(index('지수RAW'!$F$7:$F$12040,MATCH($D29,'지수RAW'!$B$7:$B$12040,0)-1,1),GOOGLEFINANCE(R$2))"),3225.52) -> 3225.52 | S29: =IFERROR(__xludf.DUMMYFUNCTION("iferror(index('지수RAW'!$N$7:$N$12040,MATCH($D29,'지수RAW'!$J$7:$J$12040,0)-1,1),GOOGLEFINANCE(S$2))"),9150.94) -> 9150.94 | U29: {=IFERROR(INDEX(지수RAW!$AT$7:$AT$12040,MATCH($D29,지수RAW!$AP$7:$AP$12040,0)-1,1),지수RAW!$AU$4)} -> 1587.9 | V29: =IFERROR(__xludf.DUMMYFUNCTION("iferror(index('지수RAW'!$AL$7:$AL$12040,MATCH($D29,'지수RAW'!$AH$7:$AH$12040,0)-1,1),GOOGLEFINANCE(V$2))"),9338.332) -> 9338.332 | W29: =IFERROR(__xludf.DUMMYFUNCTION("iferror(index('지수RAW'!$AD$7:$AD$12040,MATCH($D29,'지수RAW'!$Z$7:$Z$12040,0)-1,1),GOOGLEFINANCE(W$2))"),1194.87) -> 1194.87 | X29: =$W29*R29 -> 3854077.1 | Y29: =$W29*S29 -> 10934184 | Z29: =$W29*U29 -> 1897334.1 | AA29: =$W29*V29 -> 11158093 | AC29: =IF(Q29="","",AC28*(W29/W28)) -> 112.08176 | AD29: =IF(R29="","",AD28*(X29/X28)) -> 135.21866 | AE29: =IF(S29="","",AE28*(Y29/Y28)) -> 148.57243 | AF29: =IF(U29="","",AF28*(Z29/Z28)) -> 135.93113 | AG29: =IF(V29="","",AG28*(AA29/AA28)) -> 75.402163
B30: =IF(C29=12,B29+1,B29) -> 20 | C30: =IF(C29=12,1,C29+1) -> 2 | D30: =IF(F30="12월",(E30+1)&VLOOKUP(F30,인덱스!$C:$D,2,0),E30&VLOOKUP(F30,인덱스!$C:$D,2,0)) -> 20203 | E30: ="20"&B30 -> 2020 | F30: =C30&"월" -> 2월 | G30: =B30&"."&VLOOKUP(F30,인덱스!$A:$B,2,0) -> 20.02 | H30: =IFERROR(VLOOKUP(G30,#REF!,2,0),) -> 0 | I30: =IF(Q30="","",I29*(Q30/Q29)) -> 80.527581 | J30: =IF(R30="","",J29*(R30/R29)) -> 110.49555 | K30: =IF(S30="","",K29*(S30/S29)) -> 124.10381 | L30: =IF(U30="","",L29*(U30/U29)) -> 119.65936 | M30: =IF(V30="","",M29*(V30/V29)) -> 61.460984 | Q30: =IFERROR(__xludf.DUMMYFUNCTION("iferror(index('지수RAW'!$V$7:$V$12040,MATCH($D30,'지수RAW'!$R$7:$R$12040,0)-1,1),GOOGLEFINANCE(Q$2))"),1987.01) -> 1987.01 | R30: =IFERROR(__xludf.DUMMYFUNCTION("iferror(index('지수RAW'!$F$7:$F$12040,MATCH($D30,'지수RAW'!$B$7:$B$12040,0)-1,1),GOOGLEFINANCE(R$2))"),2954.22) -> 2954.22 | S30: =IFERROR(__xludf.DUMMYFUNCTION("iferror(index('지수RAW'!$N$7:$N$12040,MATCH($D30,'지수RAW'!$J$7:$J$12040,0)-1,1),GOOGLEFINANCE(S$2))"),8567.37) -> 8567.37 | U30: {=IFERROR(INDEX(지수RAW!$AT$7:$AT$12040,MATCH($D30,지수RAW!$AP$7:$AP$12040,0)-1,1),지수RAW!$AU$4)} -> 1566.7 | V30: =IFERROR(__xludf.DUMMYFUNCTION("iferror(index('지수RAW'!$AL$7:$AL$12040,MATCH($D30,'지수RAW'!$AH$7:$AH$12040,0)-1,1),GOOGLEFINANCE(V$2))"),8531.393) -> 8531.393 | W30: =IFERROR(__xludf.DUMMYFUNCTION("iferror(index('지수RAW'!$AD$7:$AD$12040,MATCH($D30,'지수RAW'!$Z$7:$Z$12040,0)-1,1),GOOGLEFINANCE(W$2))"),1200.1) -> 1200.1 | X30: =$W30*R30 -> 3545359.4 | Y30: =$W30*S30 -> 10281701 | Z30: =$W30*U30 -> 1880196.7 | AA30: =$W30*V30 -> 10238525 | AC30: =IF(Q30="","",AC29*(W30/W29)) -> 112.57235 | AD30: =IF(R30="","",AD29*(X30/X29)) -> 124.38743 | AE30: =IF(S30="","",AE29*(Y30/Y29)) -> 139.70657 | AF30: =IF(U30="","",AF29*(Z30/Z29)) -> 134.70335 | AG30: =IF(V30="","",AG29*(AA30/AA29)) -> 69.188071
B31: =IF(C30=12,B30+1,B30) -> 20 | C31: =IF(C30=12,1,C30+1) -> 3 | D31: =IF(F31="12월",(E31+1)&VLOOKUP(F31,인덱스!$C:$D,2,0),E31&VLOOKUP(F31,인덱스!$C:$D,2,0)) -> 20204 | E31: ="20"&B31 -> 2020 | F31: =C31&"월" -> 3월 | G31: =B31&"."&VLOOKUP(F31,인덱스!$A:$B,2,0) -> 20.03 | H31: =IFERROR(VLOOKUP(G31,#REF!,2,0),) -> 0 | I31: =IF(Q31="","",I30*(Q31/Q30)) -> 71.110319 | J31: =IF(R31="","",J30*(R31/R30)) -> 96.670419 | K31: =IF(S31="","",K30*(S31/S30)) -> 111.54085 | L31: =IF(U31="","",L30*(U31/U30)) -> 121.94302 | M31: =IF(V31="","",M30*(V31/V30)) -> 46.266361 | Q31: =IFERROR(__xludf.DUMMYFUNCTION("iferror(index('지수RAW'!$V$7:$V$12040,MATCH($D31,'지수RAW'!$R$7:$R$12040,0)-1,1),GOOGLEFINANCE(Q$2))"),1754.64) -> 1754.64 | R31: =IFERROR(__xludf.DUMMYFUNCTION("iferror(index('지수RAW'!$F$7:$F$12040,MATCH($D31,'지수RAW'!$B$7:$B$12040,0)-1,1),GOOGLEFINANCE(R$2))"),2584.59) -> 2584.59 | S31: =IFERROR(__xludf.DUMMYFUNCTION("iferror(index('지수RAW'!$N$7:$N$12040,MATCH($D31,'지수RAW'!$J$7:$J$12040,0)-1,1),GOOGLEFINANCE(S$2))"),7700.1) -> 7700.1 | U31: {=IFERROR(INDEX(지수RAW!$AT$7:$AT$12040,MATCH($D31,지수RAW!$AP$7:$AP$12040,0)-1,1),지수RAW!$AU$4)} -> 1596.6 | V31: =IFERROR(__xludf.DUMMYFUNCTION("iferror(index('지수RAW'!$AL$7:$AL$12040,MATCH($D31,'지수RAW'!$AH$7:$AH$12040,0)-1,1),GOOGLEFINANCE(V$2))"),6422.229) -> 6422.229 | W31: =IFERROR(__xludf.DUMMYFUNCTION("iferror(index('지수RAW'!$AD$7:$AD$12040,MATCH($D31,'지수RAW'!$Z$7:$Z$12040,0)-1,1),GOOGLEFINANCE(W$2))"),1216.66) -> 1216.66 | X31: =$W31*R31 -> 3144567.3 | Y31: =$W31*S31 -> 9368403.7 | Z31: =$W31*U31 -> 1942519.4 | AA31: =$W31*V31 -> 7813669.1 | AC31: =IF(Q31="","",AC30*(W31/W30)) -> 114.12571 | AD31: =IF(R31="","",AD30*(X31/X30)) -> 110.32581 | AE31: =IF(S31="","",AE30*(Y31/Y30)) -> 127.29679 | AF31: =IF(U31="","",AF30*(Z31/Z30)) -> 139.16835 | AG31: =IF(V31="","",AG30*(AA31/AA30)) -> 52.801815
B32: =IF(C31=12,B31+1,B31) -> 20 | C32: =IF(C31=12,1,C31+1) -> 4 | D32: =IF(F32="12월",(E32+1)&VLOOKUP(F32,인덱스!$C:$D,2,0),E32&VLOOKUP(F32,인덱스!$C:$D,2,0)) -> 20205 | E32: ="20"&B32 -> 2020 | F32: =C32&"월" -> 4월 | G32: =B32&"."&VLOOKUP(F32,인덱스!$A:$B,2,0) -> 20.04 | H32: =IFERROR(VLOOKUP(G32,#REF!,2,0),) -> 0 | I32: =IF(Q32="","",I31*(Q32/Q31)) -> 78.92879 | J32: =IF(R32="","",J31*(R32/R31)) -> 108.93249 | K32: =IF(S32="","",K31*(S32/S31)) -> 128.77079 | L32: =IF(U32="","",L31*(U32/U31)) -> 129.39739 | M32: =IF(V32="","",M31*(V32/V31)) -> 62.182913 | Q32: =IFERROR(__xludf.DUMMYFUNCTION("iferror(index('지수RAW'!$V$7:$V$12040,MATCH($D32,'지수RAW'!$R$7:$R$12040,0)-1,1),GOOGLEFINANCE(Q$2))"),1947.56) -> 1947.56 | R32: =IFERROR(__xludf.DUMMYFUNCTION("iferror(index('지수RAW'!$F$7:$F$12040,MATCH($D32,'지수RAW'!$B$7:$B$12040,0)-1,1),GOOGLEFINANCE(R$2))"),2912.43) -> 2912.43 | S32: =IFERROR(__xludf.DUMMYFUNCTION("iferror(index('지수RAW'!$N$7:$N$12040,MATCH($D32,'지수RAW'!$J$7:$J$12040,0)-1,1),GOOGLEFINANCE(S$2))"),8889.55) -> 8889.55 | U32: {=IFERROR(INDEX(지수RAW!$AT$7:$AT$12040,MATCH($D32,지수RAW!$AP$7:$AP$12040,0)-1,1),지수RAW!$AU$4)} -> 1694.2 | V32: =IFERROR(__xludf.DUMMYFUNCTION("iferror(index('지수RAW'!$AL$7:$AL$12040,MATCH($D32,'지수RAW'!$AH$7:$AH$12040,0)-1,1),GOOGLEFINANCE(V$2))"),8631.604) -> 8631.604 | W32: =IFERROR(__xludf.DUMMYFUNCTION("iferror(index('지수RAW'!$AD$7:$AD$12040,MATCH($D32,'지수RAW'!$Z$7:$Z$12040,0)-1,1),GOOGLEFINANCE(W$2))"),1212.96) -> 1212.96 | X32: =$W32*R32 -> 3532661.1 | Y32: =$W32*S32 -> 10782669 | Z32: =$W32*U32 -> 2054996.8 | AA32: =$W32*V32 -> 10469790 | AC32: =IF(Q32="","",AC31*(W32/W31)) -> 113.77864 | AD32: =IF(R32="","",AD31*(X32/X31)) -> 123.94191 | AE32: =IF(S32="","",AE31*(Y32/Y31)) -> 146.51366 | AF32: =IF(U32="","",AF31*(Z32/Z31)) -> 147.22659 | AG32: =IF(V32="","",AG31*(AA32/AA31)) -> 70.750876
B33: =IF(C32=12,B32+1,B32) -> 20 | C33: =IF(C32=12,1,C32+1) -> 5 | D33: =IF(F33="12월",(E33+1)&VLOOKUP(F33,인덱스!$C:$D,2,0),E33&VLOOKUP(F33,인덱스!$C:$D,2,0)) -> 20206 | E33: ="20"&B33 -> 2020 | F33: =C33&"월" -> 5월 | G33: =B33&"."&VLOOKUP(F33,인덱스!$A:$B,2,0) -> 20.05 | H33: =IFERROR(VLOOKUP(G33,#REF!,2,0),) -> 0 | I33: =IF(Q33="","",I32*(Q33/Q32)) -> 82.253626 | J33: =IF(R33="","",J32*(R33/R32)) -> 113.86515 | K33: =IF(S33="","",K32*(S33/S32)) -> 137.46681 | L33: =IF(U33="","",L32*(U33/U32)) -> 133.78905 | M33: =IF(V33="","",M32*(V33/V32)) -> 68.057206 | Q33: =IFERROR(__xludf.DUMMYFUNCTION("iferror(index('지수RAW'!$V$7:$V$12040,MATCH($D33,'지수RAW'!$R$7:$R$12040,0)-1,1),GOOGLEFINANCE(Q$2))"),2029.6) -> 2029.6 | R33: =IFERROR(__xludf.DUMMYFUNCTION("iferror(index('지수RAW'!$F$7:$F$12040,MATCH($D33,'지수RAW'!$B$7:$B$12040,0)-1,1),GOOGLEFINANCE(R$2))"),3044.31) -> 3044.31 | S33: =IFERROR(__xludf.DUMMYFUNCTION("iferror(index('지수RAW'!$N$7:$N$12040,MATCH($D33,'지수RAW'!$J$7:$J$12040,0)-1,1),GOOGLEFINANCE(S$2))"),9489.87) -> 9489.87 | U33: {=IFERROR(INDEX(지수RAW!$AT$7:$AT$12040,MATCH($D33,지수RAW!$AP$7:$AP$12040,0)-1,1),지수RAW!$AU$4)} -> 1751.7 | V33: =IFERROR(__xludf.DUMMYFUNCTION("iferror(index('지수RAW'!$AL$7:$AL$12040,MATCH($D33,'지수RAW'!$AH$7:$AH$12040,0)-1,1),GOOGLEFINANCE(V$2))"),9447.014) -> 9447.014 | W33: =IFERROR(__xludf.DUMMYFUNCTION("iferror(index('지수RAW'!$AD$7:$AD$12040,MATCH($D33,'지수RAW'!$Z$7:$Z$12040,0)-1,1),GOOGLEFINANCE(W$2))"),1230.47) -> 1230.47 | X33: =$W33*R33 -> 3745932.1 | Y33: =$W33*S33 -> 11677000 | Z33: =$W33*U33 -> 2155414.3 | AA33: =$W33*V33 -> 11624267 | AC33: =IF(Q33="","",AC32*(W33/W32)) -> 115.42113 | AD33: =IF(R33="","",AD32*(X33/X32)) -> 131.42444 | AE33: =IF(S33="","",AE32*(Y33/Y32)) -> 158.66574 | AF33: =IF(U33="","",AF32*(Z33/Z32)) -> 154.42083 | AG33: =IF(V33="","",AG32*(AA33/AA32)) -> 78.552394
B34: =IF(C33=12,B33+1,B33) -> 20 | C34: =IF(C33=12,1,C33+1) -> 6 | D34: =IF(F34="12월",(E34+1)&VLOOKUP(F34,인덱스!$C:$D,2,0),E34&VLOOKUP(F34,인덱스!$C:$D,2,0)) -> 20207 | E34: ="20"&B34 -> 2020 | F34: =C34&"월" -> 6월 | G34: =B34&"."&VLOOKUP(F34,인덱스!$A:$B,2,0) -> 20.06 | H34: =IFERROR(VLOOKUP(G34,#REF!,2,0),) -> 0 | I34: =IF(Q34="","",I33*(Q34/Q33)) -> 85.444318 | J34: =IF(R34="","",J33*(R34/R33)) -> 115.95895 | K34: =IF(S34="","",K33*(S34/S33)) -> 145.70769 | L34: =IF(U34="","",L33*(U34/U33)) -> 137.51623 | M34: =IF(V34="","",M33*(V34/V33)) -> 65.819974 | Q34: =IFERROR(__xludf.DUMMYFUNCTION("iferror(index('지수RAW'!$V$7:$V$12040,MATCH($D34,'지수RAW'!$R$7:$R$12040,0)-1,1),GOOGLEFINANCE(Q$2))"),2108.33) -> 2108.33 | R34: =IFERROR(__xludf.DUMMYFUNCTION("iferror(index('지수RAW'!$F$7:$F$12040,MATCH($D34,'지수RAW'!$B$7:$B$12040,0)-1,1),GOOGLEFINANCE(R$2))"),3100.29) -> 3100.29 | S34: =IFERROR(__xludf.DUMMYFUNCTION("iferror(index('지수RAW'!$N$7:$N$12040,MATCH($D34,'지수RAW'!$J$7:$J$12040,0)-1,1),GOOGLEFINANCE(S$2))"),10058.77) -> 10058.77 | U34: {=IFERROR(INDEX(지수RAW!$AT$7:$AT$12040,MATCH($D34,지수RAW!$AP$7:$AP$12040,0)-1,1),지수RAW!$AU$4)} -> 1800.5 | V34: =IFERROR(__xludf.DUMMYFUNCTION("iferror(index('지수RAW'!$AL$7:$AL$12040,MATCH($D34,'지수RAW'!$AH$7:$AH$12040,0)-1,1),GOOGLEFINANCE(V$2))"),9136.464) -> 9136.464 | W34: =IFERROR(__xludf.DUMMYFUNCTION("iferror(index('지수RAW'!$AD$7:$AD$12040,MATCH($D34,'지수RAW'!$Z$7:$Z$12040,0)-1,1),GOOGLEFINANCE(W$2))"),1198.39) -> 1198.39 | X34: =$W34*R34 -> 3715356.5 | Y34: =$W34*S34 -> 12054329 | Z34: =$W34*U34 -> 2157701.2 | AA34: =$W34*V34 -> 10949047 | AC34: =IF(Q34="","",AC33*(W34/W33)) -> 112.41194 | AD34: =IF(R34="","",AD33*(X34/X33)) -> 130.35171 | AE34: =IF(S34="","",AE33*(Y34/Y33)) -> 163.79284 | AF34: =IF(U34="","",AF33*(Z34/Z33)) -> 154.58467 | AG34: =IF(V34="","",AG33*(AA34/AA33)) -> 73.989512
B35: =IF(C34=12,B34+1,B34) -> 20 | C35: =IF(C34=12,1,C34+1) -> 7 | D35: =IF(F35="12월",(E35+1)&VLOOKUP(F35,인덱스!$C:$D,2,0),E35&VLOOKUP(F35,인덱스!$C:$D,2,0)) -> 20208 | E35: ="20"&B35 -> 2020 | F35: =C35&"월" -> 7월 | G35: =B35&"."&VLOOKUP(F35,인덱스!$A:$B,2,0) -> 20.07 | H35: =IFERROR(VLOOKUP(G35,#REF!,2,0),) -> 0 | I35: =IF(Q35="","",I34*(Q35/Q34)) -> 91.160248 | J35: =IF(R35="","",J34*(R35/R34)) -> 122.34844 | K35: =IF(S35="","",K34*(S35/S34)) -> 155.65222 | L35: =IF(U35="","",L34*(U35/U34)) -> 151.67647 | M35: =IF(V35="","",M34*(V35/V34)) -> 81.769672 | Q35: =IFERROR(__xludf.DUMMYFUNCTION("iferror(index('지수RAW'!$V$7:$V$12040,MATCH($D35,'지수RAW'!$R$7:$R$12040,0)-1,1),GOOGLEFINANCE(Q$2))"),2249.37) -> 2249.37 | R35: =IFERROR(__xludf.DUMMYFUNCTION("iferror(index('지수RAW'!$F$7:$F$12040,MATCH($D35,'지수RAW'!$B$7:$B$12040,0)-1,1),GOOGLEFINANCE(R$2))"),3271.12) -> 3271.12 | S35: =IFERROR(__xludf.DUMMYFUNCTION("iferror(index('지수RAW'!$N$7:$N$12040,MATCH($D35,'지수RAW'!$J$7:$J$12040,0)-1,1),GOOGLEFINANCE(S$2))"),10745.28) -> 10745.28 | U35: {=IFERROR(INDEX(지수RAW!$AT$7:$AT$12040,MATCH($D35,지수RAW!$AP$7:$AP$12040,0)-1,1),지수RAW!$AU$4)} -> 1985.9 | V35: =IFERROR(__xludf.DUMMYFUNCTION("iferror(index('지수RAW'!$AL$7:$AL$12040,MATCH($D35,'지수RAW'!$AH$7:$AH$12040,0)-1,1),GOOGLEFINANCE(V$2))"),11350.44) -> 11350.44 | W35: =IFERROR(__xludf.DUMMYFUNCTION("iferror(index('지수RAW'!$AD$7:$AD$12040,MATCH($D35,'지수RAW'!$Z$7:$Z$12040,0)-1,1),GOOGLEFINANCE(W$2))"),1192.47) -> 1192.47 | X35: =$W35*R35 -> 3900712.5 | Y35: =$W35*S35 -> 12813424 | Z35: =$W35*U35 -> 2368126.2 | AA35: =$W35*V35 -> 13535059 | AC35: =IF(Q35="","",AC34*(W35/W34)) -> 111.85663 | AD35: =IF(R35="","",AD34*(X35/X34)) -> 136.85484 | AE35: =IF(S35="","",AE34*(Y35/Y34)) -> 174.10733 | AF35: =IF(U35="","",AF34*(Z35/Z34)) -> 169.66019 | AG35: =IF(V35="","",AG34*(AA35/AA34)) -> 91.464801
B36: =IF(C35=12,B35+1,B35) -> 20 | C36: =IF(C35=12,1,C35+1) -> 8 | D36: =IF(F36="12월",(E36+1)&VLOOKUP(F36,인덱스!$C:$D,2,0),E36&VLOOKUP(F36,인덱스!$C:$D,2,0)) -> 20209 | E36: ="20"&B36 -> 2020 | F36: =C36&"월" -> 8월 | G36: =B36&"."&VLOOKUP(F36,인덱스!$A:$B,2,0) -> 20.08 | H36: =IFERROR(VLOOKUP(G36,#REF!,2,0),) -> 0 | I36: =IF(Q36="","",I35*(Q36/Q35)) -> 94.272722 | J36: =IF(R36="","",J35*(R36/R35)) -> 130.92074 | K36: =IF(S36="","",K35*(S36/S35)) -> 170.57504 | L36: =IF(U36="","",L35*(U36/U35)) -> 151.11892 | M36: =IF(V36="","",M35*(V36/V35)) -> 83.977151 | Q36: =IFERROR(__xludf.DUMMYFUNCTION("iferror(index('지수RAW'!$V$7:$V$12040,MATCH($D36,'지수RAW'!$R$7:$R$12040,0)-1,1),GOOGLEFINANCE(Q$2))"),2326.17) -> 2326.17 | R36: =IFERROR(__xludf.DUMMYFUNCTION("iferror(index('지수RAW'!$F$7:$F$12040,MATCH($D36,'지수RAW'!$B$7:$B$12040,0)-1,1),GOOGLEFINANCE(R$2))"),3500.31) -> 3500.31 | S36: =IFERROR(__xludf.DUMMYFUNCTION("iferror(index('지수RAW'!$N$7:$N$12040,MATCH($D36,'지수RAW'!$J$7:$J$12040,0)-1,1),GOOGLEFINANCE(S$2))"),11775.46) -> 11775.46 | U36: {=IFERROR(INDEX(지수RAW!$AT$7:$AT$12040,MATCH($D36,지수RAW!$AP$7:$AP$12040,0)-1,1),지수RAW!$AU$4)} -> 1978.6 | V36: =IFERROR(__xludf.DUMMYFUNCTION("iferror(index('지수RAW'!$AL$7:$AL$12040,MATCH($D36,'지수RAW'!$AH$7:$AH$12040,0)-1,1),GOOGLEFINANCE(V$2))"),11656.86) -> 11656.86 | W36: =IFERROR(__xludf.DUMMYFUNCTION("iferror(index('지수RAW'!$AD$7:$AD$12040,MATCH($D36,'지수RAW'!$Z$7:$Z$12040,0)-1,1),GOOGLEFINANCE(W$2))"),1187.04) -> 1187.04 | X36: =$W36*R36 -> 4155008 | Y36: =$W36*S36 -> 13977942 | Z36: =$W36*U36 -> 2348677.3 | AA36: =$W36*V36 -> 13837159 | AC36: =IF(Q36="","",AC35*(W36/W35)) -> 111.34728 | AD36: =IF(R36="","",AD35*(X36/X35)) -> 145.77669 | AE36: =IF(S36="","",AE35*(Y36/Y35)) -> 189.93067 | AF36: =IF(U36="","",AF35*(Z36/Z35)) -> 168.26681 | AG36: =IF(V36="","",AG35*(AA36/AA35)) -> 93.506278
B37: =IF(C36=12,B36+1,B36) -> 20 | C37: =IF(C36=12,1,C36+1) -> 9 | D37: =IF(F37="12월",(E37+1)&VLOOKUP(F37,인덱스!$C:$D,2,0),E37&VLOOKUP(F37,인덱스!$C:$D,2,0)) -> 202010 | E37: ="20"&B37 -> 2020 | F37: =C37&"월" -> 9월 | G37: =B37&"."&VLOOKUP(F37,인덱스!$A:$B,2,0) -> 20.09 | H37: =IFERROR(VLOOKUP(G37,#REF!,2,0),) -> 0 | I37: =IF(Q37="","",I36*(Q37/Q36)) -> 94.342429 | J37: =IF(R37="","",J36*(R37/R36)) -> 125.78499 | K37: =IF(S37="","",K36*(S37/S36)) -> 161.76849 | L37: =IF(U37="","",L36*(U37/U36)) -> 144.77202 | M37: =IF(V37="","",M36*(V37/V36)) -> 77.658582 | Q37: =IFERROR(__xludf.DUMMYFUNCTION("iferror(index('지수RAW'!$V$7:$V$12040,MATCH($D37,'지수RAW'!$R$7:$R$12040,0)-1,1),GOOGLEFINANCE(Q$2))"),2327.89) -> 2327.89 | R37: =IFERROR(__xludf.DUMMYFUNCTION("iferror(index('지수RAW'!$F$7:$F$12040,MATCH($D37,'지수RAW'!$B$7:$B$12040,0)-1,1),GOOGLEFINANCE(R$2))"),3363) -> 3363 | S37: =IFERROR(__xludf.DUMMYFUNCTION("iferror(index('지수RAW'!$N$7:$N$12040,MATCH($D37,'지수RAW'!$J$7:$J$12040,0)-1,1),GOOGLEFINANCE(S$2))"),11167.51) -> 11167.51 | U37: {=IFERROR(INDEX(지수RAW!$AT$7:$AT$12040,MATCH($D37,지수RAW!$AP$7:$AP$12040,0)-1,1),지수RAW!$AU$4)} -> 1895.5 | V37: =IFERROR(__xludf.DUMMYFUNCTION("iferror(index('지수RAW'!$AL$7:$AL$12040,MATCH($D37,'지수RAW'!$AH$7:$AH$12040,0)-1,1),GOOGLEFINANCE(V$2))"),10779.78) -> 10779.78 | W37: =IFERROR(__xludf.DUMMYFUNCTION("iferror(index('지수RAW'!$AD$7:$AD$12040,MATCH($D37,'지수RAW'!$Z$7:$Z$12040,0)-1,1),GOOGLEFINANCE(W$2))"),1163.78) -> 1163.78 | X37: =$W37*R37 -> 3913792.1 | Y37: =$W37*S37 -> 12996525 | Z37: =$W37*U37 -> 2205945 | AA37: =$W37*V37 -> 12545292 | AC37: =IF(Q37="","",AC36*(W37/W36)) -> 109.16544 | AD37: =IF(R37="","",AD36*(X37/X36)) -> 137.31373 | AE37: =IF(S37="","",AE36*(Y37/Y36)) -> 176.59529 | AF37: =IF(U37="","",AF36*(Z37/Z36)) -> 158.04101 | AG37: =IF(V37="","",AG36*(AA37/AA36)) -> 84.776332
B38: =IF(C37=12,B37+1,B37) -> 20 | C38: =IF(C37=12,1,C37+1) -> 10 | D38: =IF(F38="12월",(E38+1)&VLOOKUP(F38,인덱스!$C:$D,2,0),E38&VLOOKUP(F38,인덱스!$C:$D,2,0)) -> 202011 | E38: ="20"&B38 -> 2020 | F38: =C38&"월" -> 10월 | G38: =B38&"."&VLOOKUP(F38,인덱스!$A:$B,2,0) -> 20.10 | H38: =IFERROR(VLOOKUP(G38,#REF!,2,0),) -> 0 | I38: =IF(Q38="","",I37*(Q38/Q37)) -> 91.880818 | J38: =IF(R38="","",J37*(R38/R37)) -> 122.30505 | K38: =IF(S38="","",K37*(S38/S37)) -> 158.06133 | L38: =IF(U38="","",L37*(U38/U37)) -> 143.58054 | M38: =IF(V38="","",M37*(V38/V37)) -> 99.407895 | Q38: =IFERROR(__xludf.DUMMYFUNCTION("iferror(index('지수RAW'!$V$7:$V$12040,MATCH($D38,'지수RAW'!$R$7:$R$12040,0)-1,1),GOOGLEFINANCE(Q$2))"),2267.15) -> 2267.15 | R38: =IFERROR(__xludf.DUMMYFUNCTION("iferror(index('지수RAW'!$F$7:$F$12040,MATCH($D38,'지수RAW'!$B$7:$B$12040,0)-1,1),GOOGLEFINANCE(R$2))"),3269.96) -> 3269.96 | S38: =IFERROR(__xludf.DUMMYFUNCTION("iferror(index('지수RAW'!$N$7:$N$12040,MATCH($D38,'지수RAW'!$J$7:$J$12040,0)-1,1),GOOGLEFINANCE(S$2))"),10911.59) -> 10911.59 | U38: {=IFERROR(INDEX(지수RAW!$AT$7:$AT$12040,MATCH($D38,지수RAW!$AP$7:$AP$12040,0)-1,1),지수RAW!$AU$4)} -> 1879.9 | V38: =IFERROR(__xludf.DUMMYFUNCTION("iferror(index('지수RAW'!$AL$7:$AL$12040,MATCH($D38,'지수RAW'!$AH$7:$AH$12040,0)-1,1),GOOGLEFINANCE(V$2))"),13798.8) -> 13798.8 | W38: =IFERROR(__xludf.DUMMYFUNCTION("iferror(index('지수RAW'!$AD$7:$AD$12040,MATCH($D38,'지수RAW'!$Z$7:$Z$12040,0)-1,1),GOOGLEFINANCE(W$2))"),1135.61) -> 1135.61 | X38: =$W38*R38 -> 3713399.3 | Y38: =$W38*S38 -> 12391311 | Z38: =$W38*U38 -> 2134833.2 | AA38: =$W38*V38 -> 15670055 | AC38: =IF(Q38="","",AC37*(W38/W37)) -> 106.52302 | AD38: =IF(R38="","",AD37*(X38/X37)) -> 130.28304 | AE38: =IF(S38="","",AE37*(Y38/Y37)) -> 168.37171 | AF38: =IF(U38="","",AF37*(Z38/Z37)) -> 152.94633 | AG38: =IF(V38="","",AG37*(AA38/AA37)) -> 105.8923
B39: =IF(C38=12,B38+1,B38) -> 20 | C39: =IF(C38=12,1,C38+1) -> 11 | D39: =IF(F39="12월",(E39+1)&VLOOKUP(F39,인덱스!$C:$D,2,0),E39&VLOOKUP(F39,인덱스!$C:$D,2,0)) -> 202012 | E39: ="20"&B39 -> 2020 | F39: =C39&"월" -> 11월 | G39: =B39&"."&VLOOKUP(F39,인덱스!$A:$B,2,0) -> 20.11 | H39: =IFERROR(VLOOKUP(G39,#REF!,2,0),) -> 0 | I39: =IF(Q39="","",I38*(Q39/Q38)) -> 105.01927 | J39: =IF(R39="","",J38*(R39/R38)) -> 135.45843 | K39: =IF(S39="","",K38*(S39/S38)) -> 176.70652 | L39: =IF(U39="","",L38*(U39/U38)) -> 136.01925 | M39: =IF(V39="","",M38*(V39/V38)) -> 141.95061 | Q39: =IFERROR(__xludf.DUMMYFUNCTION("iferror(index('지수RAW'!$V$7:$V$12040,MATCH($D39,'지수RAW'!$R$7:$R$12040,0)-1,1),GOOGLEFINANCE(Q$2))"),2591.34) -> 2591.34 | R39: =IFERROR(__xludf.DUMMYFUNCTION("iferror(index('지수RAW'!$F$7:$F$12040,MATCH($D39,'지수RAW'!$B$7:$B$12040,0)-1,1),GOOGLEFINANCE(R$2))"),3621.63) -> 3621.63 | S39: =IFERROR(__xludf.DUMMYFUNCTION("iferror(index('지수RAW'!$N$7:$N$12040,MATCH($D39,'지수RAW'!$J$7:$J$12040,0)-1,1),GOOGLEFINANCE(S$2))"),12198.74) -> 12198.74 | U39: {=IFERROR(INDEX(지수RAW!$AT$7:$AT$12040,MATCH($D39,지수RAW!$AP$7:$AP$12040,0)-1,1),지수RAW!$AU$4)} -> 1780.9 | V39: =IFERROR(__xludf.DUMMYFUNCTION("iferror(index('지수RAW'!$AL$7:$AL$12040,MATCH($D39,'지수RAW'!$AH$7:$AH$12040,0)-1,1),GOOGLEFINANCE(V$2))"),19704.15) -> 19704.15 | W39: =IFERROR(__xludf.DUMMYFUNCTION("iferror(index('지수RAW'!$AD$7:$AD$12040,MATCH($D39,'지수RAW'!$Z$7:$Z$12040,0)-1,1),GOOGLEFINANCE(W$2))"),1108.51) -> 1108.51 | X39: =$W39*R39 -> 4014613.1 | Y39: =$W39*S39 -> 13522425 | Z39: =$W39*U39 -> 1974145.5 | AA39: =$W39*V39 -> 21842247 | AC39: =IF(Q39="","",AC38*(W39/W38)) -> 103.98098 | AD39: =IF(R39="","",AD38*(X39/X38)) -> 140.85099 | AE39: =IF(S39="","",AE38*(Y39/Y38)) -> 183.74116 | AF39: =IF(U39="","",AF38*(Z39/Z38)) -> 141.43414 | AG39: =IF(V39="","",AG38*(AA39/AA38)) -> 147.60163
B40: =IF(C39=12,B39+1,B39) -> 20 | C40: =IF(C39=12,1,C39+1) -> 12 | D40: =IF(F40="12월",(E40+1)&VLOOKUP(F40,인덱스!$C:$D,2,0),E40&VLOOKUP(F40,인덱스!$C:$D,2,0)) -> 20211 | E40: ="20"&B40 -> 2020 | F40: =C40&"월" -> 12월 | G40: =B40&"."&VLOOKUP(F40,인덱스!$A:$B,2,0) -> 20.12 | H40: =IFERROR(VLOOKUP(G40,#REF!,2,0),) -> 0 | I40: =IF(Q40="","",I39*(Q40/Q39)) -> 116.45316 | J40: =IF(R40="","",J39*(R40/R39)) -> 140.48683 | K40: =IF(S40="","",K39*(S40/S39)) -> 186.69494 | L40: =IF(U40="","",L39*(U40/U39)) -> 144.74146 | M40: =IF(V40="","",M39*(V40/V39)) -> 208.51236 | Q40: =IFERROR(__xludf.DUMMYFUNCTION("iferror(index('지수RAW'!$V$7:$V$12040,MATCH($D40,'지수RAW'!$R$7:$R$12040,0)-1,1),GOOGLEFINANCE(Q$2))"),2873.47) -> 2873.47 | R40: =IFERROR(__xludf.DUMMYFUNCTION("iferror(index('지수RAW'!$F$7:$F$12040,MATCH($D40,'지수RAW'!$B$7:$B$12040,0)-1,1),GOOGLEFINANCE(R$2))"),3756.07) -> 3756.07 | S40: =IFERROR(__xludf.DUMMYFUNCTION("iferror(index('지수RAW'!$N$7:$N$12040,MATCH($D40,'지수RAW'!$J$7:$J$12040,0)-1,1),GOOGLEFINANCE(S$2))"),12888.28) -> 12888.28 | U40: {=IFERROR(INDEX(지수RAW!$AT$7:$AT$12040,MATCH($D40,지수RAW!$AP$7:$AP$12040,0)-1,1),지수RAW!$AU$4)} -> 1895.1 | V40: =IFERROR(__xludf.DUMMYFUNCTION("iferror(index('지수RAW'!$AL$7:$AL$12040,MATCH($D40,'지수RAW'!$AH$7:$AH$12040,0)-1,1),GOOGLEFINANCE(V$2))"),28943.58) -> 28943.58 | W40: =IFERROR(__xludf.DUMMYFUNCTION("iferror(index('지수RAW'!$AD$7:$AD$12040,MATCH($D40,'지수RAW'!$Z$7:$Z$12040,0)-1,1),GOOGLEFINANCE(W$2))"),1084.65) -> 1084.65 | X40: =$W40*R40 -> 4074021.3 | Y40: =$W40*S40 -> 13979273 | Z40: =$W40*U40 -> 2055520.2 | AA40: =$W40*V40 -> 31393654 | AC40: =IF(Q40="","",AC39*(W40/W39)) -> 101.74285 | AD40: =IF(R40="","",AD39*(X40/X39)) -> 142.93531 | AE40: =IF(S40="","",AE39*(Y40/Y39)) -> 189.94876 | AF40: =IF(U40="","",AF39*(Z40/Z39)) -> 147.26409 | AG40: =IF(V40="","",AG39*(AA40/AA39)) -> 212.14642
B41: =IF(C40=12,B40+1,B40) -> 21 | C41: =IF(C40=12,1,C40+1) -> 1 | D41: =IF(F41="12월",(E41+1)&VLOOKUP(F41,인덱스!$C:$D,2,0),E41&VLOOKUP(F41,인덱스!$C:$D,2,0)) -> 20212 | E41: ="20"&B41 -> 2021 | F41: =C41&"월" -> 1월 | G41: =B41&"."&VLOOKUP(F41,인덱스!$A:$B,2,0) -> 21.01 | H41: =IFERROR(VLOOKUP(G41,#REF!,2,0),) -> 0 | I41: =IF(Q41="","",I40*(Q41/Q40)) -> 120.6169 | J41: =IF(R41="","",J40*(R41/R40)) -> 138.92228 | K41: =IF(S41="","",K40*(S41/S40)) -> 189.33741 | L41: =IF(U41="","",L40*(U41/U40)) -> 141.31979 | M41: =IF(V41="","",M40*(V41/V40)) -> 238.59919 | Q41: =IFERROR(__xludf.DUMMYFUNCTION("iferror(index('지수RAW'!$V$7:$V$12040,MATCH($D41,'지수RAW'!$R$7:$R$12040,0)-1,1),GOOGLEFINANCE(Q$2))"),2976.21) -> 2976.21 | R41: =IFERROR(__xludf.DUMMYFUNCTION("iferror(index('지수RAW'!$F$7:$F$12040,MATCH($D41,'지수RAW'!$B$7:$B$12040,0)-1,1),GOOGLEFINANCE(R$2))"),3714.24) -> 3714.24 | S41: =IFERROR(__xludf.DUMMYFUNCTION("iferror(index('지수RAW'!$N$7:$N$12040,MATCH($D41,'지수RAW'!$J$7:$J$12040,0)-1,1),GOOGLEFINANCE(S$2))"),13070.7) -> 13070.7 | U41: {=IFERROR(INDEX(지수RAW!$AT$7:$AT$12040,MATCH($D41,지수RAW!$AP$7:$AP$12040,0)-1,1),지수RAW!$AU$4)} -> 1850.3 | V41: =IFERROR(__xludf.DUMMYFUNCTION("iferror(index('지수RAW'!$AL$7:$AL$12040,MATCH($D41,'지수RAW'!$AH$7:$AH$12040,0)-1,1),GOOGLEFINANCE(V$2))"),33119.93) -> 33119.93 | W41: =IFERROR(__xludf.DUMMYFUNCTION("iferror(index('지수RAW'!$AD$7:$AD$12040,MATCH($D41,'지수RAW'!$Z$7:$Z$12040,0)-1,1),GOOGLEFINANCE(W$2))"),1117.43) -> 1117.43 | X41: =$W41*R41 -> 4150403.2 | Y41: =$W41*S41 -> 14605592 | Z41: =$W41*U41 -> 2067580.7 | AA41: =$W41*V41 -> 37009203 | AC41: =IF(Q41="","",AC40*(W41/W40)) -> 104.81769 | AD41: =IF(R41="","",AD40*(X41/X40)) -> 145.61513 | AE41: =IF(S41="","",AE40*(Y41/Y40)) -> 198.45911 | AF41: =IF(U41="","",AF40*(Z41/Z40)) -> 148.12815 | AG41: =IF(V41="","",AG40*(AA41/AA40)) -> 250.09417
B42: =IF(C41=12,B41+1,B41) -> 21 | C42: =IF(C41=12,1,C41+1) -> 2 | D42: =IF(F42="12월",(E42+1)&VLOOKUP(F42,인덱스!$C:$D,2,0),E42&VLOOKUP(F42,인덱스!$C:$D,2,0)) -> 20213 | E42: ="20"&B42 -> 2021 | F42: =C42&"월" -> 2월 | G42: =B42&"."&VLOOKUP(F42,인덱스!$A:$B,2,0) -> 21.02 | H42: =IFERROR(VLOOKUP(G42,#REF!,2,0),) -> 0 | I42: =IF(Q42="","",I41*(Q42/Q41)) -> 122.10586 | J42: =IF(R42="","",J41*(R42/R41)) -> 142.54697 | K42: =IF(S42="","",K41*(S42/S41)) -> 191.09959 | L42: =IF(U42="","",L41*(U42/U41)) -> 132.04002 | M42: =IF(V42="","",M41*(V42/V41)) -> 325.64716 | Q42: =IFERROR(__xludf.DUMMYFUNCTION("iferror(index('지수RAW'!$V$7:$V$12040,MATCH($D42,'지수RAW'!$R$7:$R$12040,0)-1,1),GOOGLEFINANCE(Q$2))"),3012.95) -> 3012.95 | R42: =IFERROR(__xludf.DUMMYFUNCTION("iferror(index('지수RAW'!$F$7:$F$12040,MATCH($D42,'지수RAW'!$B$7:$B$12040,0)-1,1),GOOGLEFINANCE(R$2))"),3811.15) -> 3811.15 | S42: =IFERROR(__xludf.DUMMYFUNCTION("iferror(index('지수RAW'!$N$7:$N$12040,MATCH($D42,'지수RAW'!$J$7:$J$12040,0)-1,1),GOOGLEFINANCE(S$2))"),13192.35) -> 13192.35 | U42: {=IFERROR(INDEX(지수RAW!$AT$7:$AT$12040,MATCH($D42,지수RAW!$AP$7:$AP$12040,0)-1,1),지수RAW!$AU$4)} -> 1728.8 | V42: =IFERROR(__xludf.DUMMYFUNCTION("iferror(index('지수RAW'!$AL$7:$AL$12040,MATCH($D42,'지수RAW'!$AH$7:$AH$12040,0)-1,1),GOOGLEFINANCE(V$2))"),45203.05) -> 45203.05 | W42: =IFERROR(__xludf.DUMMYFUNCTION("iferror(index('지수RAW'!$AD$7:$AD$12040,MATCH($D42,'지수RAW'!$Z$7:$Z$12040,0)-1,1),GOOGLEFINANCE(W$2))"),1123.37) -> 1123.37 | X42: =$W42*R42 -> 4281331.6 | Y42: =$W42*S42 -> 14819890 | Z42: =$W42*U42 -> 1942082.1 | AA42: =$W42*V42 -> 50779750 | AC42: =IF(Q42="","",AC41*(W42/W41)) -> 105.37488 | AD42: =IF(R42="","",AD41*(X42/X41)) -> 150.2087 | AE42: =IF(S42="","",AE41*(Y42/Y41)) -> 201.37097 | AF42: =IF(U42="","",AF41*(Z42/Z41)) -> 139.13702 | AG42: =IF(V42="","",AG41*(AA42/AA41)) -> 343.15031
B43: =IF(C42=12,B42+1,B42) -> 21 | C43: =IF(C42=12,1,C42+1) -> 3 | D43: =IF(F43="12월",(E43+1)&VLOOKUP(F43,인덱스!$C:$D,2,0),E43&VLOOKUP(F43,인덱스!$C:$D,2,0)) -> 20214 | E43: ="20"&B43 -> 2021 | F43: =C43&"월" -> 3월 | G43: =B43&"."&VLOOKUP(F43,인덱스!$A:$B,2,0) -> 21.03 | H43: =IFERROR(VLOOKUP(G43,#REF!,2,0),) -> 0 | I43: =IF(Q43="","",I42*(Q43/Q42)) -> 124.07021 | J43: =IF(R43="","",J42*(R43/R42)) -> 148.59647 | K43: =IF(S43="","",K42*(S43/S42)) -> 191.88935 | L43: =IF(U43="","",L42*(U43/U42)) -> 131.03185 | M43: =IF(V43="","",M42*(V43/V42)) -> 423.56446 | Q43: =IFERROR(__xludf.DUMMYFUNCTION("iferror(index('지수RAW'!$V$7:$V$12040,MATCH($D43,'지수RAW'!$R$7:$R$12040,0)-1,1),GOOGLEFINANCE(Q$2))"),3061.42) -> 3061.42 | R43: =IFERROR(__xludf.DUMMYFUNCTION("iferror(index('지수RAW'!$F$7:$F$12040,MATCH($D43,'지수RAW'!$B$7:$B$12040,0)-1,1),GOOGLEFINANCE(R$2))"),3972.89) -> 3972.89 | S43: =IFERROR(__xludf.DUMMYFUNCTION("iferror(index('지수RAW'!$N$7:$N$12040,MATCH($D43,'지수RAW'!$J$7:$J$12040,0)-1,1),GOOGLEFINANCE(S$2))"),13246.87) -> 13246.87 | U43: {=IFERROR(INDEX(지수RAW!$AT$7:$AT$12040,MATCH($D43,지수RAW!$AP$7:$AP$12040,0)-1,1),지수RAW!$AU$4)} -> 1715.6 | V43: =IFERROR(__xludf.DUMMYFUNCTION("iferror(index('지수RAW'!$AL$7:$AL$12040,MATCH($D43,'지수RAW'!$AH$7:$AH$12040,0)-1,1),GOOGLEFINANCE(V$2))"),58794.94) -> 58794.94 | W43: =IFERROR(__xludf.DUMMYFUNCTION("iferror(index('지수RAW'!$AD$7:$AD$12040,MATCH($D43,'지수RAW'!$Z$7:$Z$12040,0)-1,1),GOOGLEFINANCE(W$2))"),1127.2) -> 1127.2 | X43: =$W43*R43 -> 4478241.6 | Y43: =$W43*S43 -> 14931872 | Z43: =$W43*U43 -> 1933824.3 | AA43: =$W43*V43 -> 66273656 | AC43: =IF(Q43="","",AC42*(W43/W42)) -> 105.73415 | AD43: =IF(R43="","",AD42*(X43/X42)) -> 157.1172 | AE43: =IF(S43="","",AE42*(Y43/Y42)) -> 202.89256 | AF43: =IF(U43="","",AF42*(Z43/Z42)) -> 138.54541 | AG43: =IF(V43="","",AG42*(AA43/AA42)) -> 447.85226
B44: =IF(C43=12,B43+1,B43) -> 21 | C44: =IF(C43=12,1,C43+1) -> 4 | D44: =IF(F44="12월",(E44+1)&VLOOKUP(F44,인덱스!$C:$D,2,0),E44&VLOOKUP(F44,인덱스!$C:$D,2,0)) -> 20215 | E44: ="20"&B44 -> 2021 | F44: =C44&"월" -> 4월 | G44: =B44&"."&VLOOKUP(F44,인덱스!$A:$B,2,0) -> 21.04 | H44: =IFERROR(VLOOKUP(G44,#REF!,2,0),) -> 0 | I44: =IF(Q44="","",I43*(Q44/Q43)) -> 127.57336 | J44: =IF(R44="","",J43*(R44/R43)) -> 156.38668 | K44: =IF(S44="","",K43*(S44/S43)) -> 202.25831 | L44: =IF(U44="","",L43*(U44/U43)) -> 135.01107 | M44: =IF(V44="","",M43*(V44/V43)) -> 416.15223 | Q44: =IFERROR(__xludf.DUMMYFUNCTION("iferror(index('지수RAW'!$V$7:$V$12040,MATCH($D44,'지수RAW'!$R$7:$R$12040,0)-1,1),GOOGLEFINANCE(Q$2))"),3147.86) -> 3147.86 | R44: =IFERROR(__xludf.DUMMYFUNCTION("iferror(index('지수RAW'!$F$7:$F$12040,MATCH($D44,'지수RAW'!$B$7:$B$12040,0)-1,1),GOOGLEFINANCE(R$2))"),4181.17) -> 4181.17 | S44: =IFERROR(__xludf.DUMMYFUNCTION("iferror(index('지수RAW'!$N$7:$N$12040,MATCH($D44,'지수RAW'!$J$7:$J$12040,0)-1,1),GOOGLEFINANCE(S$2))"),13962.68) -> 13962.68 | U44: {=IFERROR(INDEX(지수RAW!$AT$7:$AT$12040,MATCH($D44,지수RAW!$AP$7:$AP$12040,0)-1,1),지수RAW!$AU$4)} -> 1767.7 | V44: =IFERROR(__xludf.DUMMYFUNCTION("iferror(index('지수RAW'!$AL$7:$AL$12040,MATCH($D44,'지수RAW'!$AH$7:$AH$12040,0)-1,1),GOOGLEFINANCE(V$2))"),57766.05) -> 57766.05 | W44: =IFERROR(__xludf.DUMMYFUNCTION("iferror(index('지수RAW'!$AD$7:$AD$12040,MATCH($D44,'지수RAW'!$Z$7:$Z$12040,0)-1,1),GOOGLEFINANCE(W$2))"),1116.46) -> 1116.46 | X44: =$W44*R44 -> 4668109.1 | Y44: =$W44*S44 -> 15588774 | Z44: =$W44*U44 -> 1973566.3 | AA44: =$W44*V44 -> 64493484 | AC44: =IF(Q44="","",AC43*(W44/W43)) -> 104.72671 | AD44: =IF(R44="","",AD43*(X44/X43)) -> 163.77862 | AE44: =IF(S44="","",AE43*(Y44/Y43)) -> 211.81847 | AF44: =IF(U44="","",AF43*(Z44/Z43)) -> 141.39265 | AG44: =IF(V44="","",AG43*(AA44/AA43)) -> 435.82253
B45: =IF(C44=12,B44+1,B44) -> 21 | C45: =IF(C44=12,1,C44+1) -> 5 | D45: =IF(F45="12월",(E45+1)&VLOOKUP(F45,인덱스!$C:$D,2,0),E45&VLOOKUP(F45,인덱스!$C:$D,2,0)) -> 20216 | E45: ="20"&B45 -> 2021 | F45: =C45&"월" -> 5월 | G45: =B45&"."&VLOOKUP(F45,인덱스!$A:$B,2,0) -> 21.05 | H45: =IFERROR(VLOOKUP(G45,#REF!,2,0),) -> 0 | I45: =IF(Q45="","",I44*(Q45/Q44)) -> 129.84531 | J45: =IF(R45="","",J44*(R45/R44)) -> 157.2447 | K45: =IF(S45="","",K44*(S45/S44)) -> 199.15925 | L45: =IF(U45="","",L44*(U45/U44)) -> 145.52051 | M45: =IF(V45="","",M44*(V45/V44)) -> 268.78025 | Q45: =IFERROR(__xludf.DUMMYFUNCTION("iferror(index('지수RAW'!$V$7:$V$12040,MATCH($D45,'지수RAW'!$R$7:$R$12040,0)-1,1),GOOGLEFINANCE(Q$2))"),3203.92) -> 3203.92 | R45: =IFERROR(__xludf.DUMMYFUNCTION("iferror(index('지수RAW'!$F$7:$F$12040,MATCH($D45,'지수RAW'!$B$7:$B$12040,0)-1,1),GOOGLEFINANCE(R$2))"),4204.11) -> 4204.11 | S45: =IFERROR(__xludf.DUMMYFUNCTION("iferror(index('지수RAW'!$N$7:$N$12040,MATCH($D45,'지수RAW'!$J$7:$J$12040,0)-1,1),GOOGLEFINANCE(S$2))"),13748.74) -> 13748.74 | U45: {=IFERROR(INDEX(지수RAW!$AT$7:$AT$12040,MATCH($D45,지수RAW!$AP$7:$AP$12040,0)-1,1),지수RAW!$AU$4)} -> 1905.3 | V45: =IFERROR(__xludf.DUMMYFUNCTION("iferror(index('지수RAW'!$AL$7:$AL$12040,MATCH($D45,'지수RAW'!$AH$7:$AH$12040,0)-1,1),GOOGLEFINANCE(V$2))"),37309.36) -> 37309.36 | W45: =IFERROR(__xludf.DUMMYFUNCTION("iferror(index('지수RAW'!$AD$7:$AD$12040,MATCH($D45,'지수RAW'!$Z$7:$Z$12040,0)-1,1),GOOGLEFINANCE(W$2))"),1106.98) -> 1106.98 | X45: =$W45*R45 -> 4653865.7 | Y45: =$W45*S45 -> 15219580 | Z45: =$W45*U45 -> 2109129 | AA45: =$W45*V45 -> 41300715 | AC45: =IF(Q45="","",AC44*(W45/W44)) -> 103.83746 | AD45: =IF(R45="","",AD44*(X45/X44)) -> 163.2789 | AE45: =IF(S45="","",AE44*(Y45/Y44)) -> 206.80191 | AF45: =IF(U45="","",AF44*(Z45/Z44)) -> 151.1048 | AG45: =IF(V45="","",AG44*(AA45/AA44)) -> 279.09458
B46: =IF(C45=12,B45+1,B45) -> 21 | C46: =IF(C45=12,1,C45+1) -> 6 | D46: =IF(F46="12월",(E46+1)&VLOOKUP(F46,인덱스!$C:$D,2,0),E46&VLOOKUP(F46,인덱스!$C:$D,2,0)) -> 20217 | E46: ="20"&B46 -> 2021 | F46: =C46&"월" -> 6월 | G46: =B46&"."&VLOOKUP(F46,인덱스!$A:$B,2,0) -> 21.06 | H46: =IFERROR(VLOOKUP(G46,#REF!,2,0),) -> 0 | I46: =IF(Q46="","",I45*(Q46/Q45)) -> 133.60459 | J46: =IF(R46="","",J45*(R46/R45)) -> 160.73773 | K46: =IF(S46="","",K45*(S46/S45)) -> 210.09895 | L46: =IF(U46="","",L45*(U46/U45)) -> 135.30894 | M46: =IF(V46="","",M45*(V46/V45)) -> 252.37184 | Q46: =IFERROR(__xludf.DUMMYFUNCTION("iferror(index('지수RAW'!$V$7:$V$12040,MATCH($D46,'지수RAW'!$R$7:$R$12040,0)-1,1),GOOGLEFINANCE(Q$2))"),3296.68) -> 3296.68 | R46: =IFERROR(__xludf.DUMMYFUNCTION("iferror(index('지수RAW'!$F$7:$F$12040,MATCH($D46,'지수RAW'!$B$7:$B$12040,0)-1,1),GOOGLEFINANCE(R$2))"),4297.5) -> 4297.5 | S46: =IFERROR(__xludf.DUMMYFUNCTION("iferror(index('지수RAW'!$N$7:$N$12040,MATCH($D46,'지수RAW'!$J$7:$J$12040,0)-1,1),GOOGLEFINANCE(S$2))"),14503.95) -> 14503.95 | U46: {=IFERROR(INDEX(지수RAW!$AT$7:$AT$12040,MATCH($D46,지수RAW!$AP$7:$AP$12040,0)-1,1),지수RAW!$AU$4)} -> 1771.6 | V46: =IFERROR(__xludf.DUMMYFUNCTION("iferror(index('지수RAW'!$AL$7:$AL$12040,MATCH($D46,'지수RAW'!$AH$7:$AH$12040,0)-1,1),GOOGLEFINANCE(V$2))"),35031.71) -> 35031.71 | W46: =IFERROR(__xludf.DUMMYFUNCTION("iferror(index('지수RAW'!$AD$7:$AD$12040,MATCH($D46,'지수RAW'!$Z$7:$Z$12040,0)-1,1),GOOGLEFINANCE(W$2))"),1129.6) -> 1129.6 | X46: =$W46*R46 -> 4854456 | Y46: =$W46*S46 -> 16383662 | Z46: =$W46*U46 -> 2001199.4 | AA46: =$W46*V46 -> 39571820 | AC46: =IF(Q46="","",AC45*(W46/W45)) -> 105.95927 | AD46: =IF(R46="","",AD45*(X46/X45)) -> 170.31653 | AE46: =IF(S46="","",AE45*(Y46/Y45)) -> 222.61932 | AF46: =IF(U46="","",AF45*(Z46/Z45)) -> 143.37237 | AG46: =IF(V46="","",AG45*(AA46/AA45)) -> 267.41136
B47: =IF(C46=12,B46+1,B46) -> 21 | C47: =IF(C46=12,1,C46+1) -> 7 | D47: =IF(F47="12월",(E47+1)&VLOOKUP(F47,인덱스!$C:$D,2,0),E47&VLOOKUP(F47,인덱스!$C:$D,2,0)) -> 20218 | E47: ="20"&B47 -> 2021 | F47: =C47&"월" -> 7월 | G47: =B47&"."&VLOOKUP(F47,인덱스!$A:$B,2,0) -> 21.07 | H47: =IFERROR(VLOOKUP(G47,#REF!,2,0),) -> 0 | I47: =IF(Q47="","",I46*(Q47/Q46)) -> 129.78047 | J47: =IF(R47="","",J46*(R47/R46)) -> 164.39421 | K47: =IF(S47="","",K46*(S47/S46)) -> 212.54311 | L47: =IF(U47="","",L46*(U47/U46)) -> 138.79172 | M47: =IF(V47="","",M46*(V47/V46)) -> 299.25027 | Q47: =IFERROR(__xludf.DUMMYFUNCTION("iferror(index('지수RAW'!$V$7:$V$12040,MATCH($D47,'지수RAW'!$R$7:$R$12040,0)-1,1),GOOGLEFINANCE(Q$2))"),3202.32) -> 3202.32 | R47: =IFERROR(__xludf.DUMMYFUNCTION("iferror(index('지수RAW'!$F$7:$F$12040,MATCH($D47,'지수RAW'!$B$7:$B$12040,0)-1,1),GOOGLEFINANCE(R$2))"),4395.26) -> 4395.26 | S47: =IFERROR(__xludf.DUMMYFUNCTION("iferror(index('지수RAW'!$N$7:$N$12040,MATCH($D47,'지수RAW'!$J$7:$J$12040,0)-1,1),GOOGLEFINANCE(S$2))"),14672.68) -> 14672.68 | U47: {=IFERROR(INDEX(지수RAW!$AT$7:$AT$12040,MATCH($D47,지수RAW!$AP$7:$AP$12040,0)-1,1),지수RAW!$AU$4)} -> 1817.2 | V47: =IFERROR(__xludf.DUMMYFUNCTION("iferror(index('지수RAW'!$AL$7:$AL$12040,MATCH($D47,'지수RAW'!$AH$7:$AH$12040,0)-1,1),GOOGLEFINANCE(V$2))"),41538.9) -> 41538.9 | W47: =IFERROR(__xludf.DUMMYFUNCTION("iferror(index('지수RAW'!$AD$7:$AD$12040,MATCH($D47,'지수RAW'!$Z$7:$Z$12040,0)-1,1),GOOGLEFINANCE(W$2))"),1150.63) -> 1150.63 | X47: =$W47*R47 -> 5057318 | Y47: =$W47*S47 -> 16882826 | Z47: =$W47*U47 -> 2090924.8 | AA47: =$W47*V47 -> 47795905 | AC47: =IF(Q47="","",AC46*(W47/W46)) -> 107.93194 | AD47: =IF(R47="","",AD46*(X47/X46)) -> 177.43385 | AE47: =IF(S47="","",AE46*(Y47/Y46)) -> 229.4019 | AF47: =IF(U47="","",AF46*(Z47/Z46)) -> 149.80059 | AG47: =IF(V47="","",AG46*(AA47/AA46)) -> 322.98661
B48: =IF(C47=12,B47+1,B47) -> 21 | C48: =IF(C47=12,1,C47+1) -> 8 | D48: =IF(F48="12월",(E48+1)&VLOOKUP(F48,인덱스!$C:$D,2,0),E48&VLOOKUP(F48,인덱스!$C:$D,2,0)) -> 20219 | E48: ="20"&B48 -> 2021 | F48: =C48&"월" -> 8월 | G48: =B48&"."&VLOOKUP(F48,인덱스!$A:$B,2,0) -> 21.08 | H48: =IFERROR(VLOOKUP(G48,#REF!,2,0),) -> 0 | I48: =IF(Q48="","",I47*(Q48/Q47)) -> 129.65686 | J48: =IF(R48="","",J47*(R48/R47)) -> 169.16005 | K48: =IF(S48="","",K47*(S48/S47)) -> 221.03981 | L48: =IF(U48="","",L47*(U48/U47)) -> 138.86046 | M48: =IF(V48="","",M47*(V48/V47)) -> 339.5711 | Q48: =IFERROR(__xludf.DUMMYFUNCTION("iferror(index('지수RAW'!$V$7:$V$12040,MATCH($D48,'지수RAW'!$R$7:$R$12040,0)-1,1),GOOGLEFINANCE(Q$2))"),3199.27) -> 3199.27 | R48: =IFERROR(__xludf.DUMMYFUNCTION("iferror(index('지수RAW'!$F$7:$F$12040,MATCH($D48,'지수RAW'!$B$7:$B$12040,0)-1,1),GOOGLEFINANCE(R$2))"),4522.68) -> 4522.68 | S48: =IFERROR(__xludf.DUMMYFUNCTION("iferror(index('지수RAW'!$N$7:$N$12040,MATCH($D48,'지수RAW'!$J$7:$J$12040,0)-1,1),GOOGLEFINANCE(S$2))"),15259.24) -> 15259.24 | U48: {=IFERROR(INDEX(지수RAW!$AT$7:$AT$12040,MATCH($D48,지수RAW!$AP$7:$AP$12040,0)-1,1),지수RAW!$AU$4)} -> 1818.1 | V48: =IFERROR(__xludf.DUMMYFUNCTION("iferror(index('지수RAW'!$AL$7:$AL$12040,MATCH($D48,'지수RAW'!$AH$7:$AH$12040,0)-1,1),GOOGLEFINANCE(V$2))"),47135.83) -> 47135.83 | W48: =IFERROR(__xludf.DUMMYFUNCTION("iferror(index('지수RAW'!$AD$7:$AD$12040,MATCH($D48,'지수RAW'!$Z$7:$Z$12040,0)-1,1),GOOGLEFINANCE(W$2))"),1158.41) -> 1158.41 | X48: =$W48*R48 -> 5239117.7 | Y48: =$W48*S48 -> 17676456 | Z48: =$W48*U48 -> 2106105.2 | AA48: =$W48*V48 -> 54602617 | AC48: =IF(Q48="","",AC47*(W48/W47)) -> 108.66172 | AD48: =IF(R48="","",AD47*(X48/X47)) -> 183.81222 | AE48: =IF(S48="","",AE47*(Y48/Y47)) -> 240.18566 | AF48: =IF(U48="","",AF47*(Z48/Z47)) -> 150.88816 | AG48: =IF(V48="","",AG47*(AA48/AA47)) -> 368.98379
B49: =IF(C48=12,B48+1,B48) -> 21 | C49: =IF(C48=12,1,C48+1) -> 9 | D49: =IF(F49="12월",(E49+1)&VLOOKUP(F49,인덱스!$C:$D,2,0),E49&VLOOKUP(F49,인덱스!$C:$D,2,0)) -> 202110 | E49: ="20"&B49 -> 2021 | F49: =C49&"월" -> 9월 | G49: =B49&"."&VLOOKUP(F49,인덱스!$A:$B,2,0) -> 21.09 | H49: =IFERROR(VLOOKUP(G49,#REF!,2,0),) -> 0 | I49: =IF(Q49="","",I48*(Q49/Q48)) -> 124.37011 | J49: =IF(R49="","",J48*(R49/R48)) -> 161.11325 | K49: =IF(S49="","",K48*(S49/S48)) -> 209.29688 | L49: =IF(U49="","",L48*(U49/U48)) -> 134.19384 | M49: =IF(V49="","",M48*(V49/V48)) -> 315.45329 | Q49: =IFERROR(__xludf.DUMMYFUNCTION("iferror(index('지수RAW'!$V$7:$V$12040,MATCH($D49,'지수RAW'!$R$7:$R$12040,0)-1,1),GOOGLEFINANCE(Q$2))"),3068.82) -> 3068.82 | R49: =IFERROR(__xludf.DUMMYFUNCTION("iferror(index('지수RAW'!$F$7:$F$12040,MATCH($D49,'지수RAW'!$B$7:$B$12040,0)-1,1),GOOGLEFINANCE(R$2))"),4307.54) -> 4307.54 | S49: =IFERROR(__xludf.DUMMYFUNCTION("iferror(index('지수RAW'!$N$7:$N$12040,MATCH($D49,'지수RAW'!$J$7:$J$12040,0)-1,1),GOOGLEFINANCE(S$2))"),14448.58) -> 14448.58 | U49: {=IFERROR(INDEX(지수RAW!$AT$7:$AT$12040,MATCH($D49,지수RAW!$AP$7:$AP$12040,0)-1,1),지수RAW!$AU$4)} -> 1757 | V49: =IFERROR(__xludf.DUMMYFUNCTION("iferror(index('지수RAW'!$AL$7:$AL$12040,MATCH($D49,'지수RAW'!$AH$7:$AH$12040,0)-1,1),GOOGLEFINANCE(V$2))"),43788.04) -> 43788.04 | W49: =IFERROR(__xludf.DUMMYFUNCTION("iferror(index('지수RAW'!$AD$7:$AD$12040,MATCH($D49,'지수RAW'!$Z$7:$Z$12040,0)-1,1),GOOGLEFINANCE(W$2))"),1183.72) -> 1183.72 | X49: =$W49*R49 -> 5098921.2 | Y49: =$W49*S49 -> 17103073 | Z49: =$W49*U49 -> 2079796 | AA49: =$W49*V49 -> 51832779 | AC49: =IF(Q49="","",AC48*(W49/W48)) -> 111.03586 | AD49: =IF(R49="","",AD48*(X49/X48)) -> 178.89349 | AE49: =IF(S49="","",AE48*(Y49/Y48)) -> 232.39459 | AF49: =IF(U49="","",AF48*(Z49/Z48)) -> 149.00329 | AG49: =IF(V49="","",AG48*(AA49/AA48)) -> 350.26628
B50: =IF(C49=12,B49+1,B49) -> 21 | C50: =IF(C49=12,1,C49+1) -> 10 | D50: =IF(F50="12월",(E50+1)&VLOOKUP(F50,인덱스!$C:$D,2,0),E50&VLOOKUP(F50,인덱스!$C:$D,2,0)) -> 202111 | E50: ="20"&B50 -> 2021 | F50: =C50&"월" -> 10월 | G50: =B50&"."&VLOOKUP(F50,인덱스!$A:$B,2,0) -> 21.10 | H50: =IFERROR(VLOOKUP(G50,#REF!,2,0),) -> 0 | I50: =IF(Q50="","",I49*(Q50/Q49)) -> 120.39279 | J50: =IF(R50="","",J49*(R50/R49)) -> 172.25325 | K50: =IF(S50="","",K49*(S50/S49)) -> 224.50405 | L50: =IF(U50="","",L49*(U50/U49)) -> 136.33239 | M50: =IF(V50="","",M49*(V50/V49)) -> 441.90407 | Q50: =IFERROR(__xludf.DUMMYFUNCTION("iferror(index('지수RAW'!$V$7:$V$12040,MATCH($D50,'지수RAW'!$R$7:$R$12040,0)-1,1),GOOGLEFINANCE(Q$2))"),2970.68) -> 2970.68 | R50: =IFERROR(__xludf.DUMMYFUNCTION("iferror(index('지수RAW'!$F$7:$F$12040,MATCH($D50,'지수RAW'!$B$7:$B$12040,0)-1,1),GOOGLEFINANCE(R$2))"),4605.38) -> 4605.38 | S50: =IFERROR(__xludf.DUMMYFUNCTION("iferror(index('지수RAW'!$N$7:$N$12040,MATCH($D50,'지수RAW'!$J$7:$J$12040,0)-1,1),GOOGLEFINANCE(S$2))"),15498.39) -> 15498.39 | U50: {=IFERROR(INDEX(지수RAW!$AT$7:$AT$12040,MATCH($D50,지수RAW!$AP$7:$AP$12040,0)-1,1),지수RAW!$AU$4)} -> 1785 | V50: =IFERROR(__xludf.DUMMYFUNCTION("iferror(index('지수RAW'!$AL$7:$AL$12040,MATCH($D50,'지수RAW'!$AH$7:$AH$12040,0)-1,1),GOOGLEFINANCE(V$2))"),61340.66) -> 61340.66 | W50: =IFERROR(__xludf.DUMMYFUNCTION("iferror(index('지수RAW'!$AD$7:$AD$12040,MATCH($D50,'지수RAW'!$Z$7:$Z$12040,0)-1,1),GOOGLEFINANCE(W$2))"),1174.38) -> 1174.38 | X50: =$W50*R50 -> 5408466.2 | Y50: =$W50*S50 -> 18200999 | Z50: =$W50*U50 -> 2096268.3 | AA50: =$W50*V50 -> 72037244 | AC50: =IF(Q50="","",AC49*(W50/W49)) -> 110.15975 | AD50: =IF(R50="","",AD49*(X50/X49)) -> 189.75374 | AE50: =IF(S50="","",AE49*(Y50/Y49)) -> 247.31309 | AF50: =IF(U50="","",AF49*(Z50/Z49)) -> 150.18342 | AG50: =IF(V50="","",AG49*(AA50/AA49)) -> 486.8004
B51: =IF(C50=12,B50+1,B50) -> 21 | C51: =IF(C50=12,1,C50+1) -> 11 | D51: =IF(F51="12월",(E51+1)&VLOOKUP(F51,인덱스!$C:$D,2,0),E51&VLOOKUP(F51,인덱스!$C:$D,2,0)) -> 202112 | E51: ="20"&B51 -> 2021 | F51: =C51&"월" -> 11월 | G51: =B51&"."&VLOOKUP(F51,인덱스!$A:$B,2,0) -> 21.11 | H51: =IFERROR(VLOOKUP(G51,#REF!,2,0),) -> 0 | I51: =IF(Q51="","",I50*(Q51/Q50)) -> 115.0566 | J51: =IF(R51="","",J50*(R51/R50)) -> 170.81773 | K51: =IF(S51="","",K50*(S51/S50)) -> 225.07333 | L51: =IF(U51="","",L50*(U51/U50)) -> 135.68319 | M51: =IF(V51="","",M50*(V51/V50)) -> 410.34054 | Q51: =IFERROR(__xludf.DUMMYFUNCTION("iferror(index('지수RAW'!$V$7:$V$12040,MATCH($D51,'지수RAW'!$R$7:$R$12040,0)-1,1),GOOGLEFINANCE(Q$2))"),2839.01) -> 2839.01 | R51: =IFERROR(__xludf.DUMMYFUNCTION("iferror(index('지수RAW'!$F$7:$F$12040,MATCH($D51,'지수RAW'!$B$7:$B$12040,0)-1,1),GOOGLEFINANCE(R$2))"),4567) -> 4567 | S51: =IFERROR(__xludf.DUMMYFUNCTION("iferror(index('지수RAW'!$N$7:$N$12040,MATCH($D51,'지수RAW'!$J$7:$J$12040,0)-1,1),GOOGLEFINANCE(S$2))"),15537.69) -> 15537.69 | U51: {=IFERROR(INDEX(지수RAW!$AT$7:$AT$12040,MATCH($D51,지수RAW!$AP$7:$AP$12040,0)-1,1),지수RAW!$AU$4)} -> 1776.5 | V51: =IFERROR(__xludf.DUMMYFUNCTION("iferror(index('지수RAW'!$AL$7:$AL$12040,MATCH($D51,'지수RAW'!$AH$7:$AH$12040,0)-1,1),GOOGLEFINANCE(V$2))"),56959.33) -> 56959.33 | W51: =IFERROR(__xludf.DUMMYFUNCTION("iferror(index('지수RAW'!$AD$7:$AD$12040,MATCH($D51,'지수RAW'!$Z$7:$Z$12040,0)-1,1),GOOGLEFINANCE(W$2))"),1182.86) -> 1182.86 | X51: =$W51*R51 -> 5402121.6 | Y51: =$W51*S51 -> 18378912 | Z51: =$W51*U51 -> 2101350.8 | AA51: =$W51*V51 -> 67374913 | AC51: =IF(Q51="","",AC50*(W51/W50)) -> 110.95519 | AD51: =IF(R51="","",AD50*(X51/X50)) -> 189.53114 | AE51: =IF(S51="","",AE50*(Y51/Y50)) -> 249.73055 | AF51: =IF(U51="","",AF50*(Z51/Z50)) -> 150.54754 | AG51: =IF(V51="","",AG50*(AA51/AA50)) -> 455.29413
B52: =IF(C51=12,B51+1,B51) -> 21 | C52: =IF(C51=12,1,C51+1) -> 12 | D52: =IF(F52="12월",(E52+1)&VLOOKUP(F52,인덱스!$C:$D,2,0),E52&VLOOKUP(F52,인덱스!$C:$D,2,0)) -> 20221 | E52: ="20"&B52 -> 2021 | F52: =C52&"월" -> 12월 | G52: =B52&"."&VLOOKUP(F52,인덱스!$A:$B,2,0) -> 21.12 | H52: =IFERROR(VLOOKUP(G52,#REF!,2,0),) -> 0 | I52: =IF(Q52="","",I51*(Q52/Q51)) -> 120.67526 | J52: =IF(R52="","",J51*(R52/R51)) -> 178.26759 | K52: =IF(S52="","",K51*(S52/S51)) -> 226.62735 | L52: =IF(U52="","",L51*(U52/U51)) -> 139.66242 | M52: =IF(V52="","",M51*(V52/V51)) -> 332.85306 | Q52: =IFERROR(__xludf.DUMMYFUNCTION("iferror(index('지수RAW'!$V$7:$V$12040,MATCH($D52,'지수RAW'!$R$7:$R$12040,0)-1,1),GOOGLEFINANCE(Q$2))"),2977.65) -> 2977.65 | R52: =IFERROR(__xludf.DUMMYFUNCTION("iferror(index('지수RAW'!$F$7:$F$12040,MATCH($D52,'지수RAW'!$B$7:$B$12040,0)-1,1),GOOGLEFINANCE(R$2))"),4766.18) -> 4766.18 | S52: =IFERROR(__xludf.DUMMYFUNCTION("iferror(index('지수RAW'!$N$7:$N$12040,MATCH($D52,'지수RAW'!$J$7:$J$12040,0)-1,1),GOOGLEFINANCE(S$2))"),15644.97) -> 15644.97 | U52: {=IFERROR(INDEX(지수RAW!$AT$7:$AT$12040,MATCH($D52,지수RAW!$AP$7:$AP$12040,0)-1,1),지수RAW!$AU$4)} -> 1828.6 | V52: =IFERROR(__xludf.DUMMYFUNCTION("iferror(index('지수RAW'!$AL$7:$AL$12040,MATCH($D52,'지수RAW'!$AH$7:$AH$12040,0)-1,1),GOOGLEFINANCE(V$2))"),46203.3) -> 46203.3 | W52: =IFERROR(__xludf.DUMMYFUNCTION("iferror(index('지수RAW'!$AD$7:$AD$12040,MATCH($D52,'지수RAW'!$Z$7:$Z$12040,0)-1,1),GOOGLEFINANCE(W$2))"),1187.78) -> 1187.78 | X52: =$W52*R52 -> 5661173.3 | Y52: =$W52*S52 -> 18582782 | Z52: =$W52*U52 -> 2171974.5 | AA52: =$W52*V52 -> 54879356 | AC52: =IF(Q52="","",AC51*(W52/W51)) -> 111.4167 | AD52: =IF(R52="","",AD51*(X52/X51)) -> 198.61986 | AE52: =IF(S52="","",AE51*(Y52/Y51)) -> 252.50071 | AF52: =IF(U52="","",AF51*(Z52/Z51)) -> 155.60725 | AG52: =IF(V52="","",AG51*(AA52/AA51)) -> 370.85389
B53: =IF(C52=12,B52+1,B52) -> 22 | C53: =IF(C52=12,1,C52+1) -> 1 | D53: =IF(F53="12월",(E53+1)&VLOOKUP(F53,인덱스!$C:$D,2,0),E53&VLOOKUP(F53,인덱스!$C:$D,2,0)) -> 20222 | E53: ="20"&B53 -> 2022 | F53: =C53&"월" -> 1월 | G53: =B53&"."&VLOOKUP(F53,인덱스!$A:$B,2,0) -> 22.01 | H53: =IFERROR(VLOOKUP(G53,#REF!,2,0),) -> 0 | I53: =IF(Q53="","",I52*(Q53/Q52)) -> 107.93722 | J53: =IF(R53="","",J52*(R53/R52)) -> 168.89337 | K53: =IF(S53="","",K52*(S53/S52)) -> 206.27373 | L53: =IF(U53="","",L52*(U53/U52)) -> 137.20309 | M53: =IF(V53="","",M52*(V53/V52)) -> 277.31732 | Q53: =IFERROR(__xludf.DUMMYFUNCTION("iferror(index('지수RAW'!$V$7:$V$12040,MATCH($D53,'지수RAW'!$R$7:$R$12040,0)-1,1),GOOGLEFINANCE(Q$2))"),2663.34) -> 2663.34 | R53: =IFERROR(__xludf.DUMMYFUNCTION("iferror(index('지수RAW'!$F$7:$F$12040,MATCH($D53,'지수RAW'!$B$7:$B$12040,0)-1,1),GOOGLEFINANCE(R$2))"),4515.55) -> 4515.55 | S53: =IFERROR(__xludf.DUMMYFUNCTION("iferror(index('지수RAW'!$N$7:$N$12040,MATCH($D53,'지수RAW'!$J$7:$J$12040,0)-1,1),GOOGLEFINANCE(S$2))"),14239.88) -> 14239.88 | U53: {=IFERROR(INDEX(지수RAW!$AT$7:$AT$12040,MATCH($D53,지수RAW!$AP$7:$AP$12040,0)-1,1),지수RAW!$AU$4)} -> 1796.4 | V53: =IFERROR(__xludf.DUMMYFUNCTION("iferror(index('지수RAW'!$AL$7:$AL$12040,MATCH($D53,'지수RAW'!$AH$7:$AH$12040,0)-1,1),GOOGLEFINANCE(V$2))"),38494.39) -> 38494.39 | W53: =IFERROR(__xludf.DUMMYFUNCTION("iferror(index('지수RAW'!$AD$7:$AD$12040,MATCH($D53,'지수RAW'!$Z$7:$Z$12040,0)-1,1),GOOGLEFINANCE(W$2))"),1205.12) -> 1205.12 | X53: =$W53*R53 -> 5441779.6 | Y53: =$W53*S53 -> 17160764 | Z53: =$W53*U53 -> 2164877.6 | AA53: =$W53*V53 -> 46390359 | AC53: =IF(Q53="","",AC52*(W53/W52)) -> 113.04323 | AD53: =IF(R53="","",AD52*(X53/X52)) -> 190.92253 | AE53: =IF(S53="","",AE52*(Y53/Y52)) -> 233.17849 | AF53: =IF(U53="","",AF52*(Z53/Z52)) -> 155.0988 | AG53: =IF(V53="","",AG52*(AA53/AA52)) -> 313.48847
B54: =IF(C53=12,B53+1,B53) -> 22 | C54: =IF(C53=12,1,C53+1) -> 2 | D54: =IF(F54="12월",(E54+1)&VLOOKUP(F54,인덱스!$C:$D,2,0),E54&VLOOKUP(F54,인덱스!$C:$D,2,0)) -> 20223 | E54: ="20"&B54 -> 2022 | F54: =C54&"월" -> 2월 | G54: =B54&"."&VLOOKUP(F54,인덱스!$A:$B,2,0) -> 22.02 | H54: =IFERROR(VLOOKUP(G54,#REF!,2,0),) -> 0 | I54: =IF(Q54="","",I53*(Q54/Q53)) -> 109.3897 | J54: =IF(R54="","",J53*(R54/R53)) -> 163.59678 | K54: =IF(S54="","",K53*(S54/S53)) -> 199.19779 | L54: =IF(U54="","",L53*(U54/U53)) -> 145.16917 | M54: =IF(V54="","",M53*(V54/V53)) -> 311.17233 | Q54: =IFERROR(__xludf.DUMMYFUNCTION("iferror(index('지수RAW'!$V$7:$V$12040,MATCH($D54,'지수RAW'!$R$7:$R$12040,0)-1,1),GOOGLEFINANCE(Q$2))"),2699.18) -> 2699.18 | R54: =IFERROR(__xludf.DUMMYFUNCTION("iferror(index('지수RAW'!$F$7:$F$12040,MATCH($D54,'지수RAW'!$B$7:$B$12040,0)-1,1),GOOGLEFINANCE(R$2))"),4373.94) -> 4373.94 | S54: =IFERROR(__xludf.DUMMYFUNCTION("iferror(index('지수RAW'!$N$7:$N$12040,MATCH($D54,'지수RAW'!$J$7:$J$12040,0)-1,1),GOOGLEFINANCE(S$2))"),13751.4) -> 13751.4 | U54: {=IFERROR(INDEX(지수RAW!$AT$7:$AT$12040,MATCH($D54,지수RAW!$AP$7:$AP$12040,0)-1,1),지수RAW!$AU$4)} -> 1900.7 | V54: =IFERROR(__xludf.DUMMYFUNCTION("iferror(index('지수RAW'!$AL$7:$AL$12040,MATCH($D54,'지수RAW'!$AH$7:$AH$12040,0)-1,1),GOOGLEFINANCE(V$2))"),43193.8) -> 43193.8 | W54: =IFERROR(__xludf.DUMMYFUNCTION("iferror(index('지수RAW'!$AD$7:$AD$12040,MATCH($D54,'지수RAW'!$Z$7:$Z$12040,0)-1,1),GOOGLEFINANCE(W$2))"),1200.93) -> 1200.93 | X54: =$W54*R54 -> 5252795.8 | Y54: =$W54*S54 -> 16514469 | Z54: =$W54*U54 -> 2282607.7 | AA54: =$W54*V54 -> 51872730 | AC54: =IF(Q54="","",AC53*(W54/W53)) -> 112.6502 | AD54: =IF(R54="","",AD53*(X54/X53)) -> 184.29211 | AE54: =IF(S54="","",AE53*(Y54/Y53)) -> 224.39671 | AF54: =IF(U54="","",AF53*(Z54/Z53)) -> 163.53337 | AG54: =IF(V54="","",AG53*(AA54/AA53)) -> 350.53626
B55: =IF(C54=12,B54+1,B54) -> 22 | C55: =IF(C54=12,1,C54+1) -> 3 | D55: =IF(F55="12월",(E55+1)&VLOOKUP(F55,인덱스!$C:$D,2,0),E55&VLOOKUP(F55,인덱스!$C:$D,2,0)) -> 20224 | E55: ="20"&B55 -> 2022 | F55: =C55&"월" -> 3월 | G55: =B55&"."&VLOOKUP(F55,인덱스!$A:$B,2,0) -> 22.03 | H55: =IFERROR(VLOOKUP(G55,#REF!,2,0),) -> 0 | I55: =IF(Q55="","",I54*(Q55/Q54)) -> 111.75932 | J55: =IF(R55="","",J54*(R55/R54)) -> 169.44917 | K55: =IF(S55="","",K54*(S55/S54)) -> 205.99329 | L55: =IF(U55="","",L54*(U55/U54)) -> 149.24005 | M55: =IF(V55="","",M54*(V55/V54)) -> 327.94131 | Q55: =IFERROR(__xludf.DUMMYFUNCTION("iferror(index('지수RAW'!$V$7:$V$12040,MATCH($D55,'지수RAW'!$R$7:$R$12040,0)-1,1),GOOGLEFINANCE(Q$2))"),2757.65) -> 2757.65 | R55: =IFERROR(__xludf.DUMMYFUNCTION("iferror(index('지수RAW'!$F$7:$F$12040,MATCH($D55,'지수RAW'!$B$7:$B$12040,0)-1,1),GOOGLEFINANCE(R$2))"),4530.41) -> 4530.41 | S55: =IFERROR(__xludf.DUMMYFUNCTION("iferror(index('지수RAW'!$N$7:$N$12040,MATCH($D55,'지수RAW'!$J$7:$J$12040,0)-1,1),GOOGLEFINANCE(S$2))"),14220.52) -> 14220.52 | U55: {=IFERROR(INDEX(지수RAW!$AT$7:$AT$12040,MATCH($D55,지수RAW!$AP$7:$AP$12040,0)-1,1),지수RAW!$AU$4)} -> 1954 | V55: =IFERROR(__xludf.DUMMYFUNCTION("iferror(index('지수RAW'!$AL$7:$AL$12040,MATCH($D55,'지수RAW'!$AH$7:$AH$12040,0)-1,1),GOOGLEFINANCE(V$2))"),45521.5) -> 45521.5 | W55: =IFERROR(__xludf.DUMMYFUNCTION("iferror(index('지수RAW'!$AD$7:$AD$12040,MATCH($D55,'지수RAW'!$Z$7:$Z$12040,0)-1,1),GOOGLEFINANCE(W$2))"),1214.5) -> 1214.5 | X55: =$W55*R55 -> 5502182.9 | Y55: =$W55*S55 -> 17270822 | Z55: =$W55*U55 -> 2373133 | AA55: =$W55*V55 -> 55285862 | AC55: =IF(Q55="","",AC54*(W55/W54)) -> 113.9231 | AD55: =IF(R55="","",AD54*(X55/X54)) -> 193.04175 | AE55: =IF(S55="","",AE54*(Y55/Y54)) -> 234.67394 | AF55: =IF(U55="","",AF54*(Z55/Z54)) -> 170.01889 | AG55: =IF(V55="","",AG54*(AA55/AA54)) -> 373.60091
B56: =IF(C55=12,B55+1,B55) -> 22 | C56: =IF(C55=12,1,C55+1) -> 4 | D56: =IF(F56="12월",(E56+1)&VLOOKUP(F56,인덱스!$C:$D,2,0),E56&VLOOKUP(F56,인덱스!$C:$D,2,0)) -> 20225 | E56: ="20"&B56 -> 2022 | F56: =C56&"월" -> 4월 | G56: =B56&"."&VLOOKUP(F56,인덱스!$A:$B,2,0) -> 22.04 | H56: =IFERROR(VLOOKUP(G56,#REF!,2,0),) -> 0 | I56: =IF(Q56="","",I55*(Q56/Q55)) -> 109.22233 | J56: =IF(R56="","",J55*(R56/R55)) -> 154.54498 | K56: =IF(S56="","",K55*(S56/S55)) -> 178.67511 | L56: =IF(U56="","",L55*(U56/U55)) -> 146.00932 | M56: =IF(V56="","",M55*(V56/V55)) -> 271.22633 | Q56: =IFERROR(__xludf.DUMMYFUNCTION("iferror(index('지수RAW'!$V$7:$V$12040,MATCH($D56,'지수RAW'!$R$7:$R$12040,0)-1,1),GOOGLEFINANCE(Q$2))"),2695.05) -> 2695.05 | R56: =IFERROR(__xludf.DUMMYFUNCTION("iferror(index('지수RAW'!$F$7:$F$12040,MATCH($D56,'지수RAW'!$B$7:$B$12040,0)-1,1),GOOGLEFINANCE(R$2))"),4131.93) -> 4131.93 | S56: =IFERROR(__xludf.DUMMYFUNCTION("iferror(index('지수RAW'!$N$7:$N$12040,MATCH($D56,'지수RAW'!$J$7:$J$12040,0)-1,1),GOOGLEFINANCE(S$2))"),12334.64) -> 12334.64 | U56: {=IFERROR(INDEX(지수RAW!$AT$7:$AT$12040,MATCH($D56,지수RAW!$AP$7:$AP$12040,0)-1,1),지수RAW!$AU$4)} -> 1911.7 | V56: =IFERROR(__xludf.DUMMYFUNCTION("iferror(index('지수RAW'!$AL$7:$AL$12040,MATCH($D56,'지수RAW'!$AH$7:$AH$12040,0)-1,1),GOOGLEFINANCE(V$2))"),37648.9) -> 37648.9 | W56: =IFERROR(__xludf.DUMMYFUNCTION("iferror(index('지수RAW'!$AD$7:$AD$12040,MATCH($D56,'지수RAW'!$Z$7:$Z$12040,0)-1,1),GOOGLEFINANCE(W$2))"),1263.38) -> 1263.38 | X56: =$W56*R56 -> 5220197.7 | Y56: =$W56*S56 -> 15583337 | Z56: =$W56*U56 -> 2415203.5 | AA56: =$W56*V56 -> 47564867 | AC56: =IF(Q56="","",AC55*(W56/W55)) -> 118.50817 | AD56: =IF(R56="","",AD55*(X56/X55)) -> 183.14842 | AE56: =IF(S56="","",AE55*(Y56/Y55)) -> 211.7446 | AF56: =IF(U56="","",AF55*(Z56/Z55)) -> 173.03296 | AG56: =IF(V56="","",AG55*(AA56/AA55)) -> 321.42535
B57: =IF(C56=12,B56+1,B56) -> 22 | C57: =IF(C56=12,1,C56+1) -> 5 | D57: =IF(F57="12월",(E57+1)&VLOOKUP(F57,인덱스!$C:$D,2,0),E57&VLOOKUP(F57,인덱스!$C:$D,2,0)) -> 20226 | E57: ="20"&B57 -> 2022 | F57: =C57&"월" -> 5월 | G57: =B57&"."&VLOOKUP(F57,인덱스!$A:$B,2,0) -> 22.05 | H57: =IFERROR(VLOOKUP(G57,#REF!,2,0),) -> 0 | I57: =IF(Q57="","",I56*(Q57/Q56)) -> 108.8515 | J57: =IF(R57="","",J56*(R57/R56)) -> 154.55321 | K57: =IF(S57="","",K56*(S57/S56)) -> 175.00663 | L57: =IF(U57="","",L56*(U57/U56)) -> 141.17467 | M57: =IF(V57="","",M56*(V57/V56)) -> 228.8947 | Q57: =IFERROR(__xludf.DUMMYFUNCTION("iferror(index('지수RAW'!$V$7:$V$12040,MATCH($D57,'지수RAW'!$R$7:$R$12040,0)-1,1),GOOGLEFINANCE(Q$2))"),2685.9) -> 2685.9 | R57: =IFERROR(__xludf.DUMMYFUNCTION("iferror(index('지수RAW'!$F$7:$F$12040,MATCH($D57,'지수RAW'!$B$7:$B$12040,0)-1,1),GOOGLEFINANCE(R$2))"),4132.15) -> 4132.15 | S57: =IFERROR(__xludf.DUMMYFUNCTION("iferror(index('지수RAW'!$N$7:$N$12040,MATCH($D57,'지수RAW'!$J$7:$J$12040,0)-1,1),GOOGLEFINANCE(S$2))"),12081.39) -> 12081.39 | U57: {=IFERROR(INDEX(지수RAW!$AT$7:$AT$12040,MATCH($D57,지수RAW!$AP$7:$AP$12040,0)-1,1),지수RAW!$AU$4)} -> 1848.4 | V57: =IFERROR(__xludf.DUMMYFUNCTION("iferror(index('지수RAW'!$AL$7:$AL$12040,MATCH($D57,'지수RAW'!$AH$7:$AH$12040,0)-1,1),GOOGLEFINANCE(V$2))"),31772.85) -> 31772.85 | W57: =IFERROR(__xludf.DUMMYFUNCTION("iferror(index('지수RAW'!$AD$7:$AD$12040,MATCH($D57,'지수RAW'!$Z$7:$Z$12040,0)-1,1),GOOGLEFINANCE(W$2))"),1241.74) -> 1241.74 | X57: =$W57*R57 -> 5131055.9 | Y57: =$W57*S57 -> 15001945 | Z57: =$W57*U57 -> 2295232.2 | AA57: =$W57*V57 -> 39453619 | AC57: =IF(Q57="","",AC56*(W57/W56)) -> 116.47828 | AD57: =IF(R57="","",AD56*(X57/X56)) -> 180.02092 | AE57: =IF(S57="","",AE56*(Y57/Y56)) -> 203.84471 | AF57: =IF(U57="","",AF56*(Z57/Z56)) -> 164.43783 | AG57: =IF(V57="","",AG56*(AA57/AA56)) -> 266.61261
B58: =IF(C57=12,B57+1,B57) -> 22 | C58: =IF(C57=12,1,C57+1) -> 6 | D58: =IF(F58="12월",(E58+1)&VLOOKUP(F58,인덱스!$C:$D,2,0),E58&VLOOKUP(F58,인덱스!$C:$D,2,0)) -> 20227 | E58: ="20"&B58 -> 2022 | F58: =C58&"월" -> 6월 | G58: =B58&"."&VLOOKUP(F58,인덱스!$A:$B,2,0) -> 22.06 | H58: =IFERROR(VLOOKUP(G58,#REF!,2,0),) -> 0 | I58: =IF(Q58="","",I57*(Q58/Q57)) -> 94.534932 | J58: =IF(R58="","",J57*(R58/R57)) -> 141.5831 | K58: =IF(S58="","",K57*(S58/S57)) -> 159.75832 | L58: =IF(U58="","",L57*(U58/U57)) -> 138.03559 | M58: =IF(V58="","",M57*(V58/V57)) -> 143.45619 | Q58: =IFERROR(__xludf.DUMMYFUNCTION("iferror(index('지수RAW'!$V$7:$V$12040,MATCH($D58,'지수RAW'!$R$7:$R$12040,0)-1,1),GOOGLEFINANCE(Q$2))"),2332.64) -> 2332.64 | R58: =IFERROR(__xludf.DUMMYFUNCTION("iferror(index('지수RAW'!$F$7:$F$12040,MATCH($D58,'지수RAW'!$B$7:$B$12040,0)-1,1),GOOGLEFINANCE(R$2))"),3785.38) -> 3785.38 | S58: =IFERROR(__xludf.DUMMYFUNCTION("iferror(index('지수RAW'!$N$7:$N$12040,MATCH($D58,'지수RAW'!$J$7:$J$12040,0)-1,1),GOOGLEFINANCE(S$2))"),11028.74) -> 11028.74 | U58: {=IFERROR(INDEX(지수RAW!$AT$7:$AT$12040,MATCH($D58,지수RAW!$AP$7:$AP$12040,0)-1,1),지수RAW!$AU$4)} -> 1807.3 | V58: =IFERROR(__xludf.DUMMYFUNCTION("iferror(index('지수RAW'!$AL$7:$AL$12040,MATCH($D58,'지수RAW'!$AH$7:$AH$12040,0)-1,1),GOOGLEFINANCE(V$2))"),19913.14) -> 19913.14 | W58: =IFERROR(__xludf.DUMMYFUNCTION("iferror(index('지수RAW'!$AD$7:$AD$12040,MATCH($D58,'지수RAW'!$Z$7:$Z$12040,0)-1,1),GOOGLEFINANCE(W$2))"),1287.71) -> 1287.71 | X58: =$W58*R58 -> 4874471.7 | Y58: =$W58*S58 -> 14201819 | Z58: =$W58*U58 -> 2327278.3 | AA58: =$W58*V58 -> 25642350 | AC58: =IF(Q58="","",AC57*(W58/W57)) -> 120.79038 | AD58: =IF(R58="","",AD57*(X58/X57)) -> 171.01877 | AE58: =IF(S58="","",AE57*(Y58/Y57)) -> 192.97268 | AF58: =IF(U58="","",AF57*(Z58/Z57)) -> 166.73372 | AG58: =IF(V58="","",AG57*(AA58/AA57)) -> 173.28128
B59: =IF(C58=12,B58+1,B58) -> 22 | C59: =IF(C58=12,1,C58+1) -> 7 | D59: =IF(F59="12월",(E59+1)&VLOOKUP(F59,인덱스!$C:$D,2,0),E59&VLOOKUP(F59,인덱스!$C:$D,2,0)) -> 20228 | E59: ="20"&B59 -> 2022 | F59: =C59&"월" -> 7월 | G59: =B59&"."&VLOOKUP(F59,인덱스!$A:$B,2,0) -> 22.07 | H59: =IFERROR(VLOOKUP(G59,#REF!,2,0),) -> 0 | I59: =IF(Q59="","",I58*(Q59/Q58)) -> 99.351973 | J59: =IF(R59="","",J58*(R59/R58)) -> 154.48364 | K59: =IF(S59="","",K58*(S59/S58)) -> 179.48703 | L59: =IF(U59="","",L58*(U59/U58)) -> 136.08799 | M59: =IF(V59="","",M58*(V59/V58)) -> 167.91785 | Q59: =IFERROR(__xludf.DUMMYFUNCTION("iferror(index('지수RAW'!$V$7:$V$12040,MATCH($D59,'지수RAW'!$R$7:$R$12040,0)-1,1),GOOGLEFINANCE(Q$2))"),2451.5) -> 2451.5 | R59: =IFERROR(__xludf.DUMMYFUNCTION("iferror(index('지수RAW'!$F$7:$F$12040,MATCH($D59,'지수RAW'!$B$7:$B$12040,0)-1,1),GOOGLEFINANCE(R$2))"),4130.29) -> 4130.29 | S59: =IFERROR(__xludf.DUMMYFUNCTION("iferror(index('지수RAW'!$N$7:$N$12040,MATCH($D59,'지수RAW'!$J$7:$J$12040,0)-1,1),GOOGLEFINANCE(S$2))"),12390.69) -> 12390.69 | U59: {=IFERROR(INDEX(지수RAW!$AT$7:$AT$12040,MATCH($D59,지수RAW!$AP$7:$AP$12040,0)-1,1),지수RAW!$AU$4)} -> 1781.8 | V59: =IFERROR(__xludf.DUMMYFUNCTION("iferror(index('지수RAW'!$AL$7:$AL$12040,MATCH($D59,'지수RAW'!$AH$7:$AH$12040,0)-1,1),GOOGLEFINANCE(V$2))"),23308.66) -> 23308.66 | W59: =IFERROR(__xludf.DUMMYFUNCTION("iferror(index('지수RAW'!$AD$7:$AD$12040,MATCH($D59,'지수RAW'!$Z$7:$Z$12040,0)-1,1),GOOGLEFINANCE(W$2))"),1302.28) -> 1302.28 | X59: =$W59*R59 -> 5378794.1 | Y59: =$W59*S59 -> 16136148 | Z59: =$W59*U59 -> 2320402.5 | AA59: =$W59*V59 -> 30354402 | AC59: =IF(Q59="","",AC58*(W59/W58)) -> 122.15708 | AD59: =IF(R59="","",AD58*(X59/X58)) -> 188.7127 | AE59: =IF(S59="","",AE58*(Y59/Y58)) -> 219.25612 | AF59: =IF(U59="","",AF58*(Z59/Z58)) -> 166.24111 | AG59: =IF(V59="","",AG58*(AA59/AA58)) -> 205.12355
B60: =IF(C59=12,B59+1,B59) -> 22 | C60: =IF(C59=12,1,C59+1) -> 8 | D60: =IF(F60="12월",(E60+1)&VLOOKUP(F60,인덱스!$C:$D,2,0),E60&VLOOKUP(F60,인덱스!$C:$D,2,0)) -> 20229 | E60: ="20"&B60 -> 2022 | F60: =C60&"월" -> 8월 | G60: =B60&"."&VLOOKUP(F60,인덱스!$A:$B,2,0) -> 22.08 | H60: =IFERROR(VLOOKUP(G60,#REF!,2,0),) -> 0 | I60: =IF(Q60="","",I59*(Q60/Q59)) -> 100.1848 | J60: =IF(R60="","",J59*(R60/R59)) -> 147.92733 | K60: =IF(S60="","",K59*(S60/S59)) -> 171.16518 | L60: =IF(U60="","",L59*(U60/U59)) -> 131.84144 | M60: =IF(V60="","",M59*(V60/V59)) -> 144.43768 | Q60: =IFERROR(__xludf.DUMMYFUNCTION("iferror(index('지수RAW'!$V$7:$V$12040,MATCH($D60,'지수RAW'!$R$7:$R$12040,0)-1,1),GOOGLEFINANCE(Q$2))"),2472.05) -> 2472.05 | R60: =IFERROR(__xludf.DUMMYFUNCTION("iferror(index('지수RAW'!$F$7:$F$12040,MATCH($D60,'지수RAW'!$B$7:$B$12040,0)-1,1),GOOGLEFINANCE(R$2))"),3955) -> 3955 | S60: =IFERROR(__xludf.DUMMYFUNCTION("iferror(index('지수RAW'!$N$7:$N$12040,MATCH($D60,'지수RAW'!$J$7:$J$12040,0)-1,1),GOOGLEFINANCE(S$2))"),11816.2) -> 11816.2 | U60: {=IFERROR(INDEX(지수RAW!$AT$7:$AT$12040,MATCH($D60,지수RAW!$AP$7:$AP$12040,0)-1,1),지수RAW!$AU$4)} -> 1726.2 | V60: =IFERROR(__xludf.DUMMYFUNCTION("iferror(index('지수RAW'!$AL$7:$AL$12040,MATCH($D60,'지수RAW'!$AH$7:$AH$12040,0)-1,1),GOOGLEFINANCE(V$2))"),20049.38) -> 20049.38 | W60: =IFERROR(__xludf.DUMMYFUNCTION("iferror(index('지수RAW'!$AD$7:$AD$12040,MATCH($D60,'지수RAW'!$Z$7:$Z$12040,0)-1,1),GOOGLEFINANCE(W$2))"),1342.26) -> 1342.26 | X60: =$W60*R60 -> 5308638.3 | Y60: =$W60*S60 -> 15860413 | Z60: =$W60*U60 -> 2317009.2 | AA60: =$W60*V60 -> 26911481 | AC60: =IF(Q60="","",AC59*(W60/W59)) -> 125.9073 | AD60: =IF(R60="","",AD59*(X60/X59)) -> 186.25132 | AE60: =IF(S60="","",AE59*(Y60/Y59)) -> 215.50947 | AF60: =IF(U60="","",AF59*(Z60/Z59)) -> 165.99801 | AG60: =IF(V60="","",AG59*(AA60/AA59)) -> 181.85759
B61: =IF(C60=12,B60+1,B60) -> 22 | C61: =IF(C60=12,1,C60+1) -> 9 | D61: =IF(F61="12월",(E61+1)&VLOOKUP(F61,인덱스!$C:$D,2,0),E61&VLOOKUP(F61,인덱스!$C:$D,2,0)) -> 202210 | E61: ="20"&B61 -> 2022 | F61: =C61&"월" -> 9월 | G61: =B61&"."&VLOOKUP(F61,인덱스!$A:$B,2,0) -> 22.09 | H61: =IFERROR(VLOOKUP(G61,#REF!,2,0),) -> 0 | I61: =IF(Q61="","",I60*(Q61/Q60)) -> 87.355572 | J61: =IF(R61="","",J60*(R61/R60)) -> 134.11156 | K61: =IF(S61="","",K60*(S61/S60)) -> 153.19459 | L61: =IF(U61="","",L60*(U61/U60)) -> 127.70183 | M61: =IF(V61="","",M60*(V61/V60)) -> 139.93656 | Q61: =IFERROR(__xludf.DUMMYFUNCTION("iferror(index('지수RAW'!$V$7:$V$12040,MATCH($D61,'지수RAW'!$R$7:$R$12040,0)-1,1),GOOGLEFINANCE(Q$2))"),2155.49) -> 2155.49 | R61: =IFERROR(__xludf.DUMMYFUNCTION("iferror(index('지수RAW'!$F$7:$F$12040,MATCH($D61,'지수RAW'!$B$7:$B$12040,0)-1,1),GOOGLEFINANCE(R$2))"),3585.62) -> 3585.62 | S61: =IFERROR(__xludf.DUMMYFUNCTION("iferror(index('지수RAW'!$N$7:$N$12040,MATCH($D61,'지수RAW'!$J$7:$J$12040,0)-1,1),GOOGLEFINANCE(S$2))"),10575.62) -> 10575.62 | U61: {=IFERROR(INDEX(지수RAW!$AT$7:$AT$12040,MATCH($D61,지수RAW!$AP$7:$AP$12040,0)-1,1),지수RAW!$AU$4)} -> 1672 | V61: =IFERROR(__xludf.DUMMYFUNCTION("iferror(index('지수RAW'!$AL$7:$AL$12040,MATCH($D61,'지수RAW'!$AH$7:$AH$12040,0)-1,1),GOOGLEFINANCE(V$2))"),19424.58) -> 19424.58 | W61: =IFERROR(__xludf.DUMMYFUNCTION("iferror(index('지수RAW'!$AD$7:$AD$12040,MATCH($D61,'지수RAW'!$Z$7:$Z$12040,0)-1,1),GOOGLEFINANCE(W$2))"),1439.13) -> 1439.13 | X61: =$W61*R61 -> 5160173.3 | Y61: =$W61*S61 -> 15219692 | Z61: =$W61*U61 -> 2406225.4 | AA61: =$W61*V61 -> 27954496 | AC61: =IF(Q61="","",AC60*(W61/W60)) -> 134.99395 | AD61: =IF(R61="","",AD60*(X61/X60)) -> 181.04249 | AE61: =IF(S61="","",AE60*(Y61/Y60)) -> 206.80343 | AF61: =IF(U61="","",AF60*(Z61/Z60)) -> 172.38974 | AG61: =IF(V61="","",AG60*(AA61/AA60)) -> 188.90589
B62: =IF(C61=12,B61+1,B61) -> 22 | C62: =IF(C61=12,1,C61+1) -> 10 | D62: =IF(F62="12월",(E62+1)&VLOOKUP(F62,인덱스!$C:$D,2,0),E62&VLOOKUP(F62,인덱스!$C:$D,2,0)) -> 202211 | E62: ="20"&B62 -> 2022 | F62: =C62&"월" -> 10월 | G62: =B62&"."&VLOOKUP(F62,인덱스!$A:$B,2,0) -> 22.10 | H62: =IFERROR(VLOOKUP(G62,#REF!,2,0),) -> 0 | I62: =IF(Q62="","",I61*(Q62/Q61)) -> 92.953163 | J62: =IF(R62="","",J61*(R62/R61)) -> 144.82217 | K62: =IF(S62="","",K61*(S62/S61)) -> 159.17035 | L62: =IF(U62="","",L61*(U62/U61)) -> 125.31124 | M62: =IF(V62="","",M61*(V62/V61)) -> 147.62751 | Q62: =IFERROR(__xludf.DUMMYFUNCTION("iferror(index('지수RAW'!$V$7:$V$12040,MATCH($D62,'지수RAW'!$R$7:$R$12040,0)-1,1),GOOGLEFINANCE(Q$2))"),2293.61) -> 2293.61 | R62: =IFERROR(__xludf.DUMMYFUNCTION("iferror(index('지수RAW'!$F$7:$F$12040,MATCH($D62,'지수RAW'!$B$7:$B$12040,0)-1,1),GOOGLEFINANCE(R$2))"),3871.98) -> 3871.98 | S62: =IFERROR(__xludf.DUMMYFUNCTION("iferror(index('지수RAW'!$N$7:$N$12040,MATCH($D62,'지수RAW'!$J$7:$J$12040,0)-1,1),GOOGLEFINANCE(S$2))"),10988.15) -> 10988.15 | U62: {=IFERROR(INDEX(지수RAW!$AT$7:$AT$12040,MATCH($D62,지수RAW!$AP$7:$AP$12040,0)-1,1),지수RAW!$AU$4)} -> 1640.7 | V62: =IFERROR(__xludf.DUMMYFUNCTION("iferror(index('지수RAW'!$AL$7:$AL$12040,MATCH($D62,'지수RAW'!$AH$7:$AH$12040,0)-1,1),GOOGLEFINANCE(V$2))"),20492.16) -> 20492.16 | W62: =IFERROR(__xludf.DUMMYFUNCTION("iferror(index('지수RAW'!$AD$7:$AD$12040,MATCH($D62,'지수RAW'!$Z$7:$Z$12040,0)-1,1),GOOGLEFINANCE(W$2))"),1424.67) -> 1424.67 | X62: =$W62*R62 -> 5516293.7 | Y62: =$W62*S62 -> 15654488 | Z62: =$W62*U62 -> 2337456.1 | AA62: =$W62*V62 -> 29194566 | AC62: =IF(Q62="","",AC61*(W62/W61)) -> 133.63757 | AD62: =IF(R62="","",AD61*(X62/X61)) -> 193.53682 | AE62: =IF(S62="","",AE61*(Y62/Y61)) -> 212.71138 | AF62: =IF(U62="","",AF61*(Z62/Z61)) -> 167.46288 | AG62: =IF(V62="","",AG61*(AA62/AA61)) -> 197.28581
B63: =IF(C62=12,B62+1,B62) -> 22 | C63: =IF(C62=12,1,C62+1) -> 11 | D63: =IF(F63="12월",(E63+1)&VLOOKUP(F63,인덱스!$C:$D,2,0),E63&VLOOKUP(F63,인덱스!$C:$D,2,0)) -> 202212 | E63: ="20"&B63 -> 2022 | F63: =C63&"월" -> 11월 | G63: =B63&"."&VLOOKUP(F63,인덱스!$A:$B,2,0) -> 22.11 | H63: =IFERROR(VLOOKUP(G63,#REF!,2,0),) -> 0 | I63: =IF(Q63="","",I62*(Q63/Q62)) -> 100.20426 | J63: =IF(R63="","",J62*(R63/R62)) -> 152.60678 | K63: =IF(S63="","",K62*(S63/S62)) -> 166.12128 | L63: =IF(U63="","",L62*(U63/U62)) -> 134.41534 | M63: =IF(V63="","",M62*(V63/V62)) -> 123.6437 | Q63: =IFERROR(__xludf.DUMMYFUNCTION("iferror(index('지수RAW'!$V$7:$V$12040,MATCH($D63,'지수RAW'!$R$7:$R$12040,0)-1,1),GOOGLEFINANCE(Q$2))"),2472.53) -> 2472.53 | R63: =IFERROR(__xludf.DUMMYFUNCTION("iferror(index('지수RAW'!$F$7:$F$12040,MATCH($D63,'지수RAW'!$B$7:$B$12040,0)-1,1),GOOGLEFINANCE(R$2))"),4080.11) -> 4080.11 | S63: =IFERROR(__xludf.DUMMYFUNCTION("iferror(index('지수RAW'!$N$7:$N$12040,MATCH($D63,'지수RAW'!$J$7:$J$12040,0)-1,1),GOOGLEFINANCE(S$2))"),11468) -> 11468 | U63: {=IFERROR(INDEX(지수RAW!$AT$7:$AT$12040,MATCH($D63,지수RAW!$AP$7:$AP$12040,0)-1,1),지수RAW!$AU$4)} -> 1759.9 | V63: =IFERROR(__xludf.DUMMYFUNCTION("iferror(index('지수RAW'!$AL$7:$AL$12040,MATCH($D63,'지수RAW'!$AH$7:$AH$12040,0)-1,1),GOOGLEFINANCE(V$2))"),17162.97) -> 17162.97 | W63: =IFERROR(__xludf.DUMMYFUNCTION("iferror(index('지수RAW'!$AD$7:$AD$12040,MATCH($D63,'지수RAW'!$Z$7:$Z$12040,0)-1,1),GOOGLEFINANCE(W$2))"),1279.8) -> 1279.8 | X63: =$W63*R63 -> 5221724.8 | Y63: =$W63*S63 -> 14676746 | Z63: =$W63*U63 -> 2252320 | AA63: =$W63*V63 -> 21965169 | AC63: =IF(Q63="","",AC62*(W63/W62)) -> 120.0484 | AD63: =IF(R63="","",AD62*(X63/X62)) -> 183.20199 | AE63: =IF(S63="","",AE62*(Y63/Y62)) -> 199.42595 | AF63: =IF(U63="","",AF62*(Z63/Z62)) -> 161.36346 | AG63: =IF(V63="","",AG62*(AA63/AA62)) -> 148.43229
B64: =IF(C63=12,B63+1,B63) -> 22 | C64: =IF(C63=12,1,C63+1) -> 12 | D64: =IF(F64="12월",(E64+1)&VLOOKUP(F64,인덱스!$C:$D,2,0),E64&VLOOKUP(F64,인덱스!$C:$D,2,0)) -> 20231 | E64: ="20"&B64 -> 2022 | F64: =C64&"월" -> 12월 | G64: =B64&"."&VLOOKUP(F64,인덱스!$A:$B,2,0) -> 22.12 | H64: =IFERROR(VLOOKUP(G64,#REF!,2,0),) -> 0 | I64: =IF(Q64="","",I63*(Q64/Q63)) -> 90.634613 | J64: =IF(R64="","",J63*(R64/R63)) -> 143.60733 | K64: =IF(S64="","",K63*(S64/S63)) -> 151.61363 | L64: =IF(U64="","",L63*(U64/U63)) -> 139.47911 | M64: =IF(V64="","",M63*(V64/V63)) -> 119.07796 | Q64: =IFERROR(__xludf.DUMMYFUNCTION("iferror(index('지수RAW'!$V$7:$V$12040,MATCH($D64,'지수RAW'!$R$7:$R$12040,0)-1,1),GOOGLEFINANCE(Q$2))"),2236.4) -> 2236.4 | R64: =IFERROR(__xludf.DUMMYFUNCTION("iferror(index('지수RAW'!$F$7:$F$12040,MATCH($D64,'지수RAW'!$B$7:$B$12040,0)-1,1),GOOGLEFINANCE(R$2))"),3839.5) -> 3839.5 | S64: =IFERROR(__xludf.DUMMYFUNCTION("iferror(index('지수RAW'!$N$7:$N$12040,MATCH($D64,'지수RAW'!$J$7:$J$12040,0)-1,1),GOOGLEFINANCE(S$2))"),10466.48) -> 10466.48 | U64: {=IFERROR(INDEX(지수RAW!$AT$7:$AT$12040,MATCH($D64,지수RAW!$AP$7:$AP$12040,0)-1,1),지수RAW!$AU$4)} -> 1826.2 | V64: =IFERROR(__xludf.DUMMYFUNCTION("iferror(index('지수RAW'!$AL$7:$AL$12040,MATCH($D64,'지수RAW'!$AH$7:$AH$12040,0)-1,1),GOOGLEFINANCE(V$2))"),16529.2) -> 16529.2 | W64: =IFERROR(__xludf.DUMMYFUNCTION("iferror(index('지수RAW'!$AD$7:$AD$12040,MATCH($D64,'지수RAW'!$Z$7:$Z$12040,0)-1,1),GOOGLEFINANCE(W$2))"),1260.91) -> 1260.91 | X64: =$W64*R64 -> 4841263.9 | Y64: =$W64*S64 -> 13197289 | Z64: =$W64*U64 -> 2302673.8 | AA64: =$W64*V64 -> 20841834 | AC64: =IF(Q64="","",AC63*(W64/W63)) -> 118.27647 | AD64: =IF(R64="","",AD63*(X64/X63)) -> 169.85369 | AE64: =IF(S64="","",AE63*(Y64/Y63)) -> 179.32325 | AF64: =IF(U64="","",AF63*(Z64/Z63)) -> 164.97097 | AG64: =IF(V64="","",AG63*(AA64/AA63)) -> 140.84121
B65: =IF(C64=12,B64+1,B64) -> 23 | C65: =IF(C64=12,1,C64+1) -> 1 | D65: =IF(F65="12월",(E65+1)&VLOOKUP(F65,인덱스!$C:$D,2,0),E65&VLOOKUP(F65,인덱스!$C:$D,2,0)) -> 20232 | E65: ="20"&B65 -> 2023 | F65: =C65&"월" -> 1월 | G65: =B65&"."&VLOOKUP(F65,인덱스!$A:$B,2,0) -> 23.01 | H65: =IFERROR(VLOOKUP(G65,#REF!,2,0),) -> 0 | I65: =IF(Q65="","",I64*(Q65/Q64)) -> 98.281249 | J65: =IF(R65="","",J64*(R65/R64)) -> 152.47549 | K65: =IF(S65="","",K64*(S65/S64)) -> 167.80958 | L65: =IF(U65="","",L64*(U65/U64)) -> 148.57557 | M65: =IF(V65="","",M64*(V65/V64)) -> 166.62407 | Q65: =IFERROR(__xludf.DUMMYFUNCTION("iferror(index('지수RAW'!$V$7:$V$12040,MATCH($D65,'지수RAW'!$R$7:$R$12040,0)-1,1),GOOGLEFINANCE(Q$2))"),2425.08) -> 2425.08 | R65: =IFERROR(__xludf.DUMMYFUNCTION("iferror(index('지수RAW'!$F$7:$F$12040,MATCH($D65,'지수RAW'!$B$7:$B$12040,0)-1,1),GOOGLEFINANCE(R$2))"),4076.6) -> 4076.6 | S65: =IFERROR(__xludf.DUMMYFUNCTION("iferror(index('지수RAW'!$N$7:$N$12040,MATCH($D65,'지수RAW'!$J$7:$J$12040,0)-1,1),GOOGLEFINANCE(S$2))"),11584.55) -> 11584.55 | U65: {=IFERROR(INDEX(지수RAW!$AT$7:$AT$12040,MATCH($D65,지수RAW!$AP$7:$AP$12040,0)-1,1),지수RAW!$AU$4)} -> 1945.3 | V65: =IFERROR(__xludf.DUMMYFUNCTION("iferror(index('지수RAW'!$AL$7:$AL$12040,MATCH($D65,'지수RAW'!$AH$7:$AH$12040,0)-1,1),GOOGLEFINANCE(V$2))"),23129.07) -> 23129.07 | W65: =IFERROR(__xludf.DUMMYFUNCTION("iferror(index('지수RAW'!$AD$7:$AD$12040,MATCH($D65,'지수RAW'!$Z$7:$Z$12040,0)-1,1),GOOGLEFINANCE(W$2))"),1232.15) -> 1232.15 | X65: =$W65*R65 -> 5022982.7 | Y65: =$W65*S65 -> 14273903 | Z65: =$W65*U65 -> 2396901.4 | AA65: =$W65*V65 -> 28498484 | AC65: =IF(Q65="","",AC64*(W65/W64)) -> 115.57871 | AD65: =IF(R65="","",AD64*(X65/X64)) -> 176.22921 | AE65: =IF(S65="","",AE64*(Y65/Y64)) -> 193.95216 | AF65: =IF(U65="","",AF64*(Z65/Z64)) -> 171.72174 | AG65: =IF(V65="","",AG64*(AA65/AA64)) -> 192.58195
B66: =IF(C65=12,B65+1,B65) -> 23 | C66: =IF(C65=12,1,C65+1) -> 2 | D66: =IF(F66="12월",(E66+1)&VLOOKUP(F66,인덱스!$C:$D,2,0),E66&VLOOKUP(F66,인덱스!$C:$D,2,0)) -> 20233 | E66: ="20"&B66 -> 2023 | F66: =C66&"월" -> 2월 | G66: =B66&"."&VLOOKUP(F66,인덱스!$A:$B,2,0) -> 23.02 | H66: =IFERROR(VLOOKUP(G66,#REF!,2,0),) -> 0 | I66: =IF(Q66="","",I65*(Q66/Q65)) -> 97.785604 | J66: =IF(R66="","",J65*(R66/R65)) -> 148.49398 | K66: =IF(S66="","",K65*(S66/S65)) -> 165.94079 | L66: =IF(U66="","",L65*(U66/U65)) -> 140.28107 | M66: =IF(V66="","",M65*(V66/V65)) -> 166.64409 | Q66: =IFERROR(__xludf.DUMMYFUNCTION("iferror(index('지수RAW'!$V$7:$V$12040,MATCH($D66,'지수RAW'!$R$7:$R$12040,0)-1,1),GOOGLEFINANCE(Q$2))"),2412.85) -> 2412.85 | R66: =IFERROR(__xludf.DUMMYFUNCTION("iferror(index('지수RAW'!$F$7:$F$12040,MATCH($D66,'지수RAW'!$B$7:$B$12040,0)-1,1),GOOGLEFINANCE(R$2))"),3970.15) -> 3970.15 | S66: =IFERROR(__xludf.DUMMYFUNCTION("iferror(index('지수RAW'!$N$7:$N$12040,MATCH($D66,'지수RAW'!$J$7:$J$12040,0)-1,1),GOOGLEFINANCE(S$2))"),11455.54) -> 11455.54 | U66: {=IFERROR(INDEX(지수RAW!$AT$7:$AT$12040,MATCH($D66,지수RAW!$AP$7:$AP$12040,0)-1,1),지수RAW!$AU$4)} -> 1836.7 | V66: =IFERROR(__xludf.DUMMYFUNCTION("iferror(index('지수RAW'!$AL$7:$AL$12040,MATCH($D66,'지수RAW'!$AH$7:$AH$12040,0)-1,1),GOOGLEFINANCE(V$2))"),23131.85) -> 23131.85 | W66: =IFERROR(__xludf.DUMMYFUNCTION("iferror(index('지수RAW'!$AD$7:$AD$12040,MATCH($D66,'지수RAW'!$Z$7:$Z$12040,0)-1,1),GOOGLEFINANCE(W$2))"),1321.6) -> 1321.6 | X66: =$W66*R66 -> 5246950.2 | Y66: =$W66*S66 -> 15139642 | Z66: =$W66*U66 -> 2427382.7 | AA66: =$W66*V66 -> 30571053 | AC66: =IF(Q66="","",AC65*(W66/W65)) -> 123.96935 | AD66: =IF(R66="","",AD65*(X66/X65)) -> 184.08702 | AE66: =IF(S66="","",AE65*(Y66/Y65)) -> 205.71571 | AF66: =IF(U66="","",AF65*(Z66/Z65)) -> 173.90552 | AG66: =IF(V66="","",AG65*(AA66/AA65)) -> 206.58759
