Workbook

Sheet 계좌현황
C3: 종목별 실적 & 비중
I5: $1 = ￦1,379 | J5: 1379.48
C6: 국가 | D6: 종목코드 (티커) | E6: 종목명 | F6: 수량 | G6: 평단가 | I6: 현재가 | K6: 평가액 [원화] | L6: 투자비중 | M6: 누적수익 [원화] | N6: 총수익률 [평가+배당] | O6: 종목
G7: 원화 | H7: 달러 | I7: 원화 | J7: 달러
A8: 계좌 | B8: 번호 | K8: =SUM(K9:K84) | M8: =SUM(M9:M84) | N8: =IFERROR(M8/(K8-M8),)
A9: DC | B9: 1 | C9: 한국 | D9: 458760 | E9: TIGER 미배당다우커버드콜2호 | F9: 9359 | G9: 9435 | I9: 11285 | K9: =IFERROR(I9*F9+J9*$J$5*F9,) | L9: =IFERROR(K9/$K$8,) | M9: =IFERROR(K9-G9*F9-H9*$J$5*F9,) | N9: =IFERROR(M9/(K9-M9),) | O9: 다우커
A10: DC | B10: 2 | C10: 한국 | D10: 490490 | E10: SOL미국배당미국채혼합50 | F10: 3821 | G10: 10603 | I10: 11200 | K10: =IFERROR(I10*F10+J10*$J$5*F10,) | L10: =IFERROR(K10/$K$8,) | M10: =IFERROR(K10-G10*F10-H10*$J$5*F10,) | N10: =IFERROR(M10/(K10-M10),) | O10: 미배당국채
A11: DC | B11: 3 | C11: 한국 | D11: 0008S0 | E11: TIGER 미국배당다우존스타겟데일리커버드콜 | F11: 3000 | G11: 8910 | I11: 10175 | K11: =IFERROR(I11*F11+J11*$J$5*F11,) | L11: =IFERROR(K11/$K$8,) | M11: =IFERROR(K11-G11*F11-H11*$J$5*F11,) | N11: =IFERROR(M11/(K11-M11),) | O11: 다우커
A12: DC | B12: 4 | C12: 한국 | D12: 498410 | E12: KODEX금융고배당TOP10타겟위클리커버드콜 | F12: 2377 | G12: 12286 | I12: 11470 | K12: =IFERROR(I12*F12+J12*$J$5*F12,) | L12: =IFERROR(K12/$K$8,) | M12: =IFERROR(K12-G12*F12-H12*$J$5*F12,) | N12: =IFERROR(M12/(K12-M12),) | O12: 국내금융배당
A13: DC | B13: 5 | C13: 한국 | D13: 472170 | E13: TIGER 미국테크TOP10채권혼합 | F13: 1971 | G13: 14081 | I13: 13750 | K13: =IFERROR(I13*F13+J13*$J$5*F13,) | L13: =IFERROR(K13/$K$8,) | M13: =IFERROR(K13-G13*F13-H13*$J$5*F13,) | N13: =IFERROR(M13/(K13-M13),) | O13: 테크채권
A14: DC | B14: 6 | C14: 한국 | D14: 468380 | E14: KODEX iShares미국하이일드액티브 | F14: 2000 | G14: 11685 | I14: 10965 | K14: =IFERROR(I14*F14+J14*$J$5*F14,) | L14: =IFERROR(K14/$K$8,) | M14: =IFERROR(K14-G14*F14-H14*$J$5*F14,) | N14: =IFERROR(M14/(K14-M14),) | O14: 달러
A15: DC | B15: 7 | C15: 한국 | D15: 481060 | E15: KODEX 미국30년국채타겟커버드콜(H) | F15: 3060 | G15: 8675 | I15: 7420 | K15: =IFERROR(I15*F15+J15*$J$5*F15,) | L15: =IFERROR(K15/$K$8,) | M15: =IFERROR(K15-G15*F15-H15*$J$5*F15,) | N15: =IFERROR(M15/(K15-M15),) | O15: 미국채커
A16: DC | B16: 8 | C16: 한국 | D16: 329200 | E16: TIGER리츠부동산인프라 | F16: 5000 | G16: 4395 | I16: 4110 | K16: =IFERROR(I16*F16+J16*$J$5*F16,) | L16: =IFERROR(K16/$K$8,) | M16: =IFERROR(K16-G16*F16-H16*$J$5*F16,) | N16: =IFERROR(M16/(K16-M16),) | O16: 국내리츠
A17: DC | B17: 9 | C17: 한국 | D17: 379810 | E17: KODEX 미국나스닥100 | F17: 386 | G17: 27067 | I17: 26570 | K17: =IFERROR(I17*F17+J17*$J$5*F17,) | L17: =IFERROR(K17/$K$8,) | M17: =IFERROR(K17-G17*F17-H17*$J$5*F17,) | N17: =IFERROR(M17/(K17-M17),) | O17: 나스닥
A18: 개인연금1 | B18: 10 | C18: 한국 | D18: 474220 | E18: TIGER미국테크TOP10커버드콜 | F18: 3260 | G18: 10680 | I18: 14665 | K18: =IFERROR(I18*F18+J18*$J$5*F18,) | L18: =IFERROR(K18/$K$8,) | M18: =IFERROR(K18-G18*F18-H18*$J$5*F18,) | N18: =IFERROR(M18/(K18-M18),) | O18: 테커
A19: 개인연금1 | B19: 11 | C19: 한국 | D19: 458760 | E19: TIGER 미배당다우커버드콜2호 | F19: 4055 | G19: 10101 | I19: 11285 | K19: =IFERROR(I19*F19+J19*$J$5*F19,) | L19: =IFERROR(K19/$K$8,) | M19: =IFERROR(K19-G19*F19-H19*$J$5*F19,) | N19: =IFERROR(M19/(K19-M19),) | O19: 다우커
A20: 개인연금1 | B20: 12 | C20: 한국 | D20: 446720 | E20: SOL 미국배당다우존스 | F20: 1330 | G20: 10517 | I20: 14085 | K20: =IFERROR(I20*F20+J20*$J$5*F20,) | L20: =IFERROR(K20/$K$8,) | M20: =IFERROR(K20-G20*F20-H20*$J$5*F20,) | N20: =IFERROR(M20/(K20-M20),) | O20: 다우
... A24: 개인연금2 | B24: 16 | C24: 한국 | D24: 360750 | E24: TIGER미국S&P500 | F24: 219 | G24: 25492 | I24: 26202 | K24: =IFERROR(I24*F24+J24*$J$5*F24,) | L24: =IFERROR(K24/$K$8,) | M24: =IFERROR(K24-G24*F24-H24*$J$5*F24,) | N24: =IFERROR(M24/(K24-M24),) | O24: 슨피
A25: ISA | B25: 17 | C25: 한국 | D25: 483280 | E25: KODEX 미국AI테크TOP10타겟커버드콜 | F25: 2226 | G25: 10928 | I25: 11490 | K25: =IFERROR(I25*F25+J25*$J$5*F25,) | L25: =IFERROR(K25/$K$8,) | M25: =IFERROR(K25-G25*F25-H25*$J$5*F25,) | N25: =IFERROR(M25/(K25-M25),)
A26: ISA | B26: 18 | C26: 한국 | D26: 458760 | E26: TIGER 미배당다우커버드콜2호 | F26: 1939 | G26: 9901 | I26: 11285 | K26: =IFERROR(I26*F26+J26*$J$5*F26,) | L26: =IFERROR(K26/$K$8,) | M26: =IFERROR(K26-G26*F26-H26*$J$5*F26,) | N26: =IFERROR(M26/(K26-M26),) | O26: 다우커
A27: ISA | B27: 19 | C27: 한국 | D27: 474220 | E27: TIGER미국테크TOP10커버드콜 | F27: 1300 | G27: 11901 | I27: 14665 | K27: =IFERROR(I27*F27+J27*$J$5*F27,) | L27: =IFERROR(K27/$K$8,) | M27: =IFERROR(K27-G27*F27-H27*$J$5*F27,) | N27: =IFERROR(M27/(K27-M27),) | O27: 테커
A28: ISA | B28: 20 | C28: 한국 | D28: 457480 | E28: ACE테슬라밸류체인액티브 | F28: 505 | G28: 16714 | I28: 18965 | K28: =IFERROR(I28*F28+J28*$J$5*F28,) | L28: =IFERROR(K28/$K$8,) | M28: =IFERROR(K28-G28*F28-H28*$J$5*F28,) | N28: =IFERROR(M28/(K28-M28),) | O28: 테슬라
A29: ISA | B29: 21 | C29: 한국 | D29: 473330 | E29: SOL 미국 30년국채커버드콜(합성) | F29: 960 | G29: 9360 | I29: 8010 | K29: =IFERROR(I29*F29+J29*$J$5*F29,) | L29: =IFERROR(K29/$K$8,) | M29: =IFERROR(K29-G29*F29-H29*$J$5*F29,) | N29: =IFERROR(M29/(K29-M29),) | O29: 미국채커
A30: ISA | B30: 22 | C30: 한국 | D30: 000270 | E30: 기아 | F30: 34 | G30: 110746 | I30: 130700 | K30: =IFERROR(I30*F30+J30*$J$5*F30,) | L30: =IFERROR(K30/$K$8,) | M30: =IFERROR(K30-G30*F30-H30*$J$5*F30,) | N30: =IFERROR(M30/(K30-M30),) | O30: 기아
A31: ISA | B31: 23 | C31: 한국 | D31: 498270 | E31: KIWOOM 미국양자컴퓨팅 | F31: 297 | G31: 12814 | I31: 14805 | K31: =IFERROR(I31*F31+J31*$J$5*F31,) | L31: =IFERROR(K31/$K$8,) | M31: =IFERROR(K31-G31*F31-H31*$J$5*F31,) | N31: =IFERROR(M31/(K31-M31),) | O31: 양자
A32: ISA | B32: 24 | C32: 한국 | D32: 476550 | E32: TIGER 미국30년국채커버드콜액티브(H) | F32: 431 | G32: 9583 | I32: 6840 | K32: =IFERROR(I32*F32+J32*$J$5*F32,) | L32: =IFERROR(K32/$K$8,) | M32: =IFERROR(K32-G32*F32-H32*$J$5*F32,) | N32: =IFERROR(M32/(K32-M32),) | O32: 미국채커
A33: ISA | B33: 25 | C33: 한국 | D33: 0072R0 | E33: TIGER KRX금현물 | F33: 210 | G33: 14544 | I33: 13815 | K33: =IFERROR(I33*F33+J33*$J$5*F33,) | L33: =IFERROR(K33/$K$8,) | M33: =IFERROR(K33-G33*F33-H33*$J$5*F33,) | N33: =IFERROR(M33/(K33-M33),) | O33: 금
A34: ISA | B34: 26 | C34: 한국 | D34: 005389 | E34: 현대차3우B | F34: 13 | G34: 160810 | I34: 190700 | K34: =IFERROR(I34*F34+J34*$J$5*F34,) | L34: =IFERROR(K34/$K$8,) | M34: =IFERROR(K34-G34*F34-H34*$J$5*F34,) | N34: =IFERROR(M34/(K34-M34),) | O34: 현대차
A35: ISA | B35: 27 | C35: 한국 | D35: 364980 | E35: TIGER 2차전지TOP10 | F35: 176 | G35: 8477 | I35: 10190 | K35: =IFERROR(I35*F35+J35*$J$5*F35,) | L35: =IFERROR(K35/$K$8,) | M35: =IFERROR(K35-G35*F35-H35*$J$5*F35,) | N35: =IFERROR(M35/(K35-M35),) | O35: 이차전지
A36: ISA | B36: 28 | C36: 한국 | D36: 476690 | E36: TIGER 글로벌비만치료제 TOP2 Plus | F36: 100 | G36: 9378 | I36: 11090 | K36: =IFERROR(I36*F36+J36*$J$5*F36,) | L36: =IFERROR(K36/$K$8,) | M36: =IFERROR(K36-G36*F36-H36*$J$5*F36,) | N36: =IFERROR(M36/(K36-M36),) | O36: 헬스
A37: ISA | B37: 29 | C37: 한국 | D37: 475380 | E37: RISE 글로벌리얼티인컴 | F37: 101 | G37: 9891 | I37: 10435 | K37: =IFERROR(I37*F37+J37*$J$5*F37,) | L37: =IFERROR(K37/$K$8,) | M37: =IFERROR(K37-G37*F37-H37*$J$5*F37,) | N37: =IFERROR(M37/(K37-M37),) | O37: 리츠
... A40: 일반계좌 | B40: 32 | C40: 한국 | D40: 498400 | E40: KODEX 200타켓위클리커버드콜 | F40: 611 | G40: 21321 | I40: 20025 | K40: =IFERROR(I40*F40+J40*$J$5*F40,) | L40: =IFERROR(K40/$K$8,) | M40: =IFERROR(K40-G40*F40-H40*$J$5*F40,) | N40: =IFERROR(M40/(K40-M40),) | O40: 헬스
A41: 일반계좌 | B41: 33 | C41: 미국 | D41: TSLA | E41: 테슬라 | F41: 17 | H41: 280.9963 | J41: 362.85999 | K41: =IFERROR(I41*F41+J41*$J$5*F41,) | L41: =IFERROR(K41/$K$8,) | M41: =IFERROR(K41-G41*F41-H41*$J$5*F41,) | N41: =IFERROR(M41/(K41-M41),) | O41: 테슬라
A42: 일반계좌 | B42: 34 | C42: 미국 | D42: O | E42: 리얼티인컴 | F42: 53 | H42: 53.53 | J42: 62.599998 | K42: =IFERROR(I42*F42+J42*$J$5*F42,) | L42: =IFERROR(K42/$K$8,) | M42: =IFERROR(K42-G42*F42-H42*$J$5*F42,) | N42: =IFERROR(M42/(K42-M42),) | O42: 미국리츠
A43: 일반계좌 | B43: 35 | C43: 미국 | D43: IONQ | E43: 아이온큐 | F43: 91 | H43: 29.68 | J43: 44.860001 | K43: =IFERROR(I43*F43+J43*$J$5*F43,) | L43: =IFERROR(K43/$K$8,) | M43: =IFERROR(K43-G43*F43-H43*$J$5*F43,) | N43: =IFERROR(M43/(K43-M43),) | O43: 양자
A44: 일반계좌 | B44: 36 | C44: 미국 | D44: AAPL | E44: 애플 | F44: 9 | H44: 208.16 | J44: 309.35001 | K44: =IFERROR(I44*F44+J44*$J$5*F44,) | L44: =IFERROR(K44/$K$8,) | M44: =IFERROR(K44-G44*F44-H44*$J$5*F44,) | N44: =IFERROR(M44/(K44-M44),) | O44: 애플
A45: 일반계좌 | B45: 37 | C45: 한국 | D45: 024110 | E45: 기업은행 | F45: 179 | G45: 21932 | I45: 20200 | K45: =IFERROR(I45*F45+J45*$J$5*F45,) | L45: =IFERROR(K45/$K$8,) | M45: =IFERROR(K45-G45*F45-H45*$J$5*F45,) | N45: =IFERROR(M45/(K45-M45),) | O45: 기업은행
A46: 일반계좌 | B46: 38 | C46: 한국 | D46: 352820 | E46: 하이브 | F46: 18 | G46: 222701 | I46: 174400 | K46: =IFERROR(I46*F46+J46*$J$5*F46,) | L46: =IFERROR(K46/$K$8,) | M46: =IFERROR(K46-G46*F46-H46*$J$5*F46,) | N46: =IFERROR(M46/(K46-M46),) | O46: 엔터
A47: 일반계좌 | B47: 39 | C47: 미국 | D47: QLD | E47: QLD | F47: 43 | H47: 87.3673 | J47: 89.529999 | K47: =IFERROR(I47*F47+J47*$J$5*F47,) | L47: =IFERROR(K47/$K$8,) | M47: =IFERROR(K47-G47*F47-H47*$J$5*F47,) | N47: =IFERROR(M47/(K47-M47),) | O47: 나스닥
A48: 일반계좌 | B48: 40 | C48: 한국 | D48: 105560 | E48: KB금융 | F48: 12 | G48: 173127 | I48: 162700 | K48: =IFERROR(I48*F48+J48*$J$5*F48,) | L48: =IFERROR(K48/$K$8,) | M48: =IFERROR(K48-G48*F48-H48*$J$5*F48,) | N48: =IFERROR(M48/(K48-M48),) | O48: KB금융
A49: 일반계좌 | B49: 41 | D49: 현금 | E49: CMA RP | F49: 1 | G49: 2200781 | I49: =G49 | K49: =IFERROR(I49*F49+J49*$J$5*F49,) | L49: =IFERROR(K49/$K$8,) | M49: =IFERROR(K49-G49*F49-H49*$J$5*F49,) | N49: =IFERROR(M49/(K49-M49),) | O49: 예수금
A50: 일반계좌 | B50: 43 | C50: 한국 | D50: 0219E0 | E50: KODEX 200커버드콜액티브 | F50: 1256 | G50: 8294 | I50: 8340 | K50: =IFERROR(I50*F50+J50*$J$5*F50,) | L50: =IFERROR(K50/$K$8,) | M50: =IFERROR(K50-G50*F50-H50*$J$5*F50,) | N50: =IFERROR(M50/(K50-M50),)
A51: 일반계좌 | B51: 44 | D51: 현금 | E51: 예수금(직투달러) | F51: 1 | G51: 442000 | I51: =G51 | K51: =IFERROR(I51*F51+J51*$J$5*F51,) | L51: =IFERROR(K51/$K$8,) | M51: =IFERROR(K51-G51*F51-H51*$J$5*F51,) | N51: =IFERROR(M51/(K51-M51),) | O51: 현금
A52: 일반계좌 | B52: 45 | C52: 한국 | D52: 041510 | E52: 에스엠 | F52: 24 | G52: 87423 | I52: 71800 | K52: =IFERROR(I52*F52+J52*$J$5*F52,) | L52: =IFERROR(K52/$K$8,) | M52: =IFERROR(K52-G52*F52-H52*$J$5*F52,) | N52: =IFERROR(M52/(K52-M52),) | O52: 엔터
A53: 일반계좌 | B53: 46 | D53: 현금 | E53: 현금성자산(삼성증권) | F53: 1 | I53: =G53 | K53: =IFERROR(I53*F53+J53*$J$5*F53,) | L53: =IFERROR(K53/$K$8,) | M53: =IFERROR(K53-G53*F53-H53*$J$5*F53,) | N53: =IFERROR(M53/(K53-M53),) | O53: 현금
A54: 일반계좌 | B54: 47 | C54: 미국 | D54: SPCX | E54: 스페이스 X | F54: 7 | H54: 180.0771 | J54: 136.97 | K54: =IFERROR(I54*F54+J54*$J$5*F54,) | L54: =IFERROR(K54/$K$8,) | M54: =IFERROR(K54-G54*F54-H54*$J$5*F54,) | N54: =IFERROR(M54/(K54-M54),) | O54: 스엑
A55: 일반계좌 | B55: 48 | C55: 미국 | D55: AMT | E55: 아메리칸타워 | F55: 5 | H55: 185.84 | J55: 175.8 | K55: =IFERROR(I55*F55+J55*$J$5*F55,) | L55: =IFERROR(K55/$K$8,) | M55: =IFERROR(K55-G55*F55-H55*$J$5*F55,) | N55: =IFERROR(M55/(K55-M55),) | O55: 아메리칸타워
A56: 일반계좌 | B56: 49 | C56: 미국 | D56: NVDA | E56: 엔비디아 | F56: 4 | H56: 169.016 | J56: 214.72 | K56: =IFERROR(I56*F56+J56*$J$5*F56,) | L56: =IFERROR(K56/$K$8,) | M56: =IFERROR(K56-G56*F56-H56*$J$5*F56,) | N56: =IFERROR(M56/(K56-M56),) | O56: 엔비디아
A57: 일반계좌 | B57: 50 | C57: 미국 | D57: SCHD | E57: SCHD | F57: 24 | H57: 27.59 | J57: 35.110001 | K57: =IFERROR(I57*F57+J57*$J$5*F57,) | L57: =IFERROR(K57/$K$8,) | M57: =IFERROR(K57-G57*F57-H57*$J$5*F57,) | N57: =IFERROR(M57/(K57-M57),) | O57: 다우
A58: 일반계좌 | B58: 51 | C58: 미국 | D58: MSFT | E58: 마이크로소프트 | F58: 2 | H58: 408.19 | J58: 483.23999 | K58: =IFERROR(I58*F58+J58*$J$5*F58,) | L58: =IFERROR(K58/$K$8,) | M58: =IFERROR(K58-G58*F58-H58*$J$5*F58,) | N58: =IFERROR(M58/(K58-M58),) | O58: 마소
A59: 일반계좌 | B59: 52 | C59: 미국 | D59: TMUS | E59: T-모바일 | F59: 4 | H59: 202.7775 | J59: 183.03999 | K59: =IFERROR(I59*F59+J59*$J$5*F59,) | L59: =IFERROR(K59/$K$8,) | M59: =IFERROR(K59-G59*F59-H59*$J$5*F59,) | N59: =IFERROR(M59/(K59-M59),) | O59: 통신
A60: 일반계좌 | B60: 53 | C60: 미국 | D60: NVO | E60: 노보 노디스크 | F60: 15 | H60: 53.67 | J60: 46.740002 | K60: =IFERROR(I60*F60+J60*$J$5*F60,) | L60: =IFERROR(K60/$K$8,) | M60: =IFERROR(K60-G60*F60-H60*$J$5*F60,) | N60: =IFERROR(M60/(K60-M60),) | O60: 헬스
A61: 일반계좌 | B61: 54 | C61: 미국 | D61: PLTR | E61: 팔란티어 | F61: 4 | H61: 129.42 | J61: 179.94 | K61: =IFERROR(I61*F61+J61*$J$5*F61,) | L61: =IFERROR(K61/$K$8,) | M61: =IFERROR(K61-G61*F61-H61*$J$5*F61,) | N61: =IFERROR(M61/(K61-M61),) | O61: 팔란
A62: 일반계좌 | B62: 55 | C62: 미국 | D62: RKLB | E62: 로켓랩 | F62: 7 | H62: 62.38 | J62: 72.57 | K62: =IFERROR(I62*F62+J62*$J$5*F62,) | L62: =IFERROR(K62/$K$8,) | M62: =IFERROR(K62-G62*F62-H62*$J$5*F62,) | N62: =IFERROR(M62/(K62-M62),) | O62: 로켓
A63: 일반계좌 | B63: 56 | C63: 미국 | D63: AI | E63: C3AI | F63: 53 | H63: 17.91 | J63: 10.3 | K63: =IFERROR(I63*F63+J63*$J$5*F63,) | L63: =IFERROR(K63/$K$8,) | M63: =IFERROR(K63-G63*F63-H63*$J$5*F63,) | N63: =IFERROR(M63/(K63-M63),) | O63: C3AI
A64: 일반계좌 | B64: 57 | C64: 미국 | D64: NKE | E64: 나이키 | F64: 10 | H64: 63.31 | J64: 40.759998 | K64: =IFERROR(I64*F64+J64*$J$5*F64,) | L64: =IFERROR(K64/$K$8,) | M64: =IFERROR(K64-G64*F64-H64*$J$5*F64,) | N64: =IFERROR(M64/(K64-M64),) | O64: 나이키
A65: 일반계좌 | B65: 58 | C65: 미국 | D65: TSM | E65: TSMC | F65: 1 | H65: 340.5 | J65: 418.95001 | K65: =IFERROR(I65*F65+J65*$J$5*F65,) | L65: =IFERROR(K65/$K$8,) | M65: =IFERROR(K65-G65*F65-H65*$J$5*F65,) | N65: =IFERROR(M65/(K65-M65),) | O65: TSMC
... A71: 일반계좌 | B71: 64 | C71: 미국 | D71: SMR | E71: 누스케일파워 | F71: 20 | H71: 19.7113 | J71: 9.3999996 | K71: =IFERROR(I71*F71+J71*$J$5*F71,) | L71: =IFERROR(K71/$K$8,) | M71: =IFERROR(K71-G71*F71-H71*$J$5*F71,) | N71: =IFERROR(M71/(K71-M71),) | O71: SMR
A72: 일반계좌 | B72: 65 | C72: 한국 | D72: 475560 | E72: 더본코리아 | F72: 15 | G72: 32011 | I72: 18950 | K72: =IFERROR(I72*F72+J72*$J$5*F72,) | L72: =IFERROR(K72/$K$8,) | M72: =IFERROR(K72-G72*F72-H72*$J$5*F72,) | N72: =IFERROR(M72/(K72-M72),) | O72: 더본
A73: 일반계좌 | B73: 66 | C73: 미국 | D73: OKLO | E73: 오클로 | F73: 3 | H73: 63.42 | J73: 42.09 | K73: =IFERROR(I73*F73+J73*$J$5*F73,) | L73: =IFERROR(K73/$K$8,) | M73: =IFERROR(K73-G73*F73-H73*$J$5*F73,) | N73: =IFERROR(M73/(K73-M73),) | O73: 오클로
A74: 일반계좌 | B74: 67 | D74: 현금 | E74: 미래에셋현금성자산 | F74: 1 | G74: 20403 | I74: =G74 | K74: =IFERROR(I74*F74+J74*$J$5*F74,) | L74: =IFERROR(K74/$K$8,) | M74: =IFERROR(K74-G74*F74-H74*$J$5*F74,) | N74: =IFERROR(M74/(K74-M74),) | O74: 현금
A75: 일반계좌 | B75: 68 | D75: 현금 | E75: 예수금(직투달러) | F75: 1 | G75: 0 | I75: =G75 | K75: =IFERROR(I75*F75+J75*$J$5*F75,) | L75: =IFERROR(K75/$K$8,) | M75: =IFERROR(K75-G75*F75-H75*$J$5*F75,) | N75: =IFERROR(M75/(K75-M75),) | O75: 예수금
A76: CMA | B76: 69 | D76: 현금 | E76: CMA RP | F76: 1 | G76: 78934680 | I76: =G76 | K76: =IFERROR(I76*F76+J76*$J$5*F76,) | L76: =IFERROR(K76/$K$8,) | M76: =IFERROR(K76-G76*F76-H76*$J$5*F76,) | N76: =IFERROR(M76/(K76-M76),) | O76: 현금
A77: IRP | B77: 70 | C77: 한국 | D77: 438100 | E77: ACE미국나스닥100미국채혼합50액티브 | F77: 794 | G77: 17065 | I77: 15100 | K77: =IFERROR(I77*F77+J77*$J$5*F77,) | L77: =IFERROR(K77/$K$8,) | M77: =IFERROR(K77-G77*F77-H77*$J$5*F77,) | N77: =IFERROR(M77/(K77-M77),) | O77: 미국채
A78: IRP | B78: 71 | C78: 한국 | D78: 133690 | E78: TIGER 미국나스닥100 | F78: 57 | G78: 177652 | I78: 177710 | K78: =IFERROR(I78*F78+J78*$J$5*F78,) | L78: =IFERROR(K78/$K$8,) | M78: =IFERROR(K78-G78*F78-H78*$J$5*F78,) | N78: =IFERROR(M78/(K78-M78),) | O78: 나스닥
A79: IRP | B79: 72 | C79: 한국 | D79: 381170 | E79: TIGER 미국테크TOP10 INDXX | F79: 323 | G79: 24648 | I79: 30170 | K79: =IFERROR(I79*F79+J79*$J$5*F79,) | L79: =IFERROR(K79/$K$8,) | M79: =IFERROR(K79-G79*F79-H79*$J$5*F79,) | N79: =IFERROR(M79/(K79-M79),) | O79: 테크
A80: IRP | B80: 73 | C80: 한국 | D80: 433330 | E80: SOL 미국 S&P500 | F80: 376 | G80: 18437 | I80: 21895 | K80: =IFERROR(I80*F80+J80*$J$5*F80,) | L80: =IFERROR(K80/$K$8,) | M80: =IFERROR(K80-G80*F80-H80*$J$5*F80,) | N80: =IFERROR(M80/(K80-M80),) | O80: 슨피
A81: 은행예금 | B81: 74 | D81: 현금 | E81: 새마을 예금 | F81: 1 | G81: 3000000 | I81: =G81 | K81: =IFERROR(I81*F81+J81*$J$5*F81,) | L81: =IFERROR(K81/$K$8,) | M81: =IFERROR(K81-G81*F81-H81*$J$5*F81,) | N81: =IFERROR(M81/(K81-M81),) | O81: 예금
A82: TOSS | B82: 75 | C82: 미국 | D82: CVX | E82: 셰브론 | F82: 1 | H82: 181.32 | J82: 205.27 | K82: =IFERROR(I82*F82+J82*$J$5*F82,) | L82: =IFERROR(K82/$K$8,) | M82: =IFERROR(K82-G82*F82-H82*$J$5*F82,) | N82: =IFERROR(M82/(K82-M82),) | O82: 셰브론
A83: TOSS | B83: 76 | C83: 미국 | D83: XOM | E83: 엑슨모빌 | F83: 1 | H83: 144.41 | J83: 165.11 | K83: =IFERROR(I83*F83+J83*$J$5*F83,) | L83: =IFERROR(K83/$K$8,) | M83: =IFERROR(K83-G83*F83-H83*$J$5*F83,) | N83: =IFERROR(M83/(K83-M83),) | O83: 엑슨모빌
A84: TOSS | B84: 77 | C84: 미국 | D84: WMT | E84: 월마트 | F84: 1 | H84: 115.28 | J84: 103.7 | K84: =IFERROR(I84*F84+J84*$J$5*F84,) | L84: =IFERROR(K84/$K$8,) | M84: =IFERROR(K84-G84*F84-H84*$J$5*F84,) | N84: =IFERROR(M84/(K84-M84),) | O84: 월마트

Sheet 금액순
A1: 금액순 · 포트폴리오 비중 100% (계좌현황 자동연동)
A2: 왼쪽 '계좌현황' 시트의 평가액(K열)·계좌(A열)을 수식으로 참조합니다. 왼쪽을 수정·정렬하면 이 탭 수치가 함께 바뀝니다. (Google 스프레드시트 / Excel 365 권장)
A3: 총 평가액 | B3: =SUM('계좌현황'!K9:K84) | C3: 종목수 | D3: =COUNTA('계좌현황'!E9:E84)
A5: ① 계좌별 합계 (왼쪽 자동집계)
A6: 계좌 | B6: 평가액 | C6: 비중 | D6: 종목수
A7: DC | B7: =SUMIF('계좌현황'!A:A,A7,'계좌현황'!K:K) | C7: =IF($B$3=0,0,B7/$B$3) | D7: =COUNTIF('계좌현황'!A9:A84,A7)
A8: 개인연금1 | B8: =SUMIF('계좌현황'!A:A,A8,'계좌현황'!K:K) | C8: =IF($B$3=0,0,B8/$B$3) | D8: =COUNTIF('계좌현황'!A9:A84,A8)
A9: 개인연금2 | B9: =SUMIF('계좌현황'!A:A,A9,'계좌현황'!K:K) | C9: =IF($B$3=0,0,B9/$B$3) | D9: =COUNTIF('계좌현황'!A9:A84,A9)
A10: ISA | B10: =SUMIF('계좌현황'!A:A,A10,'계좌현황'!K:K) | C10: =IF($B$3=0,0,B10/$B$3) | D10: =COUNTIF('계좌현황'!A9:A84,A10)
A11: 일반계좌 | B11: =SUMIF('계좌현황'!A:A,A11,'계좌현황'!K:K) | C11: =IF($B$3=0,0,B11/$B$3) | D11: =COUNTIF('계좌현황'!A9:A84,A11)
A12: CMA | B12: =SUMIF('계좌현황'!A:A,A12,'계좌현황'!K:K) | C12: =IF($B$3=0,0,B12/$B$3) | D12: =COUNTIF('계좌현황'!A9:A84,A12)
A13: IRP | B13: =SUMIF('계좌현황'!A:A,A13,'계좌현황'!K:K) | C13: =IF($B$3=0,0,B13/$B$3) | D13: =COUNTIF('계좌현황'!A9:A84,A13)
A14: 은행예금 | B14: =SUMIF('계좌현황'!A:A,A14,'계좌현황'!K:K) | C14: =IF($B$3=0,0,B14/$B$3) | D14: =COUNTIF('계좌현황'!A9:A84,A14)
A15: TOSS | B15: =SUMIF('계좌현황'!A:A,A15,'계좌현황'!K:K) | C15: =IF($B$3=0,0,B15/$B$3) | D15: =COUNTIF('계좌현황'!A9:A84,A15)
A18: ② 전체 종목 금액 내림차순 100% (왼쪽 K열 기준 자동정렬) | L18: ← 자동계산용(원본행/미러)
A19: 순위 | B19: 계좌 | C19: 국가 | D19: 종목코드 | E19: 종목명 | F19: 수량 | G19: 평가액 | H19: 비중 | I19: 누적비중 | L19: 원본행 | M19: 평가액미러 | N19: 정렬키
A20: 1 | B20: =IFERROR(INDEX('계좌현황'!A:A,INDEX($L$20:$L$95,MATCH(LARGE($N$20:$N$95,1),$N$20:$N$95,0))),"") | C20: =IFERROR(INDEX('계좌현황'!C:C,INDEX($L$20:$L$95,MATCH(LARGE($N$20:$N$95,1),$N$20:$N$95,0))),"") | D20: =IFERROR(INDEX('계좌현황'!D:D,INDEX($L$20:$L$95,MATCH(LARGE($N$20:$N$95,1),$N$20:$N$95,0))),"") | E20: =IFERROR(INDEX('계좌현황'!E:E,INDEX($L$20:$L$95,MATCH(LARGE($N$20:$N$95,1),$N$20:$N$95,0))),"") | F20: =IFERROR(INDEX('계좌현황'!F:F,INDEX($L$20:$L$95,MATCH(LARGE($N$20:$N$95,1),$N$20:$N$95,0))),"") | G20: =IFERROR(INDEX('계좌현황'!K:K,INDEX($L$20:$L$95,MATCH(LARGE($N$20:$N$95,1),$N$20:$N$95,0))),0) | H20: =IF($B$3=0,0,G20/$B$3) | I20: =H20 | L20: 9 | M20: ='계좌현황'!K9 | N20: =IF(M20="",-1E99,M20*100000+(10000-L20))
A21: 2 | B21: =IFERROR(INDEX('계좌현황'!A:A,INDEX($L$20:$L$95,MATCH(LARGE($N$20:$N$95,2),$N$20:$N$95,0))),"") | C21: =IFERROR(INDEX('계좌현황'!C:C,INDEX($L$20:$L$95,MATCH(LARGE($N$20:$N$95,2),$N$20:$N$95,0))),"") | D21: =IFERROR(INDEX('계좌현황'!D:D,INDEX($L$20:$L$95,MATCH(LARGE($N$20:$N$95,2),$N$20:$N$95,0))),"") | E21: =IFERROR(INDEX('계좌현황'!E:E,INDEX($L$20:$L$95,MATCH(LARGE($N$20:$N$95,2),$N$20:$N$95,0))),"") | F21: =IFERROR(INDEX('계좌현황'!F:F,INDEX($L$20:$L$95,MATCH(LARGE($N$20:$N$95,2),$N$20:$N$95,0))),"") | G21: =IFERROR(INDEX('계좌현황'!K:K,INDEX($L$20:$L$95,MATCH(LARGE($N$20:$N$95,2),$N$20:$N$95,0))),0) | H21: =IF($B$3=0,0,G21/$B$3) | I21: =I20+H21 | L21: 10 | M21: ='계좌현황'!K10 | N21: =IF(M21="",-1E99,M21*100000+(10000-L21))
A22: 3 | B22: =IFERROR(INDEX('계좌현황'!A:A,INDEX($L$20:$L$95,MATCH(LARGE($N$20:$N$95,3),$N$20:$N$95,0))),"") | C22: =IFERROR(INDEX('계좌현황'!C:C,INDEX($L$20:$L$95,MATCH(LARGE($N$20:$N$95,3),$N$20:$N$95,0))),"") | D22: =IFERROR(INDEX('계좌현황'!D:D,INDEX($L$20:$L$95,MATCH(LARGE($N$20:$N$95,3),$N$20:$N$95,0))),"") | E22: =IFERROR(INDEX('계좌현황'!E:E,INDEX($L$20:$L$95,MATCH(LARGE($N$20:$N$95,3),$N$20:$N$95,0))),"") | F22: =IFERROR(INDEX('계좌현황'!F:F,INDEX($L$20:$L$95,MATCH(LARGE($N$20:$N$95,3),$N$20:$N$95,0))),"") | G22: =IFERROR(INDEX('계좌현황'!K:K,INDEX($L$20:$L$95,MATCH(LARGE($N$20:$N$95,3),$N$20:$N$95,0))),0) | H22: =IF($B$3=0,0,G22/$B$3) | I22: =I21+H22 | L22: 11 | M22: ='계좌현황'!K11 | N22: =IF(M22="",-1E99,M22*100000+(10000-L22))
A23: 4 | B23: =IFERROR(INDEX('계좌현황'!A:A,INDEX($L$20:$L$95,MATCH(LARGE($N$20:$N$95,4),$N$20:$N$95,0))),"") | C23: =IFERROR(INDEX('계좌현황'!C:C,INDEX($L$20:$L$95,MATCH(LARGE($N$20:$N$95,4),$N$20:$N$95,0))),"") | D23: =IFERROR(INDEX('계좌현황'!D:D,INDEX($L$20:$L$95,MATCH(LARGE($N$20:$N$95,4),$N$20:$N$95,0))),"") | E23: =IFERROR(INDEX('계좌현황'!E:E,INDEX($L$20:$L$95,MATCH(LARGE($N$20:$N$95,4),$N$20:$N$95,0))),"") | F23: =IFERROR(INDEX('계좌현황'!F:F,INDEX($L$20:$L$95,MATCH(LARGE($N$20:$N$95,4),$N$20:$N$95,0))),"") | G23: =IFERROR(INDEX('계좌현황'!K:K,INDEX($L$20:$L$95,MATCH(LARGE($N$20:$N$95,4),$N$20:$N$95,0))),0) | H23: =IF($B$3=0,0,G23/$B$3) | I23: =I22+H23 | L23: 12 | M23: ='계좌현황'!K12 | N23: =IF(M23="",-1E99,M23*100000+(10000-L23))
A24: 5 | B24: =IFERROR(INDEX('계좌현황'!A:A,INDEX($L$20:$L$95,MATCH(LARGE($N$20:$N$95,5),$N$20:$N$95,0))),"") | C24: =IFERROR(INDEX('계좌현황'!C:C,INDEX($L$20:$L$95,MATCH(LARGE($N$20:$N$95,5),$N$20:$N$95,0))),"") | D24: =IFERROR(INDEX('계좌현황'!D:D,INDEX($L$20:$L$95,MATCH(LARGE($N$20:$N$95,5),$N$20:$N$95,0))),"") | E24: =IFERROR(INDEX('계좌현황'!E:E,INDEX($L$20:$L$95,MATCH(LARGE($N$20:$N$95,5),$N$20:$N$95,0))),"") | F24: =IFERROR(INDEX('계좌현황'!F:F,INDEX($L$20:$L$95,MATCH(LARGE($N$20:$N$95,5),$N$20:$N$95,0))),"") | G24: =IFERROR(INDEX('계좌현황'!K:K,INDEX($L$20:$L$95,MATCH(LARGE($N$20:$N$95,5),$N$20:$N$95,0))),0) | H24: =IF($B$3=0,0,G24/$B$3) | I24: =I23+H24 | L24: 13 | M24: ='계좌현황'!K13 | N24: =IF(M24="",-1E99,M24*100000+(10000-L24))
A25: 6 | B25: =IFERROR(INDEX('계좌현황'!A:A,INDEX($L$20:$L$95,MATCH(LARGE($N$20:$N$95,6),$N$20:$N$95,0))),"") | C25: =IFERROR(INDEX('계좌현황'!C:C,INDEX($L$20:$L$95,MATCH(LARGE($N$20:$N$95,6),$N$20:$N$95,0))),"") | D25: =IFERROR(INDEX('계좌현황'!D:D,INDEX($L$20:$L$95,MATCH(LARGE($N$20:$N$95,6),$N$20:$N$95,0))),"") | E25: =IFERROR(INDEX('계좌현황'!E:E,INDEX($L$20:$L$95,MATCH(LARGE($N$20:$N$95,6),$N$20:$N$95,0))),"") | F25: =IFERROR(INDEX('계좌현황'!F:F,INDEX($L$20:$L$95,MATCH(LARGE($N$20:$N$95,6),$N$20:$N$95,0))),"") | G25: =IFERROR(INDEX('계좌현황'!K:K,INDEX($L$20:$L$95,MATCH(LARGE($N$20:$N$95,6),$N$20:$N$95,0))),0) | H25: =IF($B$3=0,0,G25/$B$3) | I25: =I24+H25 | L25: 14 | M25: ='계좌현황'!K14 | N25: =IF(M25="",-1E99,M25*100000+(10000-L25))
A26: 7 | B26: =IFERROR(INDEX('계좌현황'!A:A,INDEX($L$20:$L$95,MATCH(LARGE($N$20:$N$95,7),$N$20:$N$95,0))),"") | C26: =IFERROR(INDEX('계좌현황'!C:C,INDEX($L$20:$L$95,MATCH(LARGE($N$20:$N$95,7),$N$20:$N$95,0))),"") | D26: =IFERROR(INDEX('계좌현황'!D:D,INDEX($L$20:$L$95,MATCH(LARGE($N$20:$N$95,7),$N$20:$N$95,0))),"") | E26: =IFERROR(INDEX('계좌현황'!E:E,INDEX($L$20:$L$95,MATCH(LARGE($N$20:$N$95,7),$N$20:$N$95,0))),"") | F26: =IFERROR(INDEX('계좌현황'!F:F,INDEX($L$20:$L$95,MATCH(LARGE($N$20:$N$95,7),$N$20:$N$95,0))),"") | G26: =IFERROR(INDEX('계좌현황'!K:K,INDEX($L$20:$L$95,MATCH(LARGE($N$20:$N$95,7),$N$20:$N$95,0))),0) | H26: =IF($B$3=0,0,G26/$B$3) | I26: =I25+H26 | L26: 15 | M26: ='계좌현황'!K15 | N26: =IF(M26="",-1E99,M26*100000+(10000-L26))
A27: 8 | B27: =IFERROR(INDEX('계좌현황'!A:A,INDEX($L$20:$L$95,MATCH(LARGE($N$20:$N$95,8),$N$20:$N$95,0))),"") | C27: =IFERROR(INDEX('계좌현황'!C:C,INDEX($L$20:$L$95,MATCH(LARGE($N$20:$N$95,8),$N$20:$N$95,0))),"") | D27: =IFERROR(INDEX('계좌현황'!D:D,INDEX($L$20:$L$95,MATCH(LARGE($N$20:$N$95,8),$N$20:$N$95,0))),"") | E27: =IFERROR(INDEX('계좌현황'!E:E,INDEX($L$20:$L$95,MATCH(LARGE($N$20:$N$95,8),$N$20:$N$95,0))),"") | F27: =IFERROR(INDEX('계좌현황'!F:F,INDEX($L$20:$L$95,MATCH(LARGE($N$20:$N$95,8),$N$20:$N$95,0))),"") | G27: =IFERROR(INDEX('계좌현황'!K:K,INDEX($L$20:$L$95,MATCH(LARGE($N$20:$N$95,8),$N$20:$N$95,0))),0) | H27: =IF($B$3=0,0,G27/$B$3) | I27: =I26+H27 | L27: 16 | M27: ='계좌현황'!K16 | N27: =IF(M27="",-1E99,M27*100000+(10000-L27))
A28: 9 | B28: =IFERROR(INDEX('계좌현황'!A:A,INDEX($L$20:$L$95,MATCH(LARGE($N$20:$N$95,9),$N$20:$N$95,0))),"") | C28: =IFERROR(INDEX('계좌현황'!C:C,INDEX($L$20:$L$95,MATCH(LARGE($N$20:$N$95,9),$N$20:$N$95,0))),"") | D28: =IFERROR(INDEX('계좌현황'!D:D,INDEX($L$20:$L$95,MATCH(LARGE($N$20:$N$95,9),$N$20:$N$95,0))),"") | E28: =IFERROR(INDEX('계좌현황'!E:E,INDEX($L$20:$L$95,MATCH(LARGE($N$20:$N$95,9),$N$20:$N$95,0))),"") | F28: =IFERROR(INDEX('계좌현황'!F:F,INDEX($L$20:$L$95,MATCH(LARGE($N$20:$N$95,9),$N$20:$N$95,0))),"") | G28: =IFERROR(INDEX('계좌현황'!K:K,INDEX($L$20:$L$95,MATCH(LARGE($N$20:$N$95,9),$N$20:$N$95,0))),0) | H28: =IF($B$3=0,0,G28/$B$3) | I28: =I27+H28 | L28: 17 | M28: ='계좌현황'!K17 | N28: =IF(M28="",-1E99,M28*100000+(10000-L28))
A29: 10 | B29: =IFERROR(INDEX('계좌현황'!A:A,INDEX($L$20:$L$95,MATCH(LARGE($N$20:$N$95,10),$N$20:$N$95,0))),"") | C29: =IFERROR(INDEX('계좌현황'!C:C,INDEX($L$20:$L$95,MATCH(LARGE($N$20:$N$95,10),$N$20:$N$95,0))),"") | D29: =IFERROR(INDEX('계좌현황'!D:D,INDEX($L$20:$L$95,MATCH(LARGE($N$20:$N$95,10),$N$20:$N$95,0))),"") | E29: =IFERROR(INDEX('계좌현황'!E:E,INDEX($L$20:$L$95,MATCH(LARGE($N$20:$N$95,10),$N$20:$N$95,0))),"") | F29: =IFERROR(INDEX('계좌현황'!F:F,INDEX($L$20:$L$95,MATCH(LARGE($N$20:$N$95,10),$N$20:$N$95,0))),"") | G29: =IFERROR(INDEX('계좌현황'!K:K,INDEX($L$20:$L$95,MATCH(LARGE($N$20:$N$95,10),$N$20:$N$95,0))),0) | H29: =IF($B$3=0,0,G29/$B$3) | I29: =I28+H29 | L29: 18 | M29: ='계좌현황'!K18 | N29: =IF(M29="",-1E99,M29*100000+(10000-L29))
A30: 11 | B30: =IFERROR(INDEX('계좌현황'!A:A,INDEX($L$20:$L$95,MATCH(LARGE($N$20:$N$95,11),$N$20:$N$95,0))),"") | C30: =IFERROR(INDEX('계좌현황'!C:C,INDEX($L$20:$L$95,MATCH(LARGE($N$20:$N$95,11),$N$20:$N$95,0))),"") | D30: =IFERROR(INDEX('계좌현황'!D:D,INDEX($L$20:$L$95,MATCH(LARGE($N$20:$N$95,11),$N$20:$N$95,0))),"") | E30: =IFERROR(INDEX('계좌현황'!E:E,INDEX($L$20:$L$95,MATCH(LARGE($N$20:$N$95,11),$N$20:$N$95,0))),"") | F30: =IFERROR(INDEX('계좌현황'!F:F,INDEX($L$20:$L$95,MATCH(LARGE($N$20:$N$95,11),$N$20:$N$95,0))),"") | G30: =IFERROR(INDEX('계좌현황'!K:K,INDEX($L$20:$L$95,MATCH(LARGE($N$20:$N$95,11),$N$20:$N$95,0))),0) | H30: =IF($B$3=0,0,G30/$B$3) | I30: =I29+H30 | L30: 19 | M30: ='계좌현황'!K19 | N30: =IF(M30="",-1E99,M30*100000+(10000-L30))
A31: 12 | B31: =IFERROR(INDEX('계좌현황'!A:A,INDEX($L$20:$L$95,MATCH(LARGE($N$20:$N$95,12),$N$20:$N$95,0))),"") | C31: =IFERROR(INDEX('계좌현황'!C:C,INDEX($L$20:$L$95,MATCH(LARGE($N$20:$N$95,12),$N$20:$N$95,0))),"") | D31: =IFERROR(INDEX('계좌현황'!D:D,INDEX($L$20:$L$95,MATCH(LARGE($N$20:$N$95,12),$N$20:$N$95,0))),"") | E31: =IFERROR(INDEX('계좌현황'!E:E,INDEX($L$20:$L$95,MATCH(LARGE($N$20:$N$95,12),$N$20:$N$95,0))),"") | F31: =IFERROR(INDEX('계좌현황'!F:F,INDEX($L$20:$L$95,MATCH(LARGE($N$20:$N$95,12),$N$20:$N$95,0))),"") | G31: =IFERROR(INDEX('계좌현황'!K:K,INDEX($L$20:$L$95,MATCH(LARGE($N$20:$N$95,12),$N$20:$N$95,0))),0) | H31: =IF($B$3=0,0,G31/$B$3) | I31: =I30+H31 | L31: 20 | M31: ='계좌현황'!K20 | N31: =IF(M31="",-1E99,M31*100000+(10000-L31))
A32: 13 | B32: =IFERROR(INDEX('계좌현황'!A:A,INDEX($L$20:$L$95,MATCH(LARGE($N$20:$N$95,13),$N$20:$N$95,0))),"") | C32: =IFERROR(INDEX('계좌현황'!C:C,INDEX($L$20:$L$95,MATCH(LARGE($N$20:$N$95,13),$N$20:$N$95,0))),"") | D32: =IFERROR(INDEX('계좌현황'!D:D,INDEX($L$20:$L$95,MATCH(LARGE($N$20:$N$95,13),$N$20:$N$95,0))),"") | E32: =IFERROR(INDEX('계좌현황'!E:E,INDEX($L$20:$L$95,MATCH(LARGE($N$20:$N$95,13),$N$20:$N$95,0))),"") | F32: =IFERROR(INDEX('계좌현황'!F:F,INDEX($L$20:$L$95,MATCH(LARGE($N$20:$N$95,13),$N$20:$N$95,0))),"") | G32: =IFERROR(INDEX('계좌현황'!K:K,INDEX($L$20:$L$95,MATCH(LARGE($N$20:$N$95,13),$N$20:$N$95,0))),0) | H32: =IF($B$3=0,0,G32/$B$3) | I32: =I31+H32 | L32: 21 | M32: ='계좌현황'!K21 | N32: =IF(M32="",-1E99,M32*100000+(10000-L32))
A33: 14 | B33: =IFERROR(INDEX('계좌현황'!A:A,INDEX($L$20:$L$95,MATCH(LARGE($N$20:$N$95,14),$N$20:$N$95,0))),"") | C33: =IFERROR(INDEX('계좌현황'!C:C,INDEX($L$20:$L$95,MATCH(LARGE($N$20:$N$95,14),$N$20:$N$95,0))),"") | D33: =IFERROR(INDEX('계좌현황'!D:D,INDEX($L$20:$L$95,MATCH(LARGE($N$20:$N$95,14),$N$20:$N$95,0))),"") | E33: =IFERROR(INDEX('계좌현황'!E:E,INDEX($L$20:$L$95,MATCH(LARGE($N$20:$N$95,14),$N$20:$N$95,0))),"") | F33: =IFERROR(INDEX('계좌현황'!F:F,INDEX($L$20:$L$95,MATCH(LARGE($N$20:$N$95,14),$N$20:$N$95,0))),"") | G33: =IFERROR(INDEX('계좌현황'!K:K,INDEX($L$20:$L$95,MATCH(LARGE($N$20:$N$95,14),$N$20:$N$95,0))),0) | H33: =IF($B$3=0,0,G33/$B$3) | I33: =I32+H33 | L33: 22 | M33: ='계좌현황'!K22 | N33: =IF(M33="",-1E99,M33*100000+(10000-L33))
A34: 15 | B34: =IFERROR(INDEX('계좌현황'!A:A,INDEX($L$20:$L$95,MATCH(LARGE($N$20:$N$95,15),$N$20:$N$95,0))),"") | C34: =IFERROR(INDEX('계좌현황'!C:C,INDEX($L$20:$L$95,MATCH(LARGE($N$20:$N$95,15),$N$20:$N$95,0))),"") | D34: =IFERROR(INDEX('계좌현황'!D:D,INDEX($L$20:$L$95,MATCH(LARGE($N$20:$N$95,15),$N$20:$N$95,0))),"") | E34: =IFERROR(INDEX('계좌현황'!E:E,INDEX($L$20:$L$95,MATCH(LARGE($N$20:$N$95,15),$N$20:$N$95,0))),"") | F34: =IFERROR(INDEX('계좌현황'!F:F,INDEX($L$20:$L$95,MATCH(LARGE($N$20:$N$95,15),$N$20:$N$95,0))),"") | G34: =IFERROR(INDEX('계좌현황'!K:K,INDEX($L$20:$L$95,MATCH(LARGE($N$20:$N$95,15),$N$20:$N$95,0))),0) | H34: =IF($B$3=0,0,G34/$B$3) | I34: =I33+H34 | L34: 23 | M34: ='계좌현황'!K23 | N34: =IF(M34="",-1E99,M34*100000+(10000-L34))
A35: 16 | B35: =IFERROR(INDEX('계좌현황'!A:A,INDEX($L$20:$L$95,MATCH(LARGE($N$20:$N$95,16),$N$20:$N$95,0))),"") | C35: =IFERROR(INDEX('계좌현황'!C:C,INDEX($L$20:$L$95,MATCH(LARGE($N$20:$N$95,16),$N$20:$N$95,0))),"") | D35: =IFERROR(INDEX('계좌현황'!D:D,INDEX($L$20:$L$95,MATCH(LARGE($N$20:$N$95,16),$N$20:$N$95,0))),"") | E35: =IFERROR(INDEX('계좌현황'!E:E,INDEX($L$20:$L$95,MATCH(LARGE($N$20:$N$95,16),$N$20:$N$95,0))),"") | F35: =IFERROR(INDEX('계좌현황'!F:F,INDEX($L$20:$L$95,MATCH(LARGE($N$20:$N$95,16),$N$20:$N$95,0))),"") | G35: =IFERROR(INDEX('계좌현황'!K:K,INDEX($L$20:$L$95,MATCH(LARGE($N$20:$N$95,16),$N$20:$N$95,0))),0) | H35: =IF($B$3=0,0,G35/$B$3) | I35: =I34+H35 | L35: 24 | M35: ='계좌현황'!K24 | N35: =IF(M35="",-1E99,M35*100000+(10000-L35))
A36: 17 | B36: =IFERROR(INDEX('계좌현황'!A:A,INDEX($L$20:$L$95,MATCH(LARGE($N$20:$N$95,17),$N$20:$N$95,0))),"") | C36: =IFERROR(INDEX('계좌현황'!C:C,INDEX($L$20:$L$95,MATCH(LARGE($N$20:$N$95,17),$N$20:$N$95,0))),"") | D36: =IFERROR(INDEX('계좌현황'!D:D,INDEX($L$20:$L$95,MATCH(LARGE($N$20:$N$95,17),$N$20:$N$95,0))),"") | E36: =IFERROR(INDEX('계좌현황'!E:E,INDEX($L$20:$L$95,MATCH(LARGE($N$20:$N$95,17),$N$20:$N$95,0))),"") | F36: =IFERROR(INDEX('계좌현황'!F:F,INDEX($L$20:$L$95,MATCH(LARGE($N$20:$N$95,17),$N$20:$N$95,0))),"") | G36: =IFERROR(INDEX('계좌현황'!K:K,INDEX($L$20:$L$95,MATCH(LARGE($N$20:$N$95,17),$N$20:$N$95,0))),0) | H36: =IF($B$3=0,0,G36/$B$3) | I36: =I35+H36 | L36: 25 | M36: ='계좌현황'!K25 | N36: =IF(M36="",-1E99,M36*100000+(10000-L36))
A37: 18 | B37: =IFERROR(INDEX('계좌현황'!A:A,INDEX($L$20:$L$95,MATCH(LARGE($N$20:$N$95,18),$N$20:$N$95,0))),"") | C37: =IFERROR(INDEX('계좌현황'!C:C,INDEX($L$20:$L$95,MATCH(LARGE($N$20:$N$95,18),$N$20:$N$95,0))),"") | D37: =IFERROR(INDEX('계좌현황'!D:D,INDEX($L$20:$L$95,MATCH(LARGE($N$20:$N$95,18),$N$20:$N$95,0))),"") | E37: =IFERROR(INDEX('계좌현황'!E:E,INDEX($L$20:$L$95,MATCH(LARGE($N$20:$N$95,18),$N$20:$N$95,0))),"") | F37: =IFERROR(INDEX('계좌현황'!F:F,INDEX($L$20:$L$95,MATCH(LARGE($N$20:$N$95,18),$N$20:$N$95,0))),"") | G37: =IFERROR(INDEX('계좌현황'!K:K,INDEX($L$20:$L$95,MATCH(LARGE($N$20:$N$95,18),$N$20:$N$95,0))),0) | H37: =IF($B$3=0,0,G37/$B$3) | I37: =I36+H37 | L37: 26 | M37: ='계좌현황'!K26 | N37: =IF(M37="",-1E99,M37*100000+(10000-L37))
A38: 19 | B38: =IFERROR(INDEX('계좌현황'!A:A,INDEX($L$20:$L$95,MATCH(LARGE($N$20:$N$95,19),$N$20:$N$95,0))),"") | C38: =IFERROR(INDEX('계좌현황'!C:C,INDEX($L$20:$L$95,MATCH(LARGE($N$20:$N$95,19),$N$20:$N$95,0))),"") | D38: =IFERROR(INDEX('계좌현황'!D:D,INDEX($L$20:$L$95,MATCH(LARGE($N$20:$N$95,19),$N$20:$N$95,0))),"") | E38: =IFERROR(INDEX('계좌현황'!E:E,INDEX($L$20:$L$95,MATCH(LARGE($N$20:$N$95,19),$N$20:$N$95,0))),"") | F38: =IFERROR(INDEX('계좌현황'!F:F,INDEX($L$20:$L$95,MATCH(LARGE($N$20:$N$95,19),$N$20:$N$95,0))),"") | G38: =IFERROR(INDEX('계좌현황'!K:K,INDEX($L$20:$L$95,MATCH(LARGE($N$20:$N$95,19),$N$20:$N$95,0))),0) | H38: =IF($B$3=0,0,G38/$B$3) | I38: =I37+H38 | L38: 27 | M38: ='계좌현황'!K27 | N38: =IF(M38="",-1E99,M38*100000+(10000-L38))
A39: 20 | B39: =IFERROR(INDEX('계좌현황'!A:A,INDEX($L$20:$L$95,MATCH(LARGE($N$20:$N$95,20),$N$20:$N$95,0))),"") | C39: =IFERROR(INDEX('계좌현황'!C:C,INDEX($L$20:$L$95,MATCH(LARGE($N$20:$N$95,20),$N$20:$N$95,0))),"") | D39: =IFERROR(INDEX('계좌현황'!D:D,INDEX($L$20:$L$95,MATCH(LARGE($N$20:$N$95,20),$N$20:$N$95,0))),"") | E39: =IFERROR(INDEX('계좌현황'!E:E,INDEX($L$20:$L$95,MATCH(LARGE($N$20:$N$95,20),$N$20:$N$95,0))),"") | F39: =IFERROR(INDEX('계좌현황'!F:F,INDEX($L$20:$L$95,MATCH(LARGE($N$20:$N$95,20),$N$20:$N$95,0))),"") | G39: =IFERROR(INDEX('계좌현황'!K:K,INDEX($L$20:$L$95,MATCH(LARGE($N$20:$N$95,20),$N$20:$N$95,0))),0) | H39: =IF($B$3=0,0,G39/$B$3) | I39: =I38+H39 | L39: 28 | M39: ='계좌현황'!K28 | N39: =IF(M39="",-1E99,M39*100000+(10000-L39))
A40: 21 | B40: =IFERROR(INDEX('계좌현황'!A:A,INDEX($L$20:$L$95,MATCH(LARGE($N$20:$N$95,21),$N$20:$N$95,0))),"") | C40: =IFERROR(INDEX('계좌현황'!C:C,INDEX($L$20:$L$95,MATCH(LARGE($N$20:$N$95,21),$N$20:$N$95,0))),"") | D40: =IFERROR(INDEX('계좌현황'!D:D,INDEX($L$20:$L$95,MATCH(LARGE($N$20:$N$95,21),$N$20:$N$95,0))),"") | E40: =IFERROR(INDEX('계좌현황'!E:E,INDEX($L$20:$L$95,MATCH(LARGE($N$20:$N$95,21),$N$20:$N$95,0))),"") | F40: =IFERROR(INDEX('계좌현황'!F:F,INDEX($L$20:$L$95,MATCH(LARGE($N$20:$N$95,21),$N$20:$N$95,0))),"") | G40: =IFERROR(INDEX('계좌현황'!K:K,INDEX($L$20:$L$95,MATCH(LARGE($N$20:$N$95,21),$N$20:$N$95,0))),0) | H40: =IF($B$3=0,0,G40/$B$3) | I40: =I39+H40 | L40: 29 | M40: ='계좌현황'!K29 | N40: =IF(M40="",-1E99,M40*100000+(10000-L40))
A41: 22 | B41: =IFERROR(INDEX('계좌현황'!A:A,INDEX($L$20:$L$95,MATCH(LARGE($N$20:$N$95,22),$N$20:$N$95,0))),"") | C41: =IFERROR(INDEX('계좌현황'!C:C,INDEX($L$20:$L$95,MATCH(LARGE($N$20:$N$95,22),$N$20:$N$95,0))),"") | D41: =IFERROR(INDEX('계좌현황'!D:D,INDEX($L$20:$L$95,MATCH(LARGE($N$20:$N$95,22),$N$20:$N$95,0))),"") | E41: =IFERROR(INDEX('계좌현황'!E:E,INDEX($L$20:$L$95,MATCH(LARGE($N$20:$N$95,22),$N$20:$N$95,0))),"") | F41: =IFERROR(INDEX('계좌현황'!F:F,INDEX($L$20:$L$95,MATCH(LARGE($N$20:$N$95,22),$N$20:$N$95,0))),"") | G41: =IFERROR(INDEX('계좌현황'!K:K,INDEX($L$20:$L$95,MATCH(LARGE($N$20:$N$95,22),$N$20:$N$95,0))),0) | H41: =IF($B$3=0,0,G41/$B$3) | I41: =I40+H41 | L41: 30 | M41: ='계좌현황'!K30 | N41: =IF(M41="",-1E99,M41*100000+(10000-L41))
A42: 23 | B42: =IFERROR(INDEX('계좌현황'!A:A,INDEX($L$20:$L$95,MATCH(LARGE($N$20:$N$95,23),$N$20:$N$95,0))),"") | C42: =IFERROR(INDEX('계좌현황'!C:C,INDEX($L$20:$L$95,MATCH(LARGE($N$20:$N$95,23),$N$20:$N$95,0))),"") | D42: =IFERROR(INDEX('계좌현황'!D:D,INDEX($L$20:$L$95,MATCH(LARGE($N$20:$N$95,23),$N$20:$N$95,0))),"") | E42: =IFERROR(INDEX('계좌현황'!E:E,INDEX($L$20:$L$95,MATCH(LARGE($N$20:$N$95,23),$N$20:$N$95,0))),"") | F42: =IFERROR(INDEX('계좌현황'!F:F,INDEX($L$20:$L$95,MATCH(LARGE($N$20:$N$95,23),$N$20:$N$95,0))),"") | G42: =IFERROR(INDEX('계좌현황'!K:K,INDEX($L$20:$L$95,MATCH(LARGE($N$20:$N$95,23),$N$20:$N$95,0))),0) | H42: =IF($B$3=0,0,G42/$B$3) | I42: =I41+H42 | L42: 31 | M42: ='계좌현황'!K31 | N42: =IF(M42="",-1E99,M42*100000+(10000-L42))
A43: 24 | B43: =IFERROR(INDEX('계좌현황'!A:A,INDEX($L$20:$L$95,MATCH(LARGE($N$20:$N$95,24),$N$20:$N$95,0))),"") | C43: =IFERROR(INDEX('계좌현황'!C:C,INDEX($L$20:$L$95,MATCH(LARGE($N$20:$N$95,24),$N$20:$N$95,0))),"") | D43: =IFERROR(INDEX('계좌현황'!D:D,INDEX($L$20:$L$95,MATCH(LARGE($N$20:$N$95,24),$N$20:$N$95,0))),"") | E43: =IFERROR(INDEX('계좌현황'!E:E,INDEX($L$20:$L$95,MATCH(LARGE($N$20:$N$95,24),$N$20:$N$95,0))),"") | F43: =IFERROR(INDEX('계좌현황'!F:F,INDEX($L$20:$L$95,MATCH(LARGE($N$20:$N$95,24),$N$20:$N$95,0))),"") | G43: =IFERROR(INDEX('계좌현황'!K:K,INDEX($L$20:$L$95,MATCH(LARGE($N$20:$N$95,24),$N$20:$N$95,0))),0) | H43: =IF($B$3=0,0,G43/$B$3) | I43: =I42+H43 | L43: 32 | M43: ='계좌현황'!K32 | N43: =IF(M43="",-1E99,M43*100000+(10000-L43))
A44: 25 | B44: =IFERROR(INDEX('계좌현황'!A:A,INDEX($L$20:$L$95,MATCH(LARGE($N$20:$N$95,25),$N$20:$N$95,0))),"") | C44: =IFERROR(INDEX('계좌현황'!C:C,INDEX($L$20:$L$95,MATCH(LARGE($N$20:$N$95,25),$N$20:$N$95,0))),"") | D44: =IFERROR(INDEX('계좌현황'!D:D,INDEX($L$20:$L$95,MATCH(LARGE($N$20:$N$95,25),$N$20:$N$95,0))),"") | E44: =IFERROR(INDEX('계좌현황'!E:E,INDEX($L$20:$L$95,MATCH(LARGE($N$20:$N$95,25),$N$20:$N$95,0))),"") | F44: =IFERROR(INDEX('계좌현황'!F:F,INDEX($L$20:$L$95,MATCH(LARGE($N$20:$N$95,25),$N$20:$N$95,0))),"") | G44: =IFERROR(INDEX('계좌현황'!K:K,INDEX($L$20:$L$95,MATCH(LARGE($N$20:$N$95,25),$N$20:$N$95,0))),0) | H44: =IF($B$3=0,0,G44/$B$3) | I44: =I43+H44 | L44: 33 | M44: ='계좌현황'!K33 | N44: =IF(M44="",-1E99,M44*100000+(10000-L44))
A45: 26 | B45: =IFERROR(INDEX('계좌현황'!A:A,INDEX($L$20:$L$95,MATCH(LARGE($N$20:$N$95,26),$N$20:$N$95,0))),"") | C45: =IFERROR(INDEX('계좌현황'!C:C,INDEX($L$20:$L$95,MATCH(LARGE($N$20:$N$95,26),$N$20:$N$95,0))),"") | D45: =IFERROR(INDEX('계좌현황'!D:D,INDEX($L$20:$L$95,MATCH(LARGE($N$20:$N$95,26),$N$20:$N$95,0))),"") | E45: =IFERROR(INDEX('계좌현황'!E:E,INDEX($L$20:$L$95,MATCH(LARGE($N$20:$N$95,26),$N$20:$N$95,0))),"") | F45: =IFERROR(INDEX('계좌현황'!F:F,INDEX($L$20:$L$95,MATCH(LARGE($N$20:$N$95,26),$N$20:$N$95,0))),"") | G45: =IFERROR(INDEX('계좌현황'!K:K,INDEX($L$20:$L$95,MATCH(LARGE($N$20:$N$95,26),$N$20:$N$95,0))),0) | H45: =IF($B$3=0,0,G45/$B$3) | I45: =I44+H45 | L45: 34 | M45: ='계좌현황'!K34 | N45: =IF(M45="",-1E99,M45*100000+(10000-L45))
A46: 27 | B46: =IFERROR(INDEX('계좌현황'!A:A,INDEX($L$20:$L$95,MATCH(LARGE($N$20:$N$95,27),$N$20:$N$95,0))),"") | C46: =IFERROR(INDEX('계좌현황'!C:C,INDEX($L$20:$L$95,MATCH(LARGE($N$20:$N$95,27),$N$20:$N$95,0))),"") | D46: =IFERROR(INDEX('계좌현황'!D:D,INDEX($L$20:$L$95,MATCH(LARGE($N$20:$N$95,27),$N$20:$N$95,0))),"") | E46: =IFERROR(INDEX('계좌현황'!E:E,INDEX($L$20:$L$95,MATCH(LARGE($N$20:$N$95,27),$N$20:$N$95,0))),"") | F46: =IFERROR(INDEX('계좌현황'!F:F,INDEX($L$20:$L$95,MATCH(LARGE($N$20:$N$95,27),$N$20:$N$95,0))),"") | G46: =IFERROR(INDEX('계좌현황'!K:K,INDEX($L$20:$L$95,MATCH(LARGE($N$20:$N$95,27),$N$20:$N$95,0))),0) | H46: =IF($B$3=0,0,G46/$B$3) | I46: =I45+H46 | L46: 35 | M46: ='계좌현황'!K35 | N46: =IF(M46="",-1E99,M46*100000+(10000-L46))
A47: 28 | B47: =IFERROR(INDEX('계좌현황'!A:A,INDEX($L$20:$L$95,MATCH(LARGE($N$20:$N$95,28),$N$20:$N$95,0))),"") | C47: =IFERROR(INDEX('계좌현황'!C:C,INDEX($L$20:$L$95,MATCH(LARGE($N$20:$N$95,28),$N$20:$N$95,0))),"") | D47: =IFERROR(INDEX('계좌현황'!D:D,INDEX($L$20:$L$95,MATCH(LARGE($N$20:$N$95,28),$N$20:$N$95,0))),"") | E47: =IFERROR(INDEX('계좌현황'!E:E,INDEX($L$20:$L$95,MATCH(LARGE($N$20:$N$95,28),$N$20:$N$95,0))),"") | F47: =IFERROR(INDEX('계좌현황'!F:F,INDEX($L$20:$L$95,MATCH(LARGE($N$20:$N$95,28),$N$20:$N$95,0))),"") | G47: =IFERROR(INDEX('계좌현황'!K:K,INDEX($L$20:$L$95,MATCH(LARGE($N$20:$N$95,28),$N$20:$N$95,0))),0) | H47: =IF($B$3=0,0,G47/$B$3) | I47: =I46+H47 | L47: 36 | M47: ='계좌현황'!K36 | N47: =IF(M47="",-1E99,M47*100000+(10000-L47))
A48: 29 | B48: =IFERROR(INDEX('계좌현황'!A:A,INDEX($L$20:$L$95,MATCH(LARGE($N$20:$N$95,29),$N$20:$N$95,0))),"") | C48: =IFERROR(INDEX('계좌현황'!C:C,INDEX($L$20:$L$95,MATCH(LARGE($N$20:$N$95,29),$N$20:$N$95,0))),"") | D48: =IFERROR(INDEX('계좌현황'!D:D,INDEX($L$20:$L$95,MATCH(LARGE($N$20:$N$95,29),$N$20:$N$95,0))),"") | E48: =IFERROR(INDEX('계좌현황'!E:E,INDEX($L$20:$L$95,MATCH(LARGE($N$20:$N$95,29),$N$20:$N$95,0))),"") | F48: =IFERROR(INDEX('계좌현황'!F:F,INDEX($L$20:$L$95,MATCH(LARGE($N$20:$N$95,29),$N$20:$N$95,0))),"") | G48: =IFERROR(INDEX('계좌현황'!K:K,INDEX($L$20:$L$95,MATCH(LARGE($N$20:$N$95,29),$N$20:$N$95,0))),0) | H48: =IF($B$3=0,0,G48/$B$3) | I48: =I47+H48 | L48: 37 | M48: ='계좌현황'!K37 | N48: =IF(M48="",-1E99,M48*100000+(10000-L48))
A49: 30 | B49: =IFERROR(INDEX('계좌현황'!A:A,INDEX($L$20:$L$95,MATCH(LARGE($N$20:$N$95,30),$N$20:$N$95,0))),"") | C49: =IFERROR(INDEX('계좌현황'!C:C,INDEX($L$20:$L$95,MATCH(LARGE($N$20:$N$95,30),$N$20:$N$95,0))),"") | D49: =IFERROR(INDEX('계좌현황'!D:D,INDEX($L$20:$L$95,MATCH(LARGE($N$20:$N$95,30),$N$20:$N$95,0))),"") | E49: =IFERROR(INDEX('계좌현황'!E:E,INDEX($L$20:$L$95,MATCH(LARGE($N$20:$N$95,30),$N$20:$N$95,0))),"") | F49: =IFERROR(INDEX('계좌현황'!F:F,INDEX($L$20:$L$95,MATCH(LARGE($N$20:$N$95,30),$N$20:$N$95,0))),"") | G49: =IFERROR(INDEX('계좌현황'!K:K,INDEX($L$20:$L$95,MATCH(LARGE($N$20:$N$95,30),$N$20:$N$95,0))),0) | H49: =IF($B$3=0,0,G49/$B$3) | I49: =I48+H49 | L49: 38 | M49: ='계좌현황'!K38 | N49: =IF(M49="",-1E99,M49*100000+(10000-L49))
A50: 31 | B50: =IFERROR(INDEX('계좌현황'!A:A,INDEX($L$20:$L$95,MATCH(LARGE($N$20:$N$95,31),$N$20:$N$95,0))),"") | C50: =IFERROR(INDEX('계좌현황'!C:C,INDEX($L$20:$L$95,MATCH(LARGE($N$20:$N$95,31),$N$20:$N$95,0))),"") | D50: =IFERROR(INDEX('계좌현황'!D:D,INDEX($L$20:$L$95,MATCH(LARGE($N$20:$N$95,31),$N$20:$N$95,0))),"") | E50: =IFERROR(INDEX('계좌현황'!E:E,INDEX($L$20:$L$95,MATCH(LARGE($N$20:$N$95,31),$N$20:$N$95,0))),"") | F50: =IFERROR(INDEX('계좌현황'!F:F,INDEX($L$20:$L$95,MATCH(LARGE($N$20:$N$95,31),$N$20:$N$95,0))),"") | G50: =IFERROR(INDEX('계좌현황'!K:K,INDEX($L$20:$L$95,MATCH(LARGE($N$20:$N$95,31),$N$20:$N$95,0))),0) | H50: =IF($B$3=0,0,G50/$B$3) | I50: =I49+H50 | L50: 39 | M50: ='계좌현황'!K39 | N50: =IF(M50="",-1E99,M50*100000+(10000-L50))
A51: 32 | B51: =IFERROR(INDEX('계좌현황'!A:A,INDEX($L$20:$L$95,MATCH(LARGE($N$20:$N$95,32),$N$20:$N$95,0))),"") | C51: =IFERROR(INDEX('계좌현황'!C:C,INDEX($L$20:$L$95,MATCH(LARGE($N$20:$N$95,32),$N$20:$N$95,0))),"") | D51: =IFERROR(INDEX('계좌현황'!D:D,INDEX($L$20:$L$95,MATCH(LARGE($N$20:$N$95,32),$N$20:$N$95,0))),"") | E51: =IFERROR(INDEX('계좌현황'!E:E,INDEX($L$20:$L$95,MATCH(LARGE($N$20:$N$95,32),$N$20:$N$95,0))),"") | F51: =IFERROR(INDEX('계좌현황'!F:F,INDEX($L$20:$L$95,MATCH(LARGE($N$20:$N$95,32),$N$20:$N$95,0))),"") | G51: =IFERROR(INDEX('계좌현황'!K:K,INDEX($L$20:$L$95,MATCH(LARGE($N$20:$N$95,32),$N$20:$N$95,0))),0) | H51: =IF($B$3=0,0,G51/$B$3) | I51: =I50+H51 | L51: 40 | M51: ='계좌현황'!K40 | N51: =IF(M51="",-1E99,M51*100000+(10000-L51))
A52: 33 | B52: =IFERROR(INDEX('계좌현황'!A:A,INDEX($L$20:$L$95,MATCH(LARGE($N$20:$N$95,33),$N$20:$N$95,0))),"") | C52: =IFERROR(INDEX('계좌현황'!C:C,INDEX($L$20:$L$95,MATCH(LARGE($N$20:$N$95,33),$N$20:$N$95,0))),"") | D52: =IFERROR(INDEX('계좌현황'!D:D,INDEX($L$20:$L$95,MATCH(LARGE($N$20:$N$95,33),$N$20:$N$95,0))),"") | E52: =IFERROR(INDEX('계좌현황'!E:E,INDEX($L$20:$L$95,MATCH(LARGE($N$20:$N$95,33),$N$20:$N$95,0))),"") | F52: =IFERROR(INDEX('계좌현황'!F:F,INDEX($L$20:$L$95,MATCH(LARGE($N$20:$N$95,33),$N$20:$N$95,0))),"") | G52: =IFERROR(INDEX('계좌현황'!K:K,INDEX($L$20:$L$95,MATCH(LARGE($N$20:$N$95,33),$N$20:$N$95,0))),0) | H52: =IF($B$3=0,0,G52/$B$3) | I52: =I51+H52 | L52: 41 | M52: ='계좌현황'!K41 | N52: =IF(M52="",-1E99,M52*100000+(10000-L52))
A53: 34 | B53: =IFERROR(INDEX('계좌현황'!A:A,INDEX($L$20:$L$95,MATCH(LARGE($N$20:$N$95,34),$N$20:$N$95,0))),"") | C53: =IFERROR(INDEX('계좌현황'!C:C,INDEX($L$20:$L$95,MATCH(LARGE($N$20:$N$95,34),$N$20:$N$95,0))),"") | D53: =IFERROR(INDEX('계좌현황'!D:D,INDEX($L$20:$L$95,MATCH(LARGE($N$20:$N$95,34),$N$20:$N$95,0))),"") | E53: =IFERROR(INDEX('계좌현황'!E:E,INDEX($L$20:$L$95,MATCH(LARGE($N$20:$N$95,34),$N$20:$N$95,0))),"") | F53: =IFERROR(INDEX('계좌현황'!F:F,INDEX($L$20:$L$95,MATCH(LARGE($N$20:$N$95,34),$N$20:$N$95,0))),"") | G53: =IFERROR(INDEX('계좌현황'!K:K,INDEX($L$20:$L$95,MATCH(LARGE($N$20:$N$95,34),$N$20:$N$95,0))),0) | H53: =IF($B$3=0,0,G53/$B$3) | I53: =I52+H53 | L53: 42 | M53: ='계좌현황'!K42 | N53: =IF(M53="",-1E99,M53*100000+(10000-L53))
A54: 35 | B54: =IFERROR(INDEX('계좌현황'!A:A,INDEX($L$20:$L$95,MATCH(LARGE($N$20:$N$95,35),$N$20:$N$95,0))),"") | C54: =IFERROR(INDEX('계좌현황'!C:C,INDEX($L$20:$L$95,MATCH(LARGE($N$20:$N$95,35),$N$20:$N$95,0))),"") | D54: =IFERROR(INDEX('계좌현황'!D:D,INDEX($L$20:$L$95,MATCH(LARGE($N$20:$N$95,35),$N$20:$N$95,0))),"") | E54: =IFERROR(INDEX('계좌현황'!E:E,INDEX($L$20:$L$95,MATCH(LARGE($N$20:$N$95,35),$N$20:$N$95,0))),"") | F54: =IFERROR(INDEX('계좌현황'!F:F,INDEX($L$20:$L$95,MATCH(LARGE($N$20:$N$95,35),$N$20:$N$95,0))),"") | G54: =IFERROR(INDEX('계좌현황'!K:K,INDEX($L$20:$L$95,MATCH(LARGE($N$20:$N$95,35),$N$20:$N$95,0))),0) | H54: =IF($B$3=0,0,G54/$B$3) | I54: =I53+H54 | L54: 43 | M54: ='계좌현황'!K43 | N54: =IF(M54="",-1E99,M54*100000+(10000-L54))
A55: 36 | B55: =IFERROR(INDEX('계좌현황'!A:A,INDEX($L$20:$L$95,MATCH(LARGE($N$20:$N$95,36),$N$20:$N$95,0))),"") | C55: =IFERROR(INDEX('계좌현황'!C:C,INDEX($L$20:$L$95,MATCH(LARGE($N$20:$N$95,36),$N$20:$N$95,0))),"") | D55: =IFERROR(INDEX('계좌현황'!D:D,INDEX($L$20:$L$95,MATCH(LARGE($N$20:$N$95,36),$N$20:$N$95,0))),"") | E55: =IFERROR(INDEX('계좌현황'!E:E,INDEX($L$20:$L$95,MATCH(LARGE($N$20:$N$95,36),$N$20:$N$95,0))),"") | F55: =IFERROR(INDEX('계좌현황'!F:F,INDEX($L$20:$L$95,MATCH(LARGE($N$20:$N$95,36),$N$20:$N$95,0))),"") | G55: =IFERROR(INDEX('계좌현황'!K:K,INDEX($L$20:$L$95,MATCH(LARGE($N$20:$N$95,36),$N$20:$N$95,0))),0) | H55: =IF($B$3=0,0,G55/$B$3) | I55: =I54+H55 | L55: 44 | M55: ='계좌현황'!K44 | N55: =IF(M55="",-1E99,M55*100000+(10000-L55))
A56: 37 | B56: =IFERROR(INDEX('계좌현황'!A:A,INDEX($L$20:$L$95,MATCH(LARGE($N$20:$N$95,37),$N$20:$N$95,0))),"") | C56: =IFERROR(INDEX('계좌현황'!C:C,INDEX($L$20:$L$95,MATCH(LARGE($N$20:$N$95,37),$N$20:$N$95,0))),"") | D56: =IFERROR(INDEX('계좌현황'!D:D,INDEX($L$20:$L$95,MATCH(LARGE($N$20:$N$95,37),$N$20:$N$95,0))),"") | E56: =IFERROR(INDEX('계좌현황'!E:E,INDEX($L$20:$L$95,MATCH(LARGE($N$20:$N$95,37),$N$20:$N$95,0))),"") | F56: =IFERROR(INDEX('계좌현황'!F:F,INDEX($L$20:$L$95,MATCH(LARGE($N$20:$N$95,37),$N$20:$N$95,0))),"") | G56: =IFERROR(INDEX('계좌현황'!K:K,INDEX($L$20:$L$95,MATCH(LARGE($N$20:$N$95,37),$N$20:$N$95,0))),0) | H56: =IF($B$3=0,0,G56/$B$3) | I56: =I55+H56 | L56: 45 | M56: ='계좌현황'!K45 | N56: =IF(M56="",-1E99,M56*100000+(10000-L56))
A57: 38 | B57: =IFERROR(INDEX('계좌현황'!A:A,INDEX($L$20:$L$95,MATCH(LARGE($N$20:$N$95,38),$N$20:$N$95,0))),"") | C57: =IFERROR(INDEX('계좌현황'!C:C,INDEX($L$20:$L$95,MATCH(LARGE($N$20:$N$95,38),$N$20:$N$95,0))),"") | D57: =IFERROR(INDEX('계좌현황'!D:D,INDEX($L$20:$L$95,MATCH(LARGE($N$20:$N$95,38),$N$20:$N$95,0))),"") | E57: =IFERROR(INDEX('계좌현황'!E:E,INDEX($L$20:$L$95,MATCH(LARGE($N$20:$N$95,38),$N$20:$N$95,0))),"") | F57: =IFERROR(INDEX('계좌현황'!F:F,INDEX($L$20:$L$95,MATCH(LARGE($N$20:$N$95,38),$N$20:$N$95,0))),"") | G57: =IFERROR(INDEX('계좌현황'!K:K,INDEX($L$20:$L$95,MATCH(LARGE($N$20:$N$95,38),$N$20:$N$95,0))),0) | H57: =IF($B$3=0,0,G57/$B$3) | I57: =I56+H57 | L57: 46 | M57: ='계좌현황'!K46 | N57: =IF(M57="",-1E99,M57*100000+(10000-L57))
A58: 39 | B58: =IFERROR(INDEX('계좌현황'!A:A,INDEX($L$20:$L$95,MATCH(LARGE($N$20:$N$95,39),$N$20:$N$95,0))),"") | C58: =IFERROR(INDEX('계좌현황'!C:C,INDEX($L$20:$L$95,MATCH(LARGE($N$20:$N$95,39),$N$20:$N$95,0))),"") | D58: =IFERROR(INDEX('계좌현황'!D:D,INDEX($L$20:$L$95,MATCH(LARGE($N$20:$N$95,39),$N$20:$N$95,0))),"") | E58: =IFERROR(INDEX('계좌현황'!E:E,INDEX($L$20:$L$95,MATCH(LARGE($N$20:$N$95,39),$N$20:$N$95,0))),"") | F58: =IFERROR(INDEX('계좌현황'!F:F,INDEX($L$20:$L$95,MATCH(LARGE($N$20:$N$95,39),$N$20:$N$95,0))),"") | G58: =IFERROR(INDEX('계좌현황'!K:K,INDEX($L$20:$L$95,MATCH(LARGE($N$20:$N$95,39),$N$20:$N$95,0))),0) | H58: =IF($B$3=0,0,G58/$B$3) | I58: =I57+H58 | L58: 47 | M58: ='계좌현황'!K47 | N58: =IF(M58="",-1E99,M58*100000+(10000-L58))
A59: 40 | B59: =IFERROR(INDEX('계좌현황'!A:A,INDEX($L$20:$L$95,MATCH(LARGE($N$20:$N$95,40),$N$20:$N$95,0))),"") | C59: =IFERROR(INDEX('계좌현황'!C:C,INDEX($L$20:$L$95,MATCH(LARGE($N$20:$N$95,40),$N$20:$N$95,0))),"") | D59: =IFERROR(INDEX('계좌현황'!D:D,INDEX($L$20:$L$95,MATCH(LARGE($N$20:$N$95,40),$N$20:$N$95,0))),"") | E59: =IFERROR(INDEX('계좌현황'!E:E,INDEX($L$20:$L$95,MATCH(LARGE($N$20:$N$95,40),$N$20:$N$95,0))),"") | F59: =IFERROR(INDEX('계좌현황'!F:F,INDEX($L$20:$L$95,MATCH(LARGE($N$20:$N$95,40),$N$20:$N$95,0))),"") | G59: =IFERROR(INDEX('계좌현황'!K:K,INDEX($L$20:$L$95,MATCH(LARGE($N$20:$N$95,40),$N$20:$N$95,0))),0) | H59: =IF($B$3=0,0,G59/$B$3) | I59: =I58+H59 | L59: 48 | M59: ='계좌현황'!K48 | N59: =IF(M59="",-1E99,M59*100000+(10000-L59))
A60: 41 | B60: =IFERROR(INDEX('계좌현황'!A:A,INDEX($L$20:$L$95,MATCH(LARGE($N$20:$N$95,41),$N$20:$N$95,0))),"") | C60: =IFERROR(INDEX('계좌현황'!C:C,INDEX($L$20:$L$95,MATCH(LARGE($N$20:$N$95,41),$N$20:$N$95,0))),"") | D60: =IFERROR(INDEX('계좌현황'!D:D,INDEX($L$20:$L$95,MATCH(LARGE($N$20:$N$95,41),$N$20:$N$95,0))),"") | E60: =IFERROR(INDEX('계좌현황'!E:E,INDEX($L$20:$L$95,MATCH(LARGE($N$20:$N$95,41),$N$20:$N$95,0))),"") | F60: =IFERROR(INDEX('계좌현황'!F:F,INDEX($L$20:$L$95,MATCH(LARGE($N$20:$N$95,41),$N$20:$N$95,0))),"") | G60: =IFERROR(INDEX('계좌현황'!K:K,INDEX($L$20:$L$95,MATCH(LARGE($N$20:$N$95,41),$N$20:$N$95,0))),0) | H60: =IF($B$3=0,0,G60/$B$3) | I60: =I59+H60 | L60: 49 | M60: ='계좌현황'!K49 | N60: =IF(M60="",-1E99,M60*100000+(10000-L60))
A61: 42 | B61: =IFERROR(INDEX('계좌현황'!A:A,INDEX($L$20:$L$95,MATCH(LARGE($N$20:$N$95,42),$N$20:$N$95,0))),"") | C61: =IFERROR(INDEX('계좌현황'!C:C,INDEX($L$20:$L$95,MATCH(LARGE($N$20:$N$95,42),$N$20:$N$95,0))),"") | D61: =IFERROR(INDEX('계좌현황'!D:D,INDEX($L$20:$L$95,MATCH(LARGE($N$20:$N$95,42),$N$20:$N$95,0))),"") | E61: =IFERROR(INDEX('계좌현황'!E:E,INDEX($L$20:$L$95,MATCH(LARGE($N$20:$N$95,42),$N$20:$N$95,0))),"") | F61: =IFERROR(INDEX('계좌현황'!F:F,INDEX($L$20:$L$95,MATCH(LARGE($N$20:$N$95,42),$N$20:$N$95,0))),"") | G61: =IFERROR(INDEX('계좌현황'!K:K,INDEX($L$20:$L$95,MATCH(LARGE($N$20:$N$95,42),$N$20:$N$95,0))),0) | H61: =IF($B$3=0,0,G61/$B$3) | I61: =I60+H61 | L61: 50 | M61: ='계좌현황'!K50 | N61: =IF(M61="",-1E99,M61*100000+(10000-L61))
A62: 43 | B62: =IFERROR(INDEX('계좌현황'!A:A,INDEX($L$20:$L$95,MATCH(LARGE($N$20:$N$95,43),$N$20:$N$95,0))),"") | C62: =IFERROR(INDEX('계좌현황'!C:C,INDEX($L$20:$L$95,MATCH(LARGE($N$20:$N$95,43),$N$20:$N$95,0))),"") | D62: =IFERROR(INDEX('계좌현황'!D:D,INDEX($L$20:$L$95,MATCH(LARGE($N$20:$N$95,43),$N$20:$N$95,0))),"") | E62: =IFERROR(INDEX('계좌현황'!E:E,INDEX($L$20:$L$95,MATCH(LARGE($N$20:$N$95,43),$N$20:$N$95,0))),"") | F62: =IFERROR(INDEX('계좌현황'!F:F,INDEX($L$20:$L$95,MATCH(LARGE($N$20:$N$95,43),$N$20:$N$95,0))),"") | G62: =IFERROR(INDEX('계좌현황'!K:K,INDEX($L$20:$L$95,MATCH(LARGE($N$20:$N$95,43),$N$20:$N$95,0))),0) | H62: =IF($B$3=0,0,G62/$B$3) | I62: =I61+H62 | L62: 51 | M62: ='계좌현황'!K51 | N62: =IF(M62="",-1E99,M62*100000+(10000-L62))
A63: 44 | B63: =IFERROR(INDEX('계좌현황'!A:A,INDEX($L$20:$L$95,MATCH(LARGE($N$20:$N$95,44),$N$20:$N$95,0))),"") | C63: =IFERROR(INDEX('계좌현황'!C:C,INDEX($L$20:$L$95,MATCH(LARGE($N$20:$N$95,44),$N$20:$N$95,0))),"") | D63: =IFERROR(INDEX('계좌현황'!D:D,INDEX($L$20:$L$95,MATCH(LARGE($N$20:$N$95,44),$N$20:$N$95,0))),"") | E63: =IFERROR(INDEX('계좌현황'!E:E,INDEX($L$20:$L$95,MATCH(LARGE($N$20:$N$95,44),$N$20:$N$95,0))),"") | F63: =IFERROR(INDEX('계좌현황'!F:F,INDEX($L$20:$L$95,MATCH(LARGE($N$20:$N$95,44),$N$20:$N$95,0))),"") | G63: =IFERROR(INDEX('계좌현황'!K:K,INDEX($L$20:$L$95,MATCH(LARGE($N$20:$N$95,44),$N$20:$N$95,0))),0) | H63: =IF($B$3=0,0,G63/$B$3) | I63: =I62+H63 | L63: 52 | M63: ='계좌현황'!K52 | N63: =IF(M63="",-1E99,M63*100000+(10000-L63))
A64: 45 | B64: =IFERROR(INDEX('계좌현황'!A:A,INDEX($L$20:$L$95,MATCH(LARGE($N$20:$N$95,45),$N$20:$N$95,0))),"") | C64: =IFERROR(INDEX('계좌현황'!C:C,INDEX($L$20:$L$95,MATCH(LARGE($N$20:$N$95,45),$N$20:$N$95,0))),"") | D64: =IFERROR(INDEX('계좌현황'!D:D,INDEX($L$20:$L$95,MATCH(LARGE($N$20:$N$95,45),$N$20:$N$95,0))),"") | E64: =IFERROR(INDEX('계좌현황'!E:E,INDEX($L$20:$L$95,MATCH(LARGE($N$20:$N$95,45),$N$20:$N$95,0))),"") | F64: =IFERROR(INDEX('계좌현황'!F:F,INDEX($L$20:$L$95,MATCH(LARGE($N$20:$N$95,45),$N$20:$N$95,0))),"") | G64: =IFERROR(INDEX('계좌현황'!K:K,INDEX($L$20:$L$95,MATCH(LARGE($N$20:$N$95,45),$N$20:$N$95,0))),0) | H64: =IF($B$3=0,0,G64/$B$3) | I64: =I63+H64 | L64: 53 | M64: ='계좌현황'!K53 | N64: =IF(M64="",-1E99,M64*100000+(10000-L64))
A65: 46 | B65: =IFERROR(INDEX('계좌현황'!A:A,INDEX($L$20:$L$95,MATCH(LARGE($N$20:$N$95,46),$N$20:$N$95,0))),"") | C65: =IFERROR(INDEX('계좌현황'!C:C,INDEX($L$20:$L$95,MATCH(LARGE($N$20:$N$95,46),$N$20:$N$95,0))),"") | D65: =IFERROR(INDEX('계좌현황'!D:D,INDEX($L$20:$L$95,MATCH(LARGE($N$20:$N$95,46),$N$20:$N$95,0))),"") | E65: =IFERROR(INDEX('계좌현황'!E:E,INDEX($L$20:$L$95,MATCH(LARGE($N$20:$N$95,46),$N$20:$N$95,0))),"") | F65: =IFERROR(INDEX('계좌현황'!F:F,INDEX($L$20:$L$95,MATCH(LARGE($N$20:$N$95,46),$N$20:$N$95,0))),"") | G65: =IFERROR(INDEX('계좌현황'!K:K,INDEX($L$20:$L$95,MATCH(LARGE($N$20:$N$95,46),$N$20:$N$95,0))),0) | H65: =IF($B$3=0,0,G65/$B$3) | I65: =I64+H65 | L65: 54 | M65: ='계좌현황'!K54 | N65: =IF(M65="",-1E99,M65*100000+(10000-L65))
A66: 47 | B66: =IFERROR(INDEX('계좌현황'!A:A,INDEX($L$20:$L$95,MATCH(LARGE($N$20:$N$95,47),$N$20:$N$95,0))),"") | C66: =IFERROR(INDEX('계좌현황'!C:C,INDEX($L$20:$L$95,MATCH(LARGE($N$20:$N$95,47),$N$20:$N$95,0))),"") | D66: =IFERROR(INDEX('계좌현황'!D:D,INDEX($L$20:$L$95,MATCH(LARGE($N$20:$N$95,47),$N$20:$N$95,0))),"") | E66: =IFERROR(INDEX('계좌현황'!E:E,INDEX($L$20:$L$95,MATCH(LARGE($N$20:$N$95,47),$N$20:$N$95,0))),"") | F66: =IFERROR(INDEX('계좌현황'!F:F,INDEX($L$20:$L$95,MATCH(LARGE($N$20:$N$95,47),$N$20:$N$95,0))),"") | G66: =IFERROR(INDEX('계좌현황'!K:K,INDEX($L$20:$L$95,MATCH(LARGE($N$20:$N$95,47),$N$20:$N$95,0))),0) | H66: =IF($B$3=0,0,G66/$B$3) | I66: =I65+H66 | L66: 55 | M66: ='계좌현황'!K55 | N66: =IF(M66="",-1E99,M66*100000+(10000-L66))
A67: 48 | B67: =IFERROR(INDEX('계좌현황'!A:A,INDEX($L$20:$L$95,MATCH(LARGE($N$20:$N$95,48),$N$20:$N$95,0))),"") | C67: =IFERROR(INDEX('계좌현황'!C:C,INDEX($L$20:$L$95,MATCH(LARGE($N$20:$N$95,48),$N$20:$N$95,0))),"") | D67: =IFERROR(INDEX('계좌현황'!D:D,INDEX($L$20:$L$95,MATCH(LARGE($N$20:$N$95,48),$N$20:$N$95,0))),"") | E67: =IFERROR(INDEX('계좌현황'!E:E,INDEX($L$20:$L$95,MATCH(LARGE($N$20:$N$95,48),$N$20:$N$95,0))),"") | F67: =IFERROR(INDEX('계좌현황'!F:F,INDEX($L$20:$L$95,MATCH(LARGE($N$20:$N$95,48),$N$20:$N$95,0))),"") | G67: =IFERROR(INDEX('계좌현황'!K:K,INDEX($L$20:$L$95,MATCH(LARGE($N$20:$N$95,48),$N$20:$N$95,0))),0) | H67: =IF($B$3=0,0,G67/$B$3) | I67: =I66+H67 | L67: 56 | M67: ='계좌현황'!K56 | N67: =IF(M67="",-1E99,M67*100000+(10000-L67))
A68: 49 | B68: =IFERROR(INDEX('계좌현황'!A:A,INDEX($L$20:$L$95,MATCH(LARGE($N$20:$N$95,49),$N$20:$N$95,0))),"") | C68: =IFERROR(INDEX('계좌현황'!C:C,INDEX($L$20:$L$95,MATCH(LARGE($N$20:$N$95,49),$N$20:$N$95,0))),"") | D68: =IFERROR(INDEX('계좌현황'!D:D,INDEX($L$20:$L$95,MATCH(LARGE($N$20:$N$95,49),$N$20:$N$95,0))),"") | E68: =IFERROR(INDEX('계좌현황'!E:E,INDEX($L$20:$L$95,MATCH(LARGE($N$20:$N$95,49),$N$20:$N$95,0))),"") | F68: =IFERROR(INDEX('계좌현황'!F:F,INDEX($L$20:$L$95,MATCH(LARGE($N$20:$N$95,49),$N$20:$N$95,0))),"") | G68: =IFERROR(INDEX('계좌현황'!K:K,INDEX($L$20:$L$95,MATCH(LARGE($N$20:$N$95,49),$N$20:$N$95,0))),0) | H68: =IF($B$3=0,0,G68/$B$3) | I68: =I67+H68 | L68: 57 | M68: ='계좌현황'!K57 | N68: =IF(M68="",-1E99,M68*100000+(10000-L68))
A69: 50 | B69: =IFERROR(INDEX('계좌현황'!A:A,INDEX($L$20:$L$95,MATCH(LARGE($N$20:$N$95,50),$N$20:$N$95,0))),"") | C69: =IFERROR(INDEX('계좌현황'!C:C,INDEX($L$20:$L$95,MATCH(LARGE($N$20:$N$95,50),$N$20:$N$95,0))),"") | D69: =IFERROR(INDEX('계좌현황'!D:D,INDEX($L$20:$L$95,MATCH(LARGE($N$20:$N$95,50),$N$20:$N$95,0))),"") | E69: =IFERROR(INDEX('계좌현황'!E:E,INDEX($L$20:$L$95,MATCH(LARGE($N$20:$N$95,50),$N$20:$N$95,0))),"") | F69: =IFERROR(INDEX('계좌현황'!F:F,INDEX($L$20:$L$95,MATCH(LARGE($N$20:$N$95,50),$N$20:$N$95,0))),"") | G69: =IFERROR(INDEX('계좌현황'!K:K,INDEX($L$20:$L$95,MATCH(LARGE($N$20:$N$95,50),$N$20:$N$95,0))),0) | H69: =IF($B$3=0,0,G69/$B$3) | I69: =I68+H69 | L69: 58 | M69: ='계좌현황'!K58 | N69: =IF(M69="",-1E99,M69*100000+(10000-L69))
A70: 51 | B70: =IFERROR(INDEX('계좌현황'!A:A,INDEX($L$20:$L$95,MATCH(LARGE($N$20:$N$95,51),$N$20:$N$95,0))),"") | C70: =IFERROR(INDEX('계좌현황'!C:C,INDEX($L$20:$L$95,MATCH(LARGE($N$20:$N$95,51),$N$20:$N$95,0))),"") | D70: =IFERROR(INDEX('계좌현황'!D:D,INDEX($L$20:$L$95,MATCH(LARGE($N$20:$N$95,51),$N$20:$N$95,0))),"") | E70: =IFERROR(INDEX('계좌현황'!E:E,INDEX($L$20:$L$95,MATCH(LARGE($N$20:$N$95,51),$N$20:$N$95,0))),"") | F70: =IFERROR(INDEX('계좌현황'!F:F,INDEX($L$20:$L$95,MATCH(LARGE($N$20:$N$95,51),$N$20:$N$95,0))),"") | G70: =IFERROR(INDEX('계좌현황'!K:K,INDEX($L$20:$L$95,MATCH(LARGE($N$20:$N$95,51),$N$20:$N$95,0))),0) | H70: =IF($B$3=0,0,G70/$B$3) | I70: =I69+H70 | L70: 59 | M70: ='계좌현황'!K59 | N70: =IF(M70="",-1E99,M70*100000+(10000-L70))
A71: 52 | B71: =IFERROR(INDEX('계좌현황'!A:A,INDEX($L$20:$L$95,MATCH(LARGE($N$20:$N$95,52),$N$20:$N$95,0))),"") | C71: =IFERROR(INDEX('계좌현황'!C:C,INDEX($L$20:$L$95,MATCH(LARGE($N$20:$N$95,52),$N$20:$N$95,0))),"") | D71: =IFERROR(INDEX('계좌현황'!D:D,INDEX($L$20:$L$95,MATCH(LARGE($N$20:$N$95,52),$N$20:$N$95,0))),"") | E71: =IFERROR(INDEX('계좌현황'!E:E,INDEX($L$20:$L$95,MATCH(LARGE($N$20:$N$95,52),$N$20:$N$95,0))),"") | F71: =IFERROR(INDEX('계좌현황'!F:F,INDEX($L$20:$L$95,MATCH(LARGE($N$20:$N$95,52),$N$20:$N$95,0))),"") | G71: =IFERROR(INDEX('계좌현황'!K:K,INDEX($L$20:$L$95,MATCH(LARGE($N$20:$N$95,52),$N$20:$N$95,0))),0) | H71: =IF($B$3=0,0,G71/$B$3) | I71: =I70+H71 | L71: 60 | M71: ='계좌현황'!K60 | N71: =IF(M71="",-1E99,M71*100000+(10000-L71))
A72: 53 | B72: =IFERROR(INDEX('계좌현황'!A:A,INDEX($L$20:$L$95,MATCH(LARGE($N$20:$N$95,53),$N$20:$N$95,0))),"") | C72: =IFERROR(INDEX('계좌현황'!C:C,INDEX($L$20:$L$95,MATCH(LARGE($N$20:$N$95,53),$N$20:$N$95,0))),"") | D72: =IFERROR(INDEX('계좌현황'!D:D,INDEX($L$20:$L$95,MATCH(LARGE($N$20:$N$95,53),$N$20:$N$95,0))),"") | E72: =IFERROR(INDEX('계좌현황'!E:E,INDEX($L$20:$L$95,MATCH(LARGE($N$20:$N$95,53),$N$20:$N$95,0))),"") | F72: =IFERROR(INDEX('계좌현황'!F:F,INDEX($L$20:$L$95,MATCH(LARGE($N$20:$N$95,53),$N$20:$N$95,0))),"") | G72: =IFERROR(INDEX('계좌현황'!K:K,INDEX($L$20:$L$95,MATCH(LARGE($N$20:$N$95,53),$N$20:$N$95,0))),0) | H72: =IF($B$3=0,0,G72/$B$3) | I72: =I71+H72 | L72: 61 | M72: ='계좌현황'!K61 | N72: =IF(M72="",-1E99,M72*100000+(10000-L72))
A73: 54 | B73: =IFERROR(INDEX('계좌현황'!A:A,INDEX($L$20:$L$95,MATCH(LARGE($N$20:$N$95,54),$N$20:$N$95,0))),"") | C73: =IFERROR(INDEX('계좌현황'!C:C,INDEX($L$20:$L$95,MATCH(LARGE($N$20:$N$95,54),$N$20:$N$95,0))),"") | D73: =IFERROR(INDEX('계좌현황'!D:D,INDEX($L$20:$L$95,MATCH(LARGE($N$20:$N$95,54),$N$20:$N$95,0))),"") | E73: =IFERROR(INDEX('계좌현황'!E:E,INDEX($L$20:$L$95,MATCH(LARGE($N$20:$N$95,54),$N$20:$N$95,0))),"") | F73: =IFERROR(INDEX('계좌현황'!F:F,INDEX($L$20:$L$95,MATCH(LARGE($N$20:$N$95,54),$N$20:$N$95,0))),"") | G73: =IFERROR(INDEX('계좌현황'!K:K,INDEX($L$20:$L$95,MATCH(LARGE($N$20:$N$95,54),$N$20:$N$95,0))),0) | H73: =IF($B$3=0,0,G73/$B$3) | I73: =I72+H73 | L73: 62 | M73: ='계좌현황'!K62 | N73: =IF(M73="",-1E99,M73*100000+(10000-L73))
A74: 55 | B74: =IFERROR(INDEX('계좌현황'!A:A,INDEX($L$20:$L$95,MATCH(LARGE($N$20:$N$95,55),$N$20:$N$95,0))),"") | C74: =IFERROR(INDEX('계좌현황'!C:C,INDEX($L$20:$L$95,MATCH(LARGE($N$20:$N$95,55),$N$20:$N$95,0))),"") | D74: =IFERROR(INDEX('계좌현황'!D:D,INDEX($L$20:$L$95,MATCH(LARGE($N$20:$N$95,55),$N$20:$N$95,0))),"") | E74: =IFERROR(INDEX('계좌현황'!E:E,INDEX($L$20:$L$95,MATCH(LARGE($N$20:$N$95,55),$N$20:$N$95,0))),"") | F74: =IFERROR(INDEX('계좌현황'!F:F,INDEX($L$20:$L$95,MATCH(LARGE($N$20:$N$95,55),$N$20:$N$95,0))),"") | G74: =IFERROR(INDEX('계좌현황'!K:K,INDEX($L$20:$L$95,MATCH(LARGE($N$20:$N$95,55),$N$20:$N$95,0))),0) | H74: =IF($B$3=0,0,G74/$B$3) | I74: =I73+H74 | L74: 63 | M74: ='계좌현황'!K63 | N74: =IF(M74="",-1E99,M74*100000+(10000-L74))
A75: 56 | B75: =IFERROR(INDEX('계좌현황'!A:A,INDEX($L$20:$L$95,MATCH(LARGE($N$20:$N$95,56),$N$20:$N$95,0))),"") | C75: =IFERROR(INDEX('계좌현황'!C:C,INDEX($L$20:$L$95,MATCH(LARGE($N$20:$N$95,56),$N$20:$N$95,0))),"") | D75: =IFERROR(INDEX('계좌현황'!D:D,INDEX($L$20:$L$95,MATCH(LARGE($N$20:$N$95,56),$N$20:$N$95,0))),"") | E75: =IFERROR(INDEX('계좌현황'!E:E,INDEX($L$20:$L$95,MATCH(LARGE($N$20:$N$95,56),$N$20:$N$95,0))),"") | F75: =IFERROR(INDEX('계좌현황'!F:F,INDEX($L$20:$L$95,MATCH(LARGE($N$20:$N$95,56),$N$20:$N$95,0))),"") | G75: =IFERROR(INDEX('계좌현황'!K:K,INDEX($L$20:$L$95,MATCH(LARGE($N$20:$N$95,56),$N$20:$N$95,0))),0) | H75: =IF($B$3=0,0,G75/$B$3) | I75: =I74+H75 | L75: 64 | M75: ='계좌현황'!K64 | N75: =IF(M75="",-1E99,M75*100000+(10000-L75))
A76: 57 | B76: =IFERROR(INDEX('계좌현황'!A:A,INDEX($L$20:$L$95,MATCH(LARGE($N$20:$N$95,57),$N$20:$N$95,0))),"") | C76: =IFERROR(INDEX('계좌현황'!C:C,INDEX($L$20:$L$95,MATCH(LARGE($N$20:$N$95,57),$N$20:$N$95,0))),"") | D76: =IFERROR(INDEX('계좌현황'!D:D,INDEX($L$20:$L$95,MATCH(LARGE($N$20:$N$95,57),$N$20:$N$95,0))),"") | E76: =IFERROR(INDEX('계좌현황'!E:E,INDEX($L$20:$L$95,MATCH(LARGE($N$20:$N$95,57),$N$20:$N$95,0))),"") | F76: =IFERROR(INDEX('계좌현황'!F:F,INDEX($L$20:$L$95,MATCH(LARGE($N$20:$N$95,57),$N$20:$N$95,0))),"") | G76: =IFERROR(INDEX('계좌현황'!K:K,INDEX($L$20:$L$95,MATCH(LARGE($N$20:$N$95,57),$N$20:$N$95,0))),0) | H76: =IF($B$3=0,0,G76/$B$3) | I76: =I75+H76 | L76: 65 | M76: ='계좌현황'!K65 | N76: =IF(M76="",-1E99,M76*100000+(10000-L76))
A77: 58 | B77: =IFERROR(INDEX('계좌현황'!A:A,INDEX($L$20:$L$95,MATCH(LARGE($N$20:$N$95,58),$N$20:$N$95,0))),"") | C77: =IFERROR(INDEX('계좌현황'!C:C,INDEX($L$20:$L$95,MATCH(LARGE($N$20:$N$95,58),$N$20:$N$95,0))),"") | D77: =IFERROR(INDEX('계좌현황'!D:D,INDEX($L$20:$L$95,MATCH(LARGE($N$20:$N$95,58),$N$20:$N$95,0))),"") | E77: =IFERROR(INDEX('계좌현황'!E:E,INDEX($L$20:$L$95,MATCH(LARGE($N$20:$N$95,58),$N$20:$N$95,0))),"") | F77: =IFERROR(INDEX('계좌현황'!F:F,INDEX($L$20:$L$95,MATCH(LARGE($N$20:$N$95,58),$N$20:$N$95,0))),"") | G77: =IFERROR(INDEX('계좌현황'!K:K,INDEX($L$20:$L$95,MATCH(LARGE($N$20:$N$95,58),$N$20:$N$95,0))),0) | H77: =IF($B$3=0,0,G77/$B$3) | I77: =I76+H77 | L77: 66 | M77: ='계좌현황'!K66 | N77: =IF(M77="",-1E99,M77*100000+(10000-L77))
A78: 59 | B78: =IFERROR(INDEX('계좌현황'!A:A,INDEX($L$20:$L$95,MATCH(LARGE($N$20:$N$95,59),$N$20:$N$95,0))),"") | C78: =IFERROR(INDEX('계좌현황'!C:C,INDEX($L$20:$L$95,MATCH(LARGE($N$20:$N$95,59),$N$20:$N$95,0))),"") | D78: =IFERROR(INDEX('계좌현황'!D:D,INDEX($L$20:$L$95,MATCH(LARGE($N$20:$N$95,59),$N$20:$N$95,0))),"") | E78: =IFERROR(INDEX('계좌현황'!E:E,INDEX($L$20:$L$95,MATCH(LARGE($N$20:$N$95,59),$N$20:$N$95,0))),"") | F78: =IFERROR(INDEX('계좌현황'!F:F,INDEX($L$20:$L$95,MATCH(LARGE($N$20:$N$95,59),$N$20:$N$95,0))),"") | G78: =IFERROR(INDEX('계좌현황'!K:K,INDEX($L$20:$L$95,MATCH(LARGE($N$20:$N$95,59),$N$20:$N$95,0))),0) | H78: =IF($B$3=0,0,G78/$B$3) | I78: =I77+H78 | L78: 67 | M78: ='계좌현황'!K67 | N78: =IF(M78="",-1E99,M78*100000+(10000-L78))
A79: 60 | B79: =IFERROR(INDEX('계좌현황'!A:A,INDEX($L$20:$L$95,MATCH(LARGE($N$20:$N$95,60),$N$20:$N$95,0))),"") | C79: =IFERROR(INDEX('계좌현황'!C:C,INDEX($L$20:$L$95,MATCH(LARGE($N$20:$N$95,60),$N$20:$N$95,0))),"") | D79: =IFERROR(INDEX('계좌현황'!D:D,INDEX($L$20:$L$95,MATCH(LARGE($N$20:$N$95,60),$N$20:$N$95,0))),"") | E79: =IFERROR(INDEX('계좌현황'!E:E,INDEX($L$20:$L$95,MATCH(LARGE($N$20:$N$95,60),$N$20:$N$95,0))),"") | F79: =IFERROR(INDEX('계좌현황'!F:F,INDEX($L$20:$L$95,MATCH(LARGE($N$20:$N$95,60),$N$20:$N$95,0))),"") | G79: =IFERROR(INDEX('계좌현황'!K:K,INDEX($L$20:$L$95,MATCH(LARGE($N$20:$N$95,60),$N$20:$N$95,0))),0) | H79: =IF($B$3=0,0,G79/$B$3) | I79: =I78+H79 | L79: 68 | M79: ='계좌현황'!K68 | N79: =IF(M79="",-1E99,M79*100000+(10000-L79))
A80: 61 | B80: =IFERROR(INDEX('계좌현황'!A:A,INDEX($L$20:$L$95,MATCH(LARGE($N$20:$N$95,61),$N$20:$N$95,0))),"") | C80: =IFERROR(INDEX('계좌현황'!C:C,INDEX($L$20:$L$95,MATCH(LARGE($N$20:$N$95,61),$N$20:$N$95,0))),"") | D80: =IFERROR(INDEX('계좌현황'!D:D,INDEX($L$20:$L$95,MATCH(LARGE($N$20:$N$95,61),$N$20:$N$95,0))),"") | E80: =IFERROR(INDEX('계좌현황'!E:E,INDEX($L$20:$L$95,MATCH(LARGE($N$20:$N$95,61),$N$20:$N$95,0))),"") | F80: =IFERROR(INDEX('계좌현황'!F:F,INDEX($L$20:$L$95,MATCH(LARGE($N$20:$N$95,61),$N$20:$N$95,0))),"") | G80: =IFERROR(INDEX('계좌현황'!K:K,INDEX($L$20:$L$95,MATCH(LARGE($N$20:$N$95,61),$N$20:$N$95,0))),0) | H80: =IF($B$3=0,0,G80/$B$3) | I80: =I79+H80 | L80: 69 | M80: ='계좌현황'!K69 | N80: =IF(M80="",-1E99,M80*100000+(10000-L80))
A81: 62 | B81: =IFERROR(INDEX('계좌현황'!A:A,INDEX($L$20:$L$95,MATCH(LARGE($N$20:$N$95,62),$N$20:$N$95,0))),"") | C81: =IFERROR(INDEX('계좌현황'!C:C,INDEX($L$20:$L$95,MATCH(LARGE($N$20:$N$95,62),$N$20:$N$95,0))),"") | D81: =IFERROR(INDEX('계좌현황'!D:D,INDEX($L$20:$L$95,MATCH(LARGE($N$20:$N$95,62),$N$20:$N$95,0))),"") | E81: =IFERROR(INDEX('계좌현황'!E:E,INDEX($L$20:$L$95,MATCH(LARGE($N$20:$N$95,62),$N$20:$N$95,0))),"") | F81: =IFERROR(INDEX('계좌현황'!F:F,INDEX($L$20:$L$95,MATCH(LARGE($N$20:$N$95,62),$N$20:$N$95,0))),"") | G81: =IFERROR(INDEX('계좌현황'!K:K,INDEX($L$20:$L$95,MATCH(LARGE($N$20:$N$95,62),$N$20:$N$95,0))),0) | H81: =IF($B$3=0,0,G81/$B$3) | I81: =I80+H81 | L81: 70 | M81: ='계좌현황'!K70 | N81: =IF(M81="",-1E99,M81*100000+(10000-L81))
A82: 63 | B82: =IFERROR(INDEX('계좌현황'!A:A,INDEX($L$20:$L$95,MATCH(LARGE($N$20:$N$95,63),$N$20:$N$95,0))),"") | C82: =IFERROR(INDEX('계좌현황'!C:C,INDEX($L$20:$L$95,MATCH(LARGE($N$20:$N$95,63),$N$20:$N$95,0))),"") | D82: =IFERROR(INDEX('계좌현황'!D:D,INDEX($L$20:$L$95,MATCH(LARGE($N$20:$N$95,63),$N$20:$N$95,0))),"") | E82: =IFERROR(INDEX('계좌현황'!E:E,INDEX($L$20:$L$95,MATCH(LARGE($N$20:$N$95,63),$N$20:$N$95,0))),"") | F82: =IFERROR(INDEX('계좌현황'!F:F,INDEX($L$20:$L$95,MATCH(LARGE($N$20:$N$95,63),$N$20:$N$95,0))),"") | G82: =IFERROR(INDEX('계좌현황'!K:K,INDEX($L$20:$L$95,MATCH(LARGE($N$20:$N$95,63),$N$20:$N$95,0))),0) | H82: =IF($B$3=0,0,G82/$B$3) | I82: =I81+H82 | L82: 71 | M82: ='계좌현황'!K71 | N82: =IF(M82="",-1E99,M82*100000+(10000-L82))
A83: 64 | B83: =IFERROR(INDEX('계좌현황'!A:A,INDEX($L$20:$L$95,MATCH(LARGE($N$20:$N$95,64),$N$20:$N$95,0))),"") | C83: =IFERROR(INDEX('계좌현황'!C:C,INDEX($L$20:$L$95,MATCH(LARGE($N$20:$N$95,64),$N$20:$N$95,0))),"") | D83: =IFERROR(INDEX('계좌현황'!D:D,INDEX($L$20:$L$95,MATCH(LARGE($N$20:$N$95,64),$N$20:$N$95,0))),"") | E83: =IFERROR(INDEX('계좌현황'!E:E,INDEX($L$20:$L$95,MATCH(LARGE($N$20:$N$95,64),$N$20:$N$95,0))),"") | F83: =IFERROR(INDEX('계좌현황'!F:F,INDEX($L$20:$L$95,MATCH(LARGE($N$20:$N$95,64),$N$20:$N$95,0))),"") | G83: =IFERROR(INDEX('계좌현황'!K:K,INDEX($L$20:$L$95,MATCH(LARGE($N$20:$N$95,64),$N$20:$N$95,0))),0) | H83: =IF($B$3=0,0,G83/$B$3) | I83: =I82+H83 | L83: 72 | M83: ='계좌현황'!K72 | N83: =IF(M83="",-1E99,M83*100000+(10000-L83))
A84: 65 | B84: =IFERROR(INDEX('계좌현황'!A:A,INDEX($L$20:$L$95,MATCH(LARGE($N$20:$N$95,65),$N$20:$N$95,0))),"") | C84: =IFERROR(INDEX('계좌현황'!C:C,INDEX($L$20:$L$95,MATCH(LARGE($N$20:$N$95,65),$N$20:$N$95,0))),"") | D84: =IFERROR(INDEX('계좌현황'!D:D,INDEX($L$20:$L$95,MATCH(LARGE($N$20:$N$95,65),$N$20:$N$95,0))),"") | E84: =IFERROR(INDEX('계좌현황'!E:E,INDEX($L$20:$L$95,MATCH(LARGE($N$20:$N$95,65),$N$20:$N$95,0))),"") | F84: =IFERROR(INDEX('계좌현황'!F:F,INDEX($L$20:$L$95,MATCH(LARGE($N$20:$N$95,65),$N$20:$N$95,0))),"") | G84: =IFERROR(INDEX('계좌현황'!K:K,INDEX($L$20:$L$95,MATCH(LARGE($N$20:$N$95,65),$N$20:$N$95,0))),0) | H84: =IF($B$3=0,0,G84/$B$3) | I84: =I83+H84 | L84: 73 | M84: ='계좌현황'!K73 | N84: =IF(M84="",-1E99,M84*100000+(10000-L84))
A85: 66 | B85: =IFERROR(INDEX('계좌현황'!A:A,INDEX($L$20:$L$95,MATCH(LARGE($N$20:$N$95,66),$N$20:$N$95,0))),"") | C85: =IFERROR(INDEX('계좌현황'!C:C,INDEX($L$20:$L$95,MATCH(LARGE($N$20:$N$95,66),$N$20:$N$95,0))),"") | D85: =IFERROR(INDEX('계좌현황'!D:D,INDEX($L$20:$L$95,MATCH(LARGE($N$20:$N$95,66),$N$20:$N$95,0))),"") | E85: =IFERROR(INDEX('계좌현황'!E:E,INDEX($L$20:$L$95,MATCH(LARGE($N$20:$N$95,66),$N$20:$N$95,0))),"") | F85: =IFERROR(INDEX('계좌현황'!F:F,INDEX($L$20:$L$95,MATCH(LARGE($N$20:$N$95,66),$N$20:$N$95,0))),"") | G85: =IFERROR(INDEX('계좌현황'!K:K,INDEX($L$20:$L$95,MATCH(LARGE($N$20:$N$95,66),$N$20:$N$95,0))),0) | H85: =IF($B$3=0,0,G85/$B$3) | I85: =I84+H85 | L85: 74 | M85: ='계좌현황'!K74 | N85: =IF(M85="",-1E99,M85*100000+(10000-L85))
A86: 67 | B86: =IFERROR(INDEX('계좌현황'!A:A,INDEX($L$20:$L$95,MATCH(LARGE($N$20:$N$95,67),$N$20:$N$95,0))),"") | C86: =IFERROR(INDEX('계좌현황'!C:C,INDEX($L$20:$L$95,MATCH(LARGE($N$20:$N$95,67),$N$20:$N$95,0))),"") | D86: =IFERROR(INDEX('계좌현황'!D:D,INDEX($L$20:$L$95,MATCH(LARGE($N$20:$N$95,67),$N$20:$N$95,0))),"") | E86: =IFERROR(INDEX('계좌현황'!E:E,INDEX($L$20:$L$95,MATCH(LARGE($N$20:$N$95,67),$N$20:$N$95,0))),"") | F86: =IFERROR(INDEX('계좌현황'!F:F,INDEX($L$20:$L$95,MATCH(LARGE($N$20:$N$95,67),$N$20:$N$95,0))),"") | G86: =IFERROR(INDEX('계좌현황'!K:K,INDEX($L$20:$L$95,MATCH(LARGE($N$20:$N$95,67),$N$20:$N$95,0))),0) | H86: =IF($B$3=0,0,G86/$B$3) | I86: =I85+H86 | L86: 75 | M86: ='계좌현황'!K75 | N86: =IF(M86="",-1E99,M86*100000+(10000-L86))
A87: 68 | B87: =IFERROR(INDEX('계좌현황'!A:A,INDEX($L$20:$L$95,MATCH(LARGE($N$20:$N$95,68),$N$20:$N$95,0))),"") | C87: =IFERROR(INDEX('계좌현황'!C:C,INDEX($L$20:$L$95,MATCH(LARGE($N$20:$N$95,68),$N$20:$N$95,0))),"") | D87: =IFERROR(INDEX('계좌현황'!D:D,INDEX($L$20:$L$95,MATCH(LARGE($N$20:$N$95,68),$N$20:$N$95,0))),"") | E87: =IFERROR(INDEX('계좌현황'!E:E,INDEX($L$20:$L$95,MATCH(LARGE($N$20:$N$95,68),$N$20:$N$95,0))),"") | F87: =IFERROR(INDEX('계좌현황'!F:F,INDEX($L$20:$L$95,MATCH(LARGE($N$20:$N$95,68),$N$20:$N$95,0))),"") | G87: =IFERROR(INDEX('계좌현황'!K:K,INDEX($L$20:$L$95,MATCH(LARGE($N$20:$N$95,68),$N$20:$N$95,0))),0) | H87: =IF($B$3=0,0,G87/$B$3) | I87: =I86+H87 | L87: 76 | M87: ='계좌현황'!K76 | N87: =IF(M87="",-1E99,M87*100000+(10000-L87))
A88: 69 | B88: =IFERROR(INDEX('계좌현황'!A:A,INDEX($L$20:$L$95,MATCH(LARGE($N$20:$N$95,69),$N$20:$N$95,0))),"") | C88: =IFERROR(INDEX('계좌현황'!C:C,INDEX($L$20:$L$95,MATCH(LARGE($N$20:$N$95,69),$N$20:$N$95,0))),"") | D88: =IFERROR(INDEX('계좌현황'!D:D,INDEX($L$20:$L$95,MATCH(LARGE($N$20:$N$95,69),$N$20:$N$95,0))),"") | E88: =IFERROR(INDEX('계좌현황'!E:E,INDEX($L$20:$L$95,MATCH(LARGE($N$20:$N$95,69),$N$20:$N$95,0))),"") | F88: =IFERROR(INDEX('계좌현황'!F:F,INDEX($L$20:$L$95,MATCH(LARGE($N$20:$N$95,69),$N$20:$N$95,0))),"") | G88: =IFERROR(INDEX('계좌현황'!K:K,INDEX($L$20:$L$95,MATCH(LARGE($N$20:$N$95,69),$N$20:$N$95,0))),0) | H88: =IF($B$3=0,0,G88/$B$3) | I88: =I87+H88 | L88: 77 | M88: ='계좌현황'!K77 | N88: =IF(M88="",-1E99,M88*100000+(10000-L88))
A89: 70 | B89: =IFERROR(INDEX('계좌현황'!A:A,INDEX($L$20:$L$95,MATCH(LARGE($N$20:$N$95,70),$N$20:$N$95,0))),"") | C89: =IFERROR(INDEX('계좌현황'!C:C,INDEX($L$20:$L$95,MATCH(LARGE($N$20:$N$95,70),$N$20:$N$95,0))),"") | D89: =IFERROR(INDEX('계좌현황'!D:D,INDEX($L$20:$L$95,MATCH(LARGE($N$20:$N$95,70),$N$20:$N$95,0))),"") | E89: =IFERROR(INDEX('계좌현황'!E:E,INDEX($L$20:$L$95,MATCH(LARGE($N$20:$N$95,70),$N$20:$N$95,0))),"") | F89: =IFERROR(INDEX('계좌현황'!F:F,INDEX($L$20:$L$95,MATCH(LARGE($N$20:$N$95,70),$N$20:$N$95,0))),"") | G89: =IFERROR(INDEX('계좌현황'!K:K,INDEX($L$20:$L$95,MATCH(LARGE($N$20:$N$95,70),$N$20:$N$95,0))),0) | H89: =IF($B$3=0,0,G89/$B$3) | I89: =I88+H89 | L89: 78 | M89: ='계좌현황'!K78 | N89: =IF(M89="",-1E99,M89*100000+(10000-L89))
A90: 71 | B90: =IFERROR(INDEX('계좌현황'!A:A,INDEX($L$20:$L$95,MATCH(LARGE($N$20:$N$95,71),$N$20:$N$95,0))),"") | C90: =IFERROR(INDEX('계좌현황'!C:C,INDEX($L$20:$L$95,MATCH(LARGE($N$20:$N$95,71),$N$20:$N$95,0))),"") | D90: =IFERROR(INDEX('계좌현황'!D:D,INDEX($L$20:$L$95,MATCH(LARGE($N$20:$N$95,71),$N$20:$N$95,0))),"") | E90: =IFERROR(INDEX('계좌현황'!E:E,INDEX($L$20:$L$95,MATCH(LARGE($N$20:$N$95,71),$N$20:$N$95,0))),"") | F90: =IFERROR(INDEX('계좌현황'!F:F,INDEX($L$20:$L$95,MATCH(LARGE($N$20:$N$95,71),$N$20:$N$95,0))),"") | G90: =IFERROR(INDEX('계좌현황'!K:K,INDEX($L$20:$L$95,MATCH(LARGE($N$20:$N$95,71),$N$20:$N$95,0))),0) | H90: =IF($B$3=0,0,G90/$B$3) | I90: =I89+H90 | L90: 79 | M90: ='계좌현황'!K79 | N90: =IF(M90="",-1E99,M90*100000+(10000-L90))
A91: 72 | B91: =IFERROR(INDEX('계좌현황'!A:A,INDEX($L$20:$L$95,MATCH(LARGE($N$20:$N$95,72),$N$20:$N$95,0))),"") | C91: =IFERROR(INDEX('계좌현황'!C:C,INDEX($L$20:$L$95,MATCH(LARGE($N$20:$N$95,72),$N$20:$N$95,0))),"") | D91: =IFERROR(INDEX('계좌현황'!D:D,INDEX($L$20:$L$95,MATCH(LARGE($N$20:$N$95,72),$N$20:$N$95,0))),"") | E91: =IFERROR(INDEX('계좌현황'!E:E,INDEX($L$20:$L$95,MATCH(LARGE($N$20:$N$95,72),$N$20:$N$95,0))),"") | F91: =IFERROR(INDEX('계좌현황'!F:F,INDEX($L$20:$L$95,MATCH(LARGE($N$20:$N$95,72),$N$20:$N$95,0))),"") | G91: =IFERROR(INDEX('계좌현황'!K:K,INDEX($L$20:$L$95,MATCH(LARGE($N$20:$N$95,72),$N$20:$N$95,0))),0) | H91: =IF($B$3=0,0,G91/$B$3) | I91: =I90+H91 | L91: 80 | M91: ='계좌현황'!K80 | N91: =IF(M91="",-1E99,M91*100000+(10000-L91))
A92: 73 | B92: =IFERROR(INDEX('계좌현황'!A:A,INDEX($L$20:$L$95,MATCH(LARGE($N$20:$N$95,73),$N$20:$N$95,0))),"") | C92: =IFERROR(INDEX('계좌현황'!C:C,INDEX($L$20:$L$95,MATCH(LARGE($N$20:$N$95,73),$N$20:$N$95,0))),"") | D92: =IFERROR(INDEX('계좌현황'!D:D,INDEX($L$20:$L$95,MATCH(LARGE($N$20:$N$95,73),$N$20:$N$95,0))),"") | E92: =IFERROR(INDEX('계좌현황'!E:E,INDEX($L$20:$L$95,MATCH(LARGE($N$20:$N$95,73),$N$20:$N$95,0))),"") | F92: =IFERROR(INDEX('계좌현황'!F:F,INDEX($L$20:$L$95,MATCH(LARGE($N$20:$N$95,73),$N$20:$N$95,0))),"") | G92: =IFERROR(INDEX('계좌현황'!K:K,INDEX($L$20:$L$95,MATCH(LARGE($N$20:$N$95,73),$N$20:$N$95,0))),0) | H92: =IF($B$3=0,0,G92/$B$3) | I92: =I91+H92 | L92: 81 | M92: ='계좌현황'!K81 | N92: =IF(M92="",-1E99,M92*100000+(10000-L92))
A93: 74 | B93: =IFERROR(INDEX('계좌현황'!A:A,INDEX($L$20:$L$95,MATCH(LARGE($N$20:$N$95,74),$N$20:$N$95,0))),"") | C93: =IFERROR(INDEX('계좌현황'!C:C,INDEX($L$20:$L$95,MATCH(LARGE($N$20:$N$95,74),$N$20:$N$95,0))),"") | D93: =IFERROR(INDEX('계좌현황'!D:D,INDEX($L$20:$L$95,MATCH(LARGE($N$20:$N$95,74),$N$20:$N$95,0))),"") | E93: =IFERROR(INDEX('계좌현황'!E:E,INDEX($L$20:$L$95,MATCH(LARGE($N$20:$N$95,74),$N$20:$N$95,0))),"") | F93: =IFERROR(INDEX('계좌현황'!F:F,INDEX($L$20:$L$95,MATCH(LARGE($N$20:$N$95,74),$N$20:$N$95,0))),"") | G93: =IFERROR(INDEX('계좌현황'!K:K,INDEX($L$20:$L$95,MATCH(LARGE($N$20:$N$95,74),$N$20:$N$95,0))),0) | H93: =IF($B$3=0,0,G93/$B$3) | I93: =I92+H93 | L93: 82 | M93: ='계좌현황'!K82 | N93: =IF(M93="",-1E99,M93*100000+(10000-L93))
A94: 75 | B94: =IFERROR(INDEX('계좌현황'!A:A,INDEX($L$20:$L$95,MATCH(LARGE($N$20:$N$95,75),$N$20:$N$95,0))),"") | C94: =IFERROR(INDEX('계좌현황'!C:C,INDEX($L$20:$L$95,MATCH(LARGE($N$20:$N$95,75),$N$20:$N$95,0))),"") | D94: =IFERROR(INDEX('계좌현황'!D:D,INDEX($L$20:$L$95,MATCH(LARGE($N$20:$N$95,75),$N$20:$N$95,0))),"") | E94: =IFERROR(INDEX('계좌현황'!E:E,INDEX($L$20:$L$95,MATCH(LARGE($N$20:$N$95,75),$N$20:$N$95,0))),"") | F94: =IFERROR(INDEX('계좌현황'!F:F,INDEX($L$20:$L$95,MATCH(LARGE($N$20:$N$95,75),$N$20:$N$95,0))),"") | G94: =IFERROR(INDEX('계좌현황'!K:K,INDEX($L$20:$L$95,MATCH(LARGE($N$20:$N$95,75),$N$20:$N$95,0))),0) | H94: =IF($B$3=0,0,G94/$B$3) | I94: =I93+H94 | L94: 83 | M94: ='계좌현황'!K83 | N94: =IF(M94="",-1E99,M94*100000+(10000-L94))
A95: 76 | B95: =IFERROR(INDEX('계좌현황'!A:A,INDEX($L$20:$L$95,MATCH(LARGE($N$20:$N$95,76),$N$20:$N$95,0))),"") | C95: =IFERROR(INDEX('계좌현황'!C:C,INDEX($L$20:$L$95,MATCH(LARGE($N$20:$N$95,76),$N$20:$N$95,0))),"") | D95: =IFERROR(INDEX('계좌현황'!D:D,INDEX($L$20:$L$95,MATCH(LARGE($N$20:$N$95,76),$N$20:$N$95,0))),"") | E95: =IFERROR(INDEX('계좌현황'!E:E,INDEX($L$20:$L$95,MATCH(LARGE($N$20:$N$95,76),$N$20:$N$95,0))),"") | F95: =IFERROR(INDEX('계좌현황'!F:F,INDEX($L$20:$L$95,MATCH(LARGE($N$20:$N$95,76),$N$20:$N$95,0))),"") | G95: =IFERROR(INDEX('계좌현황'!K:K,INDEX($L$20:$L$95,MATCH(LARGE($N$20:$N$95,76),$N$20:$N$95,0))),0) | H95: =IF($B$3=0,0,G95/$B$3) | I95: =I94+H95 | L95: 84 | M95: ='계좌현황'!K84 | N95: =IF(M95="",-1E99,M95*100000+(10000-L95))
E96: 합계 | G96: =SUM(G20:G95) | H96: =SUM(H20:H95)
A99: ③ 비중 차트 (전체 100%)

Sheet IMPORTXML함수
C24: https://finance.naver.com/item/sise.naver?code=
C25: //html/body/div[3]/div[2]/div[2]/div[1]/div[3]/div[1]/table/tbody/tr[1]/td[1]/strong

Sheet 올해수익률 계산시트
Q2: KOSPI | R2: INDEXSP:.INX | S2: INDEXNASDAQ:.IXIC | U2: GCW00 | V2: BTCusd | W2: USDKRW
G3: 날짜 | H3: 계좌총액 | I3: 코스피 | J3: S&P500 | K3: 나스닥 | L3: 골드(1온스) | M3: 비트코인(달러) | Q3: 코스피 | R3: S&P500 | S3: 나스닥 | U3: 골드(1온스) | V3: 비트코인-달러 | W3: 달러환율 | X3: S&P500 (달러환율) | Y3: 나스닥 (달러환율) | Z3: 골드 (달러환율) | AA3: 비트코인 (달러환율) | AC3: 달러환율 | AD3: S&P500 (달러환율) | AE3: 나스닥 (달러환율) | AF3: 골드 (달러환율) | AG3: 비트코인 (달러환율)
B4: =VALUE(MID(G4,1,2)) | C4: =VALUE(MID(G4,4,2)) | D4: =IF(F4="12월",(E4+1)&VLOOKUP(F4,인덱스!$C:$D,2,0),E4&VLOOKUP(F4,인덱스!$C:$D,2,0)) | E4: ="20"&MID(G4,1,2) | F4: =VLOOKUP(RIGHT(G4,2),인덱스!B:D,2,0) | G4: 17.12 | H4: 0 | I4: 100 | J4: 100 | K4: 100 | L4: 100 | M4: 100 | Q4: =IFERROR(__xludf.DUMMYFUNCTION("iferror(index('지수RAW'!$V$7:$V$12040,MATCH($D4,'지수RAW'!$R$7:$R$12040,0)-1,1),GOOGLEFINANCE(Q$2))"),2467.49) | R4: =IFERROR(__xludf.DUMMYFUNCTION("iferror(index('지수RAW'!$F$7:$F$12040,MATCH($D4,'지수RAW'!$B$7:$B$12040,0)-1,1),GOOGLEFINANCE(R$2))"),2673.61) | S4: =IFERROR(__xludf.DUMMYFUNCTION("iferror(index('지수RAW'!$N$7:$N$12040,MATCH($D4,'지수RAW'!$J$7:$J$12040,0)-1,1),GOOGLEFINANCE(S$2))"),6903.39) | U4: {=IFERROR(INDEX(지수RAW!$AT$7:$AT$12040,MATCH($D4,지수RAW!$AP$7:$AP$12040,0)-1,1),지수RAW!$AU$4)} | V4: =IFERROR(__xludf.DUMMYFUNCTION("iferror(index('지수RAW'!$AL$7:$AL$12040,MATCH($D4,'지수RAW'!$AH$7:$AH$12040,0)-1,1),GOOGLEFINANCE(V$2))"),13880.99) | W4: =IFERROR(__xludf.DUMMYFUNCTION("iferror(index('지수RAW'!$AD$7:$AD$12040,MATCH($D4,'지수RAW'!$Z$7:$Z$12040,0)-1,1),GOOGLEFINANCE(W$2))"),1066.07) | X4: =$W4*R4 | Y4: =$W4*S4 | Z4: =$W4*U4 | AA4: =$W4*V4 | AC4: 100 | AD4: 100 | AE4: 100 | AF4: 100 | AG4: 100
B5: =IF(C4=12,B4+1,B4) | C5: =IF(C4=12,1,C4+1) | D5: =IF(F5="12월",(E5+1)&VLOOKUP(F5,인덱스!$C:$D,2,0),E5&VLOOKUP(F5,인덱스!$C:$D,2,0)) | E5: ="20"&B5 | F5: =C5&"월" | G5: =B5&"."&VLOOKUP(F5,인덱스!$A:$B,2,0) | H5: =IFERROR(VLOOKUP(G5,#REF!,2,0),) | I5: =IF(Q5="","",I4*(Q5/Q4)) | J5: =IF(R5="","",J4*(R5/R4)) | K5: =IF(S5="","",K4*(S5/S4)) | L5: =IF(U5="","",L4*(U5/U4)) | M5: =IF(V5="","",M4*(V5/V4)) | Q5: =IFERROR(__xludf.DUMMYFUNCTION("iferror(index('지수RAW'!$V$7:$V$12040,MATCH($D5,'지수RAW'!$R$7:$R$12040,0)-1,1),GOOGLEFINANCE(Q$2))"),2566.46) | R5: =IFERROR(__xludf.DUMMYFUNCTION("iferror(index('지수RAW'!$F$7:$F$12040,MATCH($D5,'지수RAW'!$B$7:$B$12040,0)-1,1),GOOGLEFINANCE(R$2))"),2823.81) | S5: =IFERROR(__xludf.DUMMYFUNCTION("iferror(index('지수RAW'!$N$7:$N$12040,MATCH($D5,'지수RAW'!$J$7:$J$12040,0)-1,1),GOOGLEFINANCE(S$2))"),7411.48) | U5: {=IFERROR(INDEX(지수RAW!$AT$7:$AT$12040,MATCH($D5,지수RAW!$AP$7:$AP$12040,0)-1,1),지수RAW!$AU$4)} | V5: =IFERROR(__xludf.DUMMYFUNCTION("iferror(index('지수RAW'!$AL$7:$AL$12040,MATCH($D5,'지수RAW'!$AH$7:$AH$12040,0)-1,1),GOOGLEFINANCE(V$2))"),10022.51) | W5: =IFERROR(__xludf.DUMMYFUNCTION("iferror(index('지수RAW'!$AD$7:$AD$12040,MATCH($D5,'지수RAW'!$Z$7:$Z$12040,0)-1,1),GOOGLEFINANCE(W$2))"),1069.02) | X5: =$W5*R5 | Y5: =$W5*S5 | Z5: =$W5*U5 | AA5: =$W5*V5 | AC5: =IF(Q5="","",AC4*(W5/W4)) | AD5: =IF(R5="","",AD4*(X5/X4)) | AE5: =IF(S5="","",AE4*(Y5/Y4)) | AF5: =IF(U5="","",AF4*(Z5/Z4)) | AG5: =IF(V5="","",AG4*(AA5/AA4))
B6: =IF(C5=12,B5+1,B5) | C6: =IF(C5=12,1,C5+1) | D6: =IF(F6="12월",(E6+1)&VLOOKUP(F6,인덱스!$C:$D,2,0),E6&VLOOKUP(F6,인덱스!$C:$D,2,0)) | E6: ="20"&B6 | F6: =C6&"월" | G6: =B6&"."&VLOOKUP(F6,인덱스!$A:$B,2,0) | H6: =IFERROR(VLOOKUP(G6,#REF!,2,0),) | I6: =IF(Q6="","",I5*(Q6/Q5)) | J6: =IF(R6="","",J5*(R6/R5)) | K6: =IF(S6="","",K5*(S6/S5)) | L6: =IF(U6="","",L5*(U6/U5)) | M6: =IF(V6="","",M5*(V6/V5)) | Q6: =IFERROR(__xludf.DUMMYFUNCTION("iferror(index('지수RAW'!$V$7:$V$12040,MATCH($D6,'지수RAW'!$R$7:$R$12040,0)-1,1),GOOGLEFINANCE(Q$2))"),2427.36) | R6: =IFERROR(__xludf.DUMMYFUNCTION("iferror(index('지수RAW'!$F$7:$F$12040,MATCH($D6,'지수RAW'!$B$7:$B$12040,0)-1,1),GOOGLEFINANCE(R$2))"),2713.83) | S6: =IFERROR(__xludf.DUMMYFUNCTION("iferror(index('지수RAW'!$N$7:$N$12040,MATCH($D6,'지수RAW'!$J$7:$J$12040,0)-1,1),GOOGLEFINANCE(S$2))"),7273.01) | U6: {=IFERROR(INDEX(지수RAW!$AT$7:$AT$12040,MATCH($D6,지수RAW!$AP$7:$AP$12040,0)-1,1),지수RAW!$AU$4)} | V6: =IFERROR(__xludf.DUMMYFUNCTION("iferror(index('지수RAW'!$AL$7:$AL$12040,MATCH($D6,'지수RAW'!$AH$7:$AH$12040,0)-1,1),GOOGLEFINANCE(V$2))"),10542.55) | W6: =IFERROR(__xludf.DUMMYFUNCTION("iferror(index('지수RAW'!$AD$7:$AD$12040,MATCH($D6,'지수RAW'!$Z$7:$Z$12040,0)-1,1),GOOGLEFINANCE(W$2))"),1085.35) | X6: =$W6*R6 | Y6: =$W6*S6 | Z6: =$W6*U6 | AA6: =$W6*V6 | AC6: =IF(Q6="","",AC5*(W6/W5)) | AD6: =IF(R6="","",AD5*(X6/X5)) | AE6: =IF(S6="","",AE5*(Y6/Y5)) | AF6: =IF(U6="","",AF5*(Z6/Z5)) | AG6: =IF(V6="","",AG5*(AA6/AA5))
B7: =IF(C6=12,B6+1,B6) | C7: =IF(C6=12,1,C6+1) | D7: =IF(F7="12월",(E7+1)&VLOOKUP(F7,인덱스!$C:$D,2,0),E7&VLOOKUP(F7,인덱스!$C:$D,2,0)) | E7: ="20"&B7 | F7: =C7&"월" | G7: =B7&"."&VLOOKUP(F7,인덱스!$A:$B,2,0) | H7: =IFERROR(VLOOKUP(G7,#REF!,2,0),) | I7: =IF(Q7="","",I6*(Q7/Q6)) | J7: =IF(R7="","",J6*(R7/R6)) | K7: =IF(S7="","",K6*(S7/S6)) | L7: =IF(U7="","",L6*(U7/U6)) | M7: =IF(V7="","",M6*(V7/V6)) | Q7: =IFERROR(__xludf.DUMMYFUNCTION("iferror(index('지수RAW'!$V$7:$V$12040,MATCH($D7,'지수RAW'!$R$7:$R$12040,0)-1,1),GOOGLEFINANCE(Q$2))"),2445.85) | R7: =IFERROR(__xludf.DUMMYFUNCTION("iferror(index('지수RAW'!$F$7:$F$12040,MATCH($D7,'지수RAW'!$B$7:$B$12040,0)-1,1),GOOGLEFINANCE(R$2))"),2640.87) | S7: =IFERROR(__xludf.DUMMYFUNCTION("iferror(index('지수RAW'!$N$7:$N$12040,MATCH($D7,'지수RAW'!$J$7:$J$12040,0)-1,1),GOOGLEFINANCE(S$2))"),7063.45) | U7: {=IFERROR(INDEX(지수RAW!$AT$7:$AT$12040,MATCH($D7,지수RAW!$AP$7:$AP$12040,0)-1,1),지수RAW!$AU$4)} | V7: =IFERROR(__xludf.DUMMYFUNCTION("iferror(index('지수RAW'!$AL$7:$AL$12040,MATCH($D7,'지수RAW'!$AH$7:$AH$12040,0)-1,1),GOOGLEFINANCE(V$2))"),6927.08) | W7: =IFERROR(__xludf.DUMMYFUNCTION("iferror(index('지수RAW'!$AD$7:$AD$12040,MATCH($D7,'지수RAW'!$Z$7:$Z$12040,0)-1,1),GOOGLEFINANCE(W$2))"),1059.55) | X7: =$W7*R7 | Y7: =$W7*S7 | Z7: =$W7*U7 | AA7: =$W7*V7 | AC7: =IF(Q7="","",AC6*(W7/W6)) | AD7: =IF(R7="","",AD6*(X7/X6)) | AE7: =IF(S7="","",AE6*(Y7/Y6)) | AF7: =IF(U7="","",AF6*(Z7/Z6)) | AG7: =IF(V7="","",AG6*(AA7/AA6))
B8: =IF(C7=12,B7+1,B7) | C8: =IF(C7=12,1,C7+1) | D8: =IF(F8="12월",(E8+1)&VLOOKUP(F8,인덱스!$C:$D,2,0),E8&VLOOKUP(F8,인덱스!$C:$D,2,0)) | E8: ="20"&B8 | F8: =C8&"월" | G8: =B8&"."&VLOOKUP(F8,인덱스!$A:$B,2,0) | H8: =IFERROR(VLOOKUP(G8,#REF!,2,0),) | I8: =IF(Q8="","",I7*(Q8/Q7)) | J8: =IF(R8="","",J7*(R8/R7)) | K8: =IF(S8="","",K7*(S8/S7)) | L8: =IF(U8="","",L7*(U8/U7)) | M8: =IF(V8="","",M7*(V8/V7)) | Q8: =IFERROR(__xludf.DUMMYFUNCTION("iferror(index('지수RAW'!$V$7:$V$12040,MATCH($D8,'지수RAW'!$R$7:$R$12040,0)-1,1),GOOGLEFINANCE(Q$2))"),2515.38) | R8: =IFERROR(__xludf.DUMMYFUNCTION("iferror(index('지수RAW'!$F$7:$F$12040,MATCH($D8,'지수RAW'!$B$7:$B$12040,0)-1,1),GOOGLEFINANCE(R$2))"),2648.05) | S8: =IFERROR(__xludf.DUMMYFUNCTION("iferror(index('지수RAW'!$N$7:$N$12040,MATCH($D8,'지수RAW'!$J$7:$J$12040,0)-1,1),GOOGLEFINANCE(S$2))"),7066.27) | U8: {=IFERROR(INDEX(지수RAW!$AT$7:$AT$12040,MATCH($D8,지수RAW!$AP$7:$AP$12040,0)-1,1),지수RAW!$AU$4)} | V8: =IFERROR(__xludf.DUMMYFUNCTION("iferror(index('지수RAW'!$AL$7:$AL$12040,MATCH($D8,'지수RAW'!$AH$7:$AH$12040,0)-1,1),GOOGLEFINANCE(V$2))"),9231.28) | W8: =IFERROR(__xludf.DUMMYFUNCTION("iferror(index('지수RAW'!$AD$7:$AD$12040,MATCH($D8,'지수RAW'!$Z$7:$Z$12040,0)-1,1),GOOGLEFINANCE(W$2))"),1069.45) | X8: =$W8*R8 | Y8: =$W8*S8 | Z8: =$W8*U8 | AA8: =$W8*V8 | AC8: =IF(Q8="","",AC7*(W8/W7)) | AD8: =IF(R8="","",AD7*(X8/X7)) | AE8: =IF(S8="","",AE7*(Y8/Y7)) | AF8: =IF(U8="","",AF7*(Z8/Z7)) | AG8: =IF(V8="","",AG7*(AA8/AA7))
B9: =IF(C8=12,B8+1,B8) | C9: =IF(C8=12,1,C8+1) | D9: =IF(F9="12월",(E9+1)&VLOOKUP(F9,인덱스!$C:$D,2,0),E9&VLOOKUP(F9,인덱스!$C:$D,2,0)) | E9: ="20"&B9 | F9: =C9&"월" | G9: =B9&"."&VLOOKUP(F9,인덱스!$A:$B,2,0) | H9: =IFERROR(VLOOKUP(G9,#REF!,2,0),) | I9: =IF(Q9="","",I8*(Q9/Q8)) | J9: =IF(R9="","",J8*(R9/R8)) | K9: =IF(S9="","",K8*(S9/S8)) | L9: =IF(U9="","",L8*(U9/U8)) | M9: =IF(V9="","",M8*(V9/V8)) | Q9: =IFERROR(__xludf.DUMMYFUNCTION("iferror(index('지수RAW'!$V$7:$V$12040,MATCH($D9,'지수RAW'!$R$7:$R$12040,0)-1,1),GOOGLEFINANCE(Q$2))"),2423.01) | R9: =IFERROR(__xludf.DUMMYFUNCTION("iferror(index('지수RAW'!$F$7:$F$12040,MATCH($D9,'지수RAW'!$B$7:$B$12040,0)-1,1),GOOGLEFINANCE(R$2))"),2705.27) | S9: =IFERROR(__xludf.DUMMYFUNCTION("iferror(index('지수RAW'!$N$7:$N$12040,MATCH($D9,'지수RAW'!$J$7:$J$12040,0)-1,1),GOOGLEFINANCE(S$2))"),7442.12) | U9: {=IFERROR(INDEX(지수RAW!$AT$7:$AT$12040,MATCH($D9,지수RAW!$AP$7:$AP$12040,0)-1,1),지수RAW!$AU$4)} | V9: =IFERROR(__xludf.DUMMYFUNCTION("iferror(index('지수RAW'!$AL$7:$AL$12040,MATCH($D9,'지수RAW'!$AH$7:$AH$12040,0)-1,1),GOOGLEFINANCE(V$2))"),7318.37) | W9: =IFERROR(__xludf.DUMMYFUNCTION("iferror(index('지수RAW'!$AD$7:$AD$12040,MATCH($D9,'지수RAW'!$Z$7:$Z$12040,0)-1,1),GOOGLEFINANCE(W$2))"),1079.95) | X9: =$W9*R9 | Y9: =$W9*S9 | Z9: =$W9*U9 | AA9: =$W9*V9 | AC9: =IF(Q9="","",AC8*(W9/W8)) | AD9: =IF(R9="","",AD8*(X9/X8)) | AE9: =IF(S9="","",AE8*(Y9/Y8)) | AF9: =IF(U9="","",AF8*(Z9/Z8)) | AG9: =IF(V9="","",AG8*(AA9/AA8))
B10: =IF(C9=12,B9+1,B9) | C10: =IF(C9=12,1,C9+1) | D10: =IF(F10="12월",(E10+1)&VLOOKUP(F10,인덱스!$C:$D,2,0),E10&VLOOKUP(F10,인덱스!$C:$D,2,0)) | E10: ="20"&B10 | F10: =C10&"월" | G10: =B10&"."&VLOOKUP(F10,인덱스!$A:$B,2,0) | H10: =IFERROR(VLOOKUP(G10,#REF!,2,0),) | I10: =IF(Q10="","",I9*(Q10/Q9)) | J10: =IF(R10="","",J9*(R10/R9)) | K10: =IF(S10="","",K9*(S10/S9)) | L10: =IF(U10="","",L9*(U10/U9)) | M10: =IF(V10="","",M9*(V10/V9)) | Q10: =IFERROR(__xludf.DUMMYFUNCTION("iferror(index('지수RAW'!$V$7:$V$12040,MATCH($D10,'지수RAW'!$R$7:$R$12040,0)-1,1),GOOGLEFINANCE(Q$2))"),2326.13) | R10: =IFERROR(__xludf.DUMMYFUNCTION("iferror(index('지수RAW'!$F$7:$F$12040,MATCH($D10,'지수RAW'!$B$7:$B$12040,0)-1,1),GOOGLEFINANCE(R$2))"),2718.37) | S10: =IFERROR(__xludf.DUMMYFUNCTION("iferror(index('지수RAW'!$N$7:$N$12040,MATCH($D10,'지수RAW'!$J$7:$J$12040,0)-1,1),GOOGLEFINANCE(S$2))"),7510.3) | U10: {=IFERROR(INDEX(지수RAW!$AT$7:$AT$12040,MATCH($D10,지수RAW!$AP$7:$AP$12040,0)-1,1),지수RAW!$AU$4)} | V10: =IFERROR(__xludf.DUMMYFUNCTION("iferror(index('지수RAW'!$AL$7:$AL$12040,MATCH($D10,'지수RAW'!$AH$7:$AH$12040,0)-1,1),GOOGLEFINANCE(V$2))"),6387.27) | W10: =IFERROR(__xludf.DUMMYFUNCTION("iferror(index('지수RAW'!$AD$7:$AD$12040,MATCH($D10,'지수RAW'!$Z$7:$Z$12040,0)-1,1),GOOGLEFINANCE(W$2))"),1113.92) | X10: =$W10*R10 | Y10: =$W10*S10 | Z10: =$W10*U10 | AA10: =$W10*V10 | AC10: =IF(Q10="","",AC9*(W10/W9)) | AD10: =IF(R10="","",AD9*(X10/X9)) | AE10: =IF(S10="","",AE9*(Y10/Y9)) | AF10: =IF(U10="","",AF9*(Z10/Z9)) | AG10: =IF(V10="","",AG9*(AA10/AA9))
B11: =IF(C10=12,B10+1,B10) | C11: =IF(C10=12,1,C10+1) | D11: =IF(F11="12월",(E11+1)&VLOOKUP(F11,인덱스!$C:$D,2,0),E11&VLOOKUP(F11,인덱스!$C:$D,2,0)) | E11: ="20"&B11 | F11: =C11&"월" | G11: =B11&"."&VLOOKUP(F11,인덱스!$A:$B,2,0) | H11: =IFERROR(VLOOKUP(G11,#REF!,2,0),) | I11: =IF(Q11="","",I10*(Q11/Q10)) | J11: =IF(R11="","",J10*(R11/R10)) | K11: =IF(S11="","",K10*(S11/S10)) | L11: =IF(U11="","",L10*(U11/U10)) | M11: =IF(V11="","",M10*(V11/V10)) | Q11: =IFERROR(__xludf.DUMMYFUNCTION("iferror(index('지수RAW'!$V$7:$V$12040,MATCH($D11,'지수RAW'!$R$7:$R$12040,0)-1,1),GOOGLEFINANCE(Q$2))"),2295.26) | R11: =IFERROR(__xludf.DUMMYFUNCTION("iferror(index('지수RAW'!$F$7:$F$12040,MATCH($D11,'지수RAW'!$B$7:$B$12040,0)-1,1),GOOGLEFINANCE(R$2))"),2816.29) | S11: =IFERROR(__xludf.DUMMYFUNCTION("iferror(index('지수RAW'!$N$7:$N$12040,MATCH($D11,'지수RAW'!$J$7:$J$12040,0)-1,1),GOOGLEFINANCE(S$2))"),7671.79) | U11: {=IFERROR(INDEX(지수RAW!$AT$7:$AT$12040,MATCH($D11,지수RAW!$AP$7:$AP$12040,0)-1,1),지수RAW!$AU$4)} | V11: =IFERROR(__xludf.DUMMYFUNCTION("iferror(index('지수RAW'!$AL$7:$AL$12040,MATCH($D11,'지수RAW'!$AH$7:$AH$12040,0)-1,1),GOOGLEFINANCE(V$2))"),7736.32) | W11: =IFERROR(__xludf.DUMMYFUNCTION("iferror(index('지수RAW'!$AD$7:$AD$12040,MATCH($D11,'지수RAW'!$Z$7:$Z$12040,0)-1,1),GOOGLEFINANCE(W$2))"),1112.2) | X11: =$W11*R11 | Y11: =$W11*S11 | Z11: =$W11*U11 | AA11: =$W11*V11 | AC11: =IF(Q11="","",AC10*(W11/W10)) | AD11: =IF(R11="","",AD10*(X11/X10)) | AE11: =IF(S11="","",AE10*(Y11/Y10)) | AF11: =IF(U11="","",AF10*(Z11/Z10)) | AG11: =IF(V11="","",AG10*(AA11/AA10))
B12: =IF(C11=12,B11+1,B11) | C12: =IF(C11=12,1,C11+1) | D12: =IF(F12="12월",(E12+1)&VLOOKUP(F12,인덱스!$C:$D,2,0),E12&VLOOKUP(F12,인덱스!$C:$D,2,0)) | E12: ="20"&B12 | F12: =C12&"월" | G12: =B12&"."&VLOOKUP(F12,인덱스!$A:$B,2,0) | H12: =IFERROR(VLOOKUP(G12,#REF!,2,0),) | I12: =IF(Q12="","",I11*(Q12/Q11)) | J12: =IF(R12="","",J11*(R12/R11)) | K12: =IF(S12="","",K11*(S12/S11)) | L12: =IF(U12="","",L11*(U12/U11)) | M12: =IF(V12="","",M11*(V12/V11)) | Q12: =IFERROR(__xludf.DUMMYFUNCTION("iferror(index('지수RAW'!$V$7:$V$12040,MATCH($D12,'지수RAW'!$R$7:$R$12040,0)-1,1),GOOGLEFINANCE(Q$2))"),2322.88) | R12: =IFERROR(__xludf.DUMMYFUNCTION("iferror(index('지수RAW'!$F$7:$F$12040,MATCH($D12,'지수RAW'!$B$7:$B$12040,0)-1,1),GOOGLEFINANCE(R$2))"),2901.52) | S12: =IFERROR(__xludf.DUMMYFUNCTION("iferror(index('지수RAW'!$N$7:$N$12040,MATCH($D12,'지수RAW'!$J$7:$J$12040,0)-1,1),GOOGLEFINANCE(S$2))"),8109.54) | U12: {=IFERROR(INDEX(지수RAW!$AT$7:$AT$12040,MATCH($D12,지수RAW!$AP$7:$AP$12040,0)-1,1),지수RAW!$AU$4)} | V12: =IFERROR(__xludf.DUMMYFUNCTION("iferror(index('지수RAW'!$AL$7:$AL$12040,MATCH($D12,'지수RAW'!$AH$7:$AH$12040,0)-1,1),GOOGLEFINANCE(V$2))"),7012.26) | W12: =IFERROR(__xludf.DUMMYFUNCTION("iferror(index('지수RAW'!$AD$7:$AD$12040,MATCH($D12,'지수RAW'!$Z$7:$Z$12040,0)-1,1),GOOGLEFINANCE(W$2))"),1114.64) | X12: =$W12*R12 | Y12: =$W12*S12 | Z12: =$W12*U12 | AA12: =$W12*V12 | AC12: =IF(Q12="","",AC11*(W12/W11)) | AD12: =IF(R12="","",AD11*(X12/X11)) | AE12: =IF(S12="","",AE11*(Y12/Y11)) | AF12: =IF(U12="","",AF11*(Z12/Z11)) | AG12: =IF(V12="","",AG11*(AA12/AA11))
B13: =IF(C12=12,B12+1,B12) | C13: =IF(C12=12,1,C12+1) | D13: =IF(F13="12월",(E13+1)&VLOOKUP(F13,인덱스!$C:$D,2,0),E13&VLOOKUP(F13,인덱스!$C:$D,2,0)) | E13: ="20"&B13 | F13: =C13&"월" | G13: =B13&"."&VLOOKUP(F13,인덱스!$A:$B,2,0) | H13: =IFERROR(VLOOKUP(G13,#REF!,2,0),) | I13: =IF(Q13="","",I12*(Q13/Q12)) | J13: =IF(R13="","",J12*(R13/R12)) | K13: =IF(S13="","",K12*(S13/S12)) | L13: =IF(U13="","",L12*(U13/U12)) | M13: =IF(V13="","",M12*(V13/V12)) | Q13: =IFERROR(__xludf.DUMMYFUNCTION("iferror(index('지수RAW'!$V$7:$V$12040,MATCH($D13,'지수RAW'!$R$7:$R$12040,0)-1,1),GOOGLEFINANCE(Q$2))"),2343.07) | R13: =IFERROR(__xludf.DUMMYFUNCTION("iferror(index('지수RAW'!$F$7:$F$12040,MATCH($D13,'지수RAW'!$B$7:$B$12040,0)-1,1),GOOGLEFINANCE(R$2))"),2913.98) | S13: =IFERROR(__xludf.DUMMYFUNCTION("iferror(index('지수RAW'!$N$7:$N$12040,MATCH($D13,'지수RAW'!$J$7:$J$12040,0)-1,1),GOOGLEFINANCE(S$2))"),8046.35) | U13: {=IFERROR(INDEX(지수RAW!$AT$7:$AT$12040,MATCH($D13,지수RAW!$AP$7:$AP$12040,0)-1,1),지수RAW!$AU$4)} | V13: =IFERROR(__xludf.DUMMYFUNCTION("iferror(index('지수RAW'!$AL$7:$AL$12040,MATCH($D13,'지수RAW'!$AH$7:$AH$12040,0)-1,1),GOOGLEFINANCE(V$2))"),6618.76) | W13: =IFERROR(__xludf.DUMMYFUNCTION("iferror(index('지수RAW'!$AD$7:$AD$12040,MATCH($D13,'지수RAW'!$Z$7:$Z$12040,0)-1,1),GOOGLEFINANCE(W$2))"),1109.01) | X13: =$W13*R13 | Y13: =$W13*S13 | Z13: =$W13*U13 | AA13: =$W13*V13 | AC13: =IF(Q13="","",AC12*(W13/W12)) | AD13: =IF(R13="","",AD12*(X13/X12)) | AE13: =IF(S13="","",AE12*(Y13/Y12)) | AF13: =IF(U13="","",AF12*(Z13/Z12)) | AG13: =IF(V13="","",AG12*(AA13/AA12))
B14: =IF(C13=12,B13+1,B13) | C14: =IF(C13=12,1,C13+1) | D14: =IF(F14="12월",(E14+1)&VLOOKUP(F14,인덱스!$C:$D,2,0),E14&VLOOKUP(F14,인덱스!$C:$D,2,0)) | E14: ="20"&B14 | F14: =C14&"월" | G14: =B14&"."&VLOOKUP(F14,인덱스!$A:$B,2,0) | H14: =IFERROR(VLOOKUP(G14,#REF!,2,0),) | I14: =IF(Q14="","",I13*(Q14/Q13)) | J14: =IF(R14="","",J13*(R14/R13)) | K14: =IF(S14="","",K13*(S14/S13)) | L14: =IF(U14="","",L13*(U14/U13)) | M14: =IF(V14="","",M13*(V14/V13)) | Q14: =IFERROR(__xludf.DUMMYFUNCTION("iferror(index('지수RAW'!$V$7:$V$12040,MATCH($D14,'지수RAW'!$R$7:$R$12040,0)-1,1),GOOGLEFINANCE(Q$2))"),2029.69) | R14: =IFERROR(__xludf.DUMMYFUNCTION("iferror(index('지수RAW'!$F$7:$F$12040,MATCH($D14,'지수RAW'!$B$7:$B$12040,0)-1,1),GOOGLEFINANCE(R$2))"),2711.74) | S14: =IFERROR(__xludf.DUMMYFUNCTION("iferror(index('지수RAW'!$N$7:$N$12040,MATCH($D14,'지수RAW'!$J$7:$J$12040,0)-1,1),GOOGLEFINANCE(S$2))"),7305.9) | U14: {=IFERROR(INDEX(지수RAW!$AT$7:$AT$12040,MATCH($D14,지수RAW!$AP$7:$AP$12040,0)-1,1),지수RAW!$AU$4)} | V14: =IFERROR(__xludf.DUMMYFUNCTION("iferror(index('지수RAW'!$AL$7:$AL$12040,MATCH($D14,'지수RAW'!$AH$7:$AH$12040,0)-1,1),GOOGLEFINANCE(V$2))"),6340.38) | W14: =IFERROR(__xludf.DUMMYFUNCTION("iferror(index('지수RAW'!$AD$7:$AD$12040,MATCH($D14,'지수RAW'!$Z$7:$Z$12040,0)-1,1),GOOGLEFINANCE(W$2))"),1140.97) | X14: =$W14*R14 | Y14: =$W14*S14 | Z14: =$W14*U14 | AA14: =$W14*V14 | AC14: =IF(Q14="","",AC13*(W14/W13)) | AD14: =IF(R14="","",AD13*(X14/X13)) | AE14: =IF(S14="","",AE13*(Y14/Y13)) | AF14: =IF(U14="","",AF13*(Z14/Z13)) | AG14: =IF(V14="","",AG13*(AA14/AA13))
B15: =IF(C14=12,B14+1,B14) | C15: =IF(C14=12,1,C14+1) | D15: =IF(F15="12월",(E15+1)&VLOOKUP(F15,인덱스!$C:$D,2,0),E15&VLOOKUP(F15,인덱스!$C:$D,2,0)) | E15: ="20"&B15 | F15: =C15&"월" | G15: =B15&"."&VLOOKUP(F15,인덱스!$A:$B,2,0) | H15: =IFERROR(VLOOKUP(G15,#REF!,2,0),) | I15: =IF(Q15="","",I14*(Q15/Q14)) | J15: =IF(R15="","",J14*(R15/R14)) | K15: =IF(S15="","",K14*(S15/S14)) | L15: =IF(U15="","",L14*(U15/U14)) | M15: =IF(V15="","",M14*(V15/V14)) | Q15: =IFERROR(__xludf.DUMMYFUNCTION("iferror(index('지수RAW'!$V$7:$V$12040,MATCH($D15,'지수RAW'!$R$7:$R$12040,0)-1,1),GOOGLEFINANCE(Q$2))"),2096.86) | R15: =IFERROR(__xludf.DUMMYFUNCTION("iferror(index('지수RAW'!$F$7:$F$12040,MATCH($D15,'지수RAW'!$B$7:$B$12040,0)-1,1),GOOGLEFINANCE(R$2))"),2760.17) | S15: =IFERROR(__xludf.DUMMYFUNCTION("iferror(index('지수RAW'!$N$7:$N$12040,MATCH($D15,'지수RAW'!$J$7:$J$12040,0)-1,1),GOOGLEFINANCE(S$2))"),7330.54) | U15: {=IFERROR(INDEX(지수RAW!$AT$7:$AT$12040,MATCH($D15,지수RAW!$AP$7:$AP$12040,0)-1,1),지수RAW!$AU$4)} | V15: =IFERROR(__xludf.DUMMYFUNCTION("iferror(index('지수RAW'!$AL$7:$AL$12040,MATCH($D15,'지수RAW'!$AH$7:$AH$12040,0)-1,1),GOOGLEFINANCE(V$2))"),4021.237) | W15: =IFERROR(__xludf.DUMMYFUNCTION("iferror(index('지수RAW'!$AD$7:$AD$12040,MATCH($D15,'지수RAW'!$Z$7:$Z$12040,0)-1,1),GOOGLEFINANCE(W$2))"),1119.53) | X15: =$W15*R15 | Y15: =$W15*S15 | Z15: =$W15*U15 | AA15: =$W15*V15 | AC15: =IF(Q15="","",AC14*(W15/W14)) | AD15: =IF(R15="","",AD14*(X15/X14)) | AE15: =IF(S15="","",AE14*(Y15/Y14)) | AF15: =IF(U15="","",AF14*(Z15/Z14)) | AG15: =IF(V15="","",AG14*(AA15/AA14))
B16: =IF(C15=12,B15+1,B15) | C16: =IF(C15=12,1,C15+1) | D16: =IF(F16="12월",(E16+1)&VLOOKUP(F16,인덱스!$C:$D,2,0),E16&VLOOKUP(F16,인덱스!$C:$D,2,0)) | E16: ="20"&B16 | F16: =C16&"월" | G16: =B16&"."&VLOOKUP(F16,인덱스!$A:$B,2,0) | H16: =IFERROR(VLOOKUP(G16,#REF!,2,0),) | I16: =IF(Q16="","",I15*(Q16/Q15)) | J16: =IF(R16="","",J15*(R16/R15)) | K16: =IF(S16="","",K15*(S16/S15)) | L16: =IF(U16="","",L15*(U16/U15)) | M16: =IF(V16="","",M15*(V16/V15)) | Q16: =IFERROR(__xludf.DUMMYFUNCTION("iferror(index('지수RAW'!$V$7:$V$12040,MATCH($D16,'지수RAW'!$R$7:$R$12040,0)-1,1),GOOGLEFINANCE(Q$2))"),2041.04) | R16: =IFERROR(__xludf.DUMMYFUNCTION("iferror(index('지수RAW'!$F$7:$F$12040,MATCH($D16,'지수RAW'!$B$7:$B$12040,0)-1,1),GOOGLEFINANCE(R$2))"),2506.85) | S16: =IFERROR(__xludf.DUMMYFUNCTION("iferror(index('지수RAW'!$N$7:$N$12040,MATCH($D16,'지수RAW'!$J$7:$J$12040,0)-1,1),GOOGLEFINANCE(S$2))"),6635.28) | U16: {=IFERROR(INDEX(지수RAW!$AT$7:$AT$12040,MATCH($D16,지수RAW!$AP$7:$AP$12040,0)-1,1),지수RAW!$AU$4)} | V16: =IFERROR(__xludf.DUMMYFUNCTION("iferror(index('지수RAW'!$AL$7:$AL$12040,MATCH($D16,'지수RAW'!$AH$7:$AH$12040,0)-1,1),GOOGLEFINANCE(V$2))"),3711.907) | W16: =IFERROR(__xludf.DUMMYFUNCTION("iferror(index('지수RAW'!$AD$7:$AD$12040,MATCH($D16,'지수RAW'!$Z$7:$Z$12040,0)-1,1),GOOGLEFINANCE(W$2))"),1112.5) | X16: =$W16*R16 | Y16: =$W16*S16 | Z16: =$W16*U16 | AA16: =$W16*V16 | AC16: =IF(Q16="","",AC15*(W16/W15)) | AD16: =IF(R16="","",AD15*(X16/X15)) | AE16: =IF(S16="","",AE15*(Y16/Y15)) | AF16: =IF(U16="","",AF15*(Z16/Z15)) | AG16: =IF(V16="","",AG15*(AA16/AA15))
B17: =IF(C16=12,B16+1,B16) | C17: =IF(C16=12,1,C16+1) | D17: =IF(F17="12월",(E17+1)&VLOOKUP(F17,인덱스!$C:$D,2,0),E17&VLOOKUP(F17,인덱스!$C:$D,2,0)) | E17: ="20"&B17 | F17: =C17&"월" | G17: =B17&"."&VLOOKUP(F17,인덱스!$A:$B,2,0) | H17: =IFERROR(VLOOKUP(G17,#REF!,2,0),) | I17: =IF(Q17="","",I16*(Q17/Q16)) | J17: =IF(R17="","",J16*(R17/R16)) | K17: =IF(S17="","",K16*(S17/S16)) | L17: =IF(U17="","",L16*(U17/U16)) | M17: =IF(V17="","",M16*(V17/V16)) | Q17: =IFERROR(__xludf.DUMMYFUNCTION("iferror(index('지수RAW'!$V$7:$V$12040,MATCH($D17,'지수RAW'!$R$7:$R$12040,0)-1,1),GOOGLEFINANCE(Q$2))"),2204.85) | R17: =IFERROR(__xludf.DUMMYFUNCTION("iferror(index('지수RAW'!$F$7:$F$12040,MATCH($D17,'지수RAW'!$B$7:$B$12040,0)-1,1),GOOGLEFINANCE(R$2))"),2704.1) | S17: =IFERROR(__xludf.DUMMYFUNCTION("iferror(index('지수RAW'!$N$7:$N$12040,MATCH($D17,'지수RAW'!$J$7:$J$12040,0)-1,1),GOOGLEFINANCE(S$2))"),7281.74) | U17: {=IFERROR(INDEX(지수RAW!$AT$7:$AT$12040,MATCH($D17,지수RAW!$AP$7:$AP$12040,0)-1,1),지수RAW!$AU$4)} | V17: =IFERROR(__xludf.DUMMYFUNCTION("iferror(index('지수RAW'!$AL$7:$AL$12040,MATCH($D17,'지수RAW'!$AH$7:$AH$12040,0)-1,1),GOOGLEFINANCE(V$2))"),3419.343) | W17: =IFERROR(__xludf.DUMMYFUNCTION("iferror(index('지수RAW'!$AD$7:$AD$12040,MATCH($D17,'지수RAW'!$Z$7:$Z$12040,0)-1,1),GOOGLEFINANCE(W$2))"),1111.55) | X17: =$W17*R17 | Y17: =$W17*S17 | Z17: =$W17*U17 | AA17: =$W17*V17 | AC17: =IF(Q17="","",AC16*(W17/W16)) | AD17: =IF(R17="","",AD16*(X17/X16)) | AE17: =IF(S17="","",AE16*(Y17/Y16)) | AF17: =IF(U17="","",AF16*(Z17/Z16)) | AG17: =IF(V17="","",AG16*(AA17/AA16))
B18: =IF(C17=12,B17+1,B17) | C18: =IF(C17=12,1,C17+1) | D18: =IF(F18="12월",(E18+1)&VLOOKUP(F18,인덱스!$C:$D,2,0),E18&VLOOKUP(F18,인덱스!$C:$D,2,0)) | E18: ="20"&B18 | F18: =C18&"월" | G18: =B18&"."&VLOOKUP(F18,인덱스!$A:$B,2,0) | H18: =IFERROR(VLOOKUP(G18,#REF!,2,0),) | I18: =IF(Q18="","",I17*(Q18/Q17)) | J18: =IF(R18="","",J17*(R18/R17)) | K18: =IF(S18="","",K17*(S18/S17)) | L18: =IF(U18="","",L17*(U18/U17)) | M18: =IF(V18="","",M17*(V18/V17)) | Q18: =IFERROR(__xludf.DUMMYFUNCTION("iferror(index('지수RAW'!$V$7:$V$12040,MATCH($D18,'지수RAW'!$R$7:$R$12040,0)-1,1),GOOGLEFINANCE(Q$2))"),2195.44) | R18: =IFERROR(__xludf.DUMMYFUNCTION("iferror(index('지수RAW'!$F$7:$F$12040,MATCH($D18,'지수RAW'!$B$7:$B$12040,0)-1,1),GOOGLEFINANCE(R$2))"),2784.49) | S18: =IFERROR(__xludf.DUMMYFUNCTION("iferror(index('지수RAW'!$N$7:$N$12040,MATCH($D18,'지수RAW'!$J$7:$J$12040,0)-1,1),GOOGLEFINANCE(S$2))"),7532.53) | U18: {=IFERROR(INDEX(지수RAW!$AT$7:$AT$12040,MATCH($D18,지수RAW!$AP$7:$AP$12040,0)-1,1),지수RAW!$AU$4)} | V18: =IFERROR(__xludf.DUMMYFUNCTION("iferror(index('지수RAW'!$AL$7:$AL$12040,MATCH($D18,'지수RAW'!$AH$7:$AH$12040,0)-1,1),GOOGLEFINANCE(V$2))"),3801.876) | W18: =IFERROR(__xludf.DUMMYFUNCTION("iferror(index('지수RAW'!$AD$7:$AD$12040,MATCH($D18,'지수RAW'!$Z$7:$Z$12040,0)-1,1),GOOGLEFINANCE(W$2))"),1124.22) | X18: =$W18*R18 | Y18: =$W18*S18 | Z18: =$W18*U18 | AA18: =$W18*V18 | AC18: =IF(Q18="","",AC17*(W18/W17)) | AD18: =IF(R18="","",AD17*(X18/X17)) | AE18: =IF(S18="","",AE17*(Y18/Y17)) | AF18: =IF(U18="","",AF17*(Z18/Z17)) | AG18: =IF(V18="","",AG17*(AA18/AA17))
B19: =IF(C18=12,B18+1,B18) | C19: =IF(C18=12,1,C18+1) | D19: =IF(F19="12월",(E19+1)&VLOOKUP(F19,인덱스!$C:$D,2,0),E19&VLOOKUP(F19,인덱스!$C:$D,2,0)) | E19: ="20"&B19 | F19: =C19&"월" | G19: =B19&"."&VLOOKUP(F19,인덱스!$A:$B,2,0) | H19: =IFERROR(VLOOKUP(G19,#REF!,2,0),) | I19: =IF(Q19="","",I18*(Q19/Q18)) | J19: =IF(R19="","",J18*(R19/R18)) | K19: =IF(S19="","",K18*(S19/S18)) | L19: =IF(U19="","",L18*(U19/U18)) | M19: =IF(V19="","",M18*(V19/V18)) | Q19: =IFERROR(__xludf.DUMMYFUNCTION("iferror(index('지수RAW'!$V$7:$V$12040,MATCH($D19,'지수RAW'!$R$7:$R$12040,0)-1,1),GOOGLEFINANCE(Q$2))"),2140.67) | R19: =IFERROR(__xludf.DUMMYFUNCTION("iferror(index('지수RAW'!$F$7:$F$12040,MATCH($D19,'지수RAW'!$B$7:$B$12040,0)-1,1),GOOGLEFINANCE(R$2))"),2834.4) | S19: =IFERROR(__xludf.DUMMYFUNCTION("iferror(index('지수RAW'!$N$7:$N$12040,MATCH($D19,'지수RAW'!$J$7:$J$12040,0)-1,1),GOOGLEFINANCE(S$2))"),7729.32) | U19: {=IFERROR(INDEX(지수RAW!$AT$7:$AT$12040,MATCH($D19,지수RAW!$AP$7:$AP$12040,0)-1,1),지수RAW!$AU$4)} | V19: =IFERROR(__xludf.DUMMYFUNCTION("iferror(index('지수RAW'!$AL$7:$AL$12040,MATCH($D19,'지수RAW'!$AH$7:$AH$12040,0)-1,1),GOOGLEFINANCE(V$2))"),4121.252) | W19: =IFERROR(__xludf.DUMMYFUNCTION("iferror(index('지수RAW'!$AD$7:$AD$12040,MATCH($D19,'지수RAW'!$Z$7:$Z$12040,0)-1,1),GOOGLEFINANCE(W$2))"),1136.7) | X19: =$W19*R19 | Y19: =$W19*S19 | Z19: =$W19*U19 | AA19: =$W19*V19 | AC19: =IF(Q19="","",AC18*(W19/W18)) | AD19: =IF(R19="","",AD18*(X19/X18)) | AE19: =IF(S19="","",AE18*(Y19/Y18)) | AF19: =IF(U19="","",AF18*(Z19/Z18)) | AG19: =IF(V19="","",AG18*(AA19/AA18))
B20: =IF(C19=12,B19+1,B19) | C20: =IF(C19=12,1,C19+1) | D20: =IF(F20="12월",(E20+1)&VLOOKUP(F20,인덱스!$C:$D,2,0),E20&VLOOKUP(F20,인덱스!$C:$D,2,0)) | E20: ="20"&B20 | F20: =C20&"월" | G20: =B20&"."&VLOOKUP(F20,인덱스!$A:$B,2,0) | H20: =IFERROR(VLOOKUP(G20,#REF!,2,0),) | I20: =IF(Q20="","",I19*(Q20/Q19)) | J20: =IF(R20="","",J19*(R20/R19)) | K20: =IF(S20="","",K19*(S20/S19)) | L20: =IF(U20="","",L19*(U20/U19)) | M20: =IF(V20="","",M19*(V20/V19)) | Q20: =IFERROR(__xludf.DUMMYFUNCTION("iferror(index('지수RAW'!$V$7:$V$12040,MATCH($D20,'지수RAW'!$R$7:$R$12040,0)-1,1),GOOGLEFINANCE(Q$2))"),2203.59) | R20: =IFERROR(__xludf.DUMMYFUNCTION("iferror(index('지수RAW'!$F$7:$F$12040,MATCH($D20,'지수RAW'!$B$7:$B$12040,0)-1,1),GOOGLEFINANCE(R$2))"),2945.83) | S20: =IFERROR(__xludf.DUMMYFUNCTION("iferror(index('지수RAW'!$N$7:$N$12040,MATCH($D20,'지수RAW'!$J$7:$J$12040,0)-1,1),GOOGLEFINANCE(S$2))"),8095.39) | U20: {=IFERROR(INDEX(지수RAW!$AT$7:$AT$12040,MATCH($D20,지수RAW!$AP$7:$AP$12040,0)-1,1),지수RAW!$AU$4)} | V20: =IFERROR(__xludf.DUMMYFUNCTION("iferror(index('지수RAW'!$AL$7:$AL$12040,MATCH($D20,'지수RAW'!$AH$7:$AH$12040,0)-1,1),GOOGLEFINANCE(V$2))"),5286.545) | W20: =IFERROR(__xludf.DUMMYFUNCTION("iferror(index('지수RAW'!$AD$7:$AD$12040,MATCH($D20,'지수RAW'!$Z$7:$Z$12040,0)-1,1),GOOGLEFINANCE(W$2))"),1163.26) | X20: =$W20*R20 | Y20: =$W20*S20 | Z20: =$W20*U20 | AA20: =$W20*V20 | AC20: =IF(Q20="","",AC19*(W20/W19)) | AD20: =IF(R20="","",AD19*(X20/X19)) | AE20: =IF(S20="","",AE19*(Y20/Y19)) | AF20: =IF(U20="","",AF19*(Z20/Z19)) | AG20: =IF(V20="","",AG19*(AA20/AA19))
B21: =IF(C20=12,B20+1,B20) | C21: =IF(C20=12,1,C20+1) | D21: =IF(F21="12월",(E21+1)&VLOOKUP(F21,인덱스!$C:$D,2,0),E21&VLOOKUP(F21,인덱스!$C:$D,2,0)) | E21: ="20"&B21 | F21: =C21&"월" | G21: =B21&"."&VLOOKUP(F21,인덱스!$A:$B,2,0) | H21: =IFERROR(VLOOKUP(G21,#REF!,2,0),) | I21: =IF(Q21="","",I20*(Q21/Q20)) | J21: =IF(R21="","",J20*(R21/R20)) | K21: =IF(S21="","",K20*(S21/S20)) | L21: =IF(U21="","",L20*(U21/U20)) | M21: =IF(V21="","",M20*(V21/V20)) | Q21: =IFERROR(__xludf.DUMMYFUNCTION("iferror(index('지수RAW'!$V$7:$V$12040,MATCH($D21,'지수RAW'!$R$7:$R$12040,0)-1,1),GOOGLEFINANCE(Q$2))"),2041.74) | R21: =IFERROR(__xludf.DUMMYFUNCTION("iferror(index('지수RAW'!$F$7:$F$12040,MATCH($D21,'지수RAW'!$B$7:$B$12040,0)-1,1),GOOGLEFINANCE(R$2))"),2752.06) | S21: =IFERROR(__xludf.DUMMYFUNCTION("iferror(index('지수RAW'!$N$7:$N$12040,MATCH($D21,'지수RAW'!$J$7:$J$12040,0)-1,1),GOOGLEFINANCE(S$2))"),7453.15) | U21: {=IFERROR(INDEX(지수RAW!$AT$7:$AT$12040,MATCH($D21,지수RAW!$AP$7:$AP$12040,0)-1,1),지수RAW!$AU$4)} | V21: =IFERROR(__xludf.DUMMYFUNCTION("iferror(index('지수RAW'!$AL$7:$AL$12040,MATCH($D21,'지수RAW'!$AH$7:$AH$12040,0)-1,1),GOOGLEFINANCE(V$2))"),8554.387) | W21: =IFERROR(__xludf.DUMMYFUNCTION("iferror(index('지수RAW'!$AD$7:$AD$12040,MATCH($D21,'지수RAW'!$Z$7:$Z$12040,0)-1,1),GOOGLEFINANCE(W$2))"),1187.97) | X21: =$W21*R21 | Y21: =$W21*S21 | Z21: =$W21*U21 | AA21: =$W21*V21 | AC21: =IF(Q21="","",AC20*(W21/W20)) | AD21: =IF(R21="","",AD20*(X21/X20)) | AE21: =IF(S21="","",AE20*(Y21/Y20)) | AF21: =IF(U21="","",AF20*(Z21/Z20)) | AG21: =IF(V21="","",AG20*(AA21/AA20))
B22: =IF(C21=12,B21+1,B21) | C22: =IF(C21=12,1,C21+1) | D22: =IF(F22="12월",(E22+1)&VLOOKUP(F22,인덱스!$C:$D,2,0),E22&VLOOKUP(F22,인덱스!$C:$D,2,0)) | E22: ="20"&B22 | F22: =C22&"월" | G22: =B22&"."&VLOOKUP(F22,인덱스!$A:$B,2,0) | H22: =IFERROR(VLOOKUP(G22,#REF!,2,0),) | I22: =IF(Q22="","",I21*(Q22/Q21)) | J22: =IF(R22="","",J21*(R22/R21)) | K22: =IF(S22="","",K21*(S22/S21)) | L22: =IF(U22="","",L21*(U22/U21)) | M22: =IF(V22="","",M21*(V22/V21)) | Q22: =IFERROR(__xludf.DUMMYFUNCTION("iferror(index('지수RAW'!$V$7:$V$12040,MATCH($D22,'지수RAW'!$R$7:$R$12040,0)-1,1),GOOGLEFINANCE(Q$2))"),2130.62) | R22: =IFERROR(__xludf.DUMMYFUNCTION("iferror(index('지수RAW'!$F$7:$F$12040,MATCH($D22,'지수RAW'!$B$7:$B$12040,0)-1,1),GOOGLEFINANCE(R$2))"),2941.76) | S22: =IFERROR(__xludf.DUMMYFUNCTION("iferror(index('지수RAW'!$N$7:$N$12040,MATCH($D22,'지수RAW'!$J$7:$J$12040,0)-1,1),GOOGLEFINANCE(S$2))"),8006.24) | U22: {=IFERROR(INDEX(지수RAW!$AT$7:$AT$12040,MATCH($D22,지수RAW!$AP$7:$AP$12040,0)-1,1),지수RAW!$AU$4)} | V22: =IFERROR(__xludf.DUMMYFUNCTION("iferror(index('지수RAW'!$AL$7:$AL$12040,MATCH($D22,'지수RAW'!$AH$7:$AH$12040,0)-1,1),GOOGLEFINANCE(V$2))"),10769.18) | W22: =IFERROR(__xludf.DUMMYFUNCTION("iferror(index('지수RAW'!$AD$7:$AD$12040,MATCH($D22,'지수RAW'!$Z$7:$Z$12040,0)-1,1),GOOGLEFINANCE(W$2))"),1155.6) | X22: =$W22*R22 | Y22: =$W22*S22 | Z22: =$W22*U22 | AA22: =$W22*V22 | AC22: =IF(Q22="","",AC21*(W22/W21)) | AD22: =IF(R22="","",AD21*(X22/X21)) | AE22: =IF(S22="","",AE21*(Y22/Y21)) | AF22: =IF(U22="","",AF21*(Z22/Z21)) | AG22: =IF(V22="","",AG21*(AA22/AA21))
B23: =IF(C22=12,B22+1,B22) | C23: =IF(C22=12,1,C22+1) | D23: =IF(F23="12월",(E23+1)&VLOOKUP(F23,인덱스!$C:$D,2,0),E23&VLOOKUP(F23,인덱스!$C:$D,2,0)) | E23: ="20"&B23 | F23: =C23&"월" | G23: =B23&"."&VLOOKUP(F23,인덱스!$A:$B,2,0) | H23: =IFERROR(VLOOKUP(G23,#REF!,2,0),) | I23: =IF(Q23="","",I22*(Q23/Q22)) | J23: =IF(R23="","",J22*(R23/R22)) | K23: =IF(S23="","",K22*(S23/S22)) | L23: =IF(U23="","",L22*(U23/U22)) | M23: =IF(V23="","",M22*(V23/V22)) | Q23: =IFERROR(__xludf.DUMMYFUNCTION("iferror(index('지수RAW'!$V$7:$V$12040,MATCH($D23,'지수RAW'!$R$7:$R$12040,0)-1,1),GOOGLEFINANCE(Q$2))"),2024.55) | R23: =IFERROR(__xludf.DUMMYFUNCTION("iferror(index('지수RAW'!$F$7:$F$12040,MATCH($D23,'지수RAW'!$B$7:$B$12040,0)-1,1),GOOGLEFINANCE(R$2))"),2980.38) | S23: =IFERROR(__xludf.DUMMYFUNCTION("iferror(index('지수RAW'!$N$7:$N$12040,MATCH($D23,'지수RAW'!$J$7:$J$12040,0)-1,1),GOOGLEFINANCE(S$2))"),8175.42) | U23: {=IFERROR(INDEX(지수RAW!$AT$7:$AT$12040,MATCH($D23,지수RAW!$AP$7:$AP$12040,0)-1,1),지수RAW!$AU$4)} | V23: =IFERROR(__xludf.DUMMYFUNCTION("iferror(index('지수RAW'!$AL$7:$AL$12040,MATCH($D23,'지수RAW'!$AH$7:$AH$12040,0)-1,1),GOOGLEFINANCE(V$2))"),10084.75) | W23: =IFERROR(__xludf.DUMMYFUNCTION("iferror(index('지수RAW'!$AD$7:$AD$12040,MATCH($D23,'지수RAW'!$Z$7:$Z$12040,0)-1,1),GOOGLEFINANCE(W$2))"),1186.31) | X23: =$W23*R23 | Y23: =$W23*S23 | Z23: =$W23*U23 | AA23: =$W23*V23 | AC23: =IF(Q23="","",AC22*(W23/W22)) | AD23: =IF(R23="","",AD22*(X23/X22)) | AE23: =IF(S23="","",AE22*(Y23/Y22)) | AF23: =IF(U23="","",AF22*(Z23/Z22)) | AG23: =IF(V23="","",AG22*(AA23/AA22))
B24: =IF(C23=12,B23+1,B23) | C24: =IF(C23=12,1,C23+1) | D24: =IF(F24="12월",(E24+1)&VLOOKUP(F24,인덱스!$C:$D,2,0),E24&VLOOKUP(F24,인덱스!$C:$D,2,0)) | E24: ="20"&B24 | F24: =C24&"월" | G24: =B24&"."&VLOOKUP(F24,인덱스!$A:$B,2,0) | H24: =IFERROR(VLOOKUP(G24,#REF!,2,0),) | I24: =IF(Q24="","",I23*(Q24/Q23)) | J24: =IF(R24="","",J23*(R24/R23)) | K24: =IF(S24="","",K23*(S24/S23)) | L24: =IF(U24="","",L23*(U24/U23)) | M24: =IF(V24="","",M23*(V24/V23)) | Q24: =IFERROR(__xludf.DUMMYFUNCTION("iferror(index('지수RAW'!$V$7:$V$12040,MATCH($D24,'지수RAW'!$R$7:$R$12040,0)-1,1),GOOGLEFINANCE(Q$2))"),1967.79) | R24: =IFERROR(__xludf.DUMMYFUNCTION("iferror(index('지수RAW'!$F$7:$F$12040,MATCH($D24,'지수RAW'!$B$7:$B$12040,0)-1,1),GOOGLEFINANCE(R$2))"),2926.46) | S24: =IFERROR(__xludf.DUMMYFUNCTION("iferror(index('지수RAW'!$N$7:$N$12040,MATCH($D24,'지수RAW'!$J$7:$J$12040,0)-1,1),GOOGLEFINANCE(S$2))"),7962.88) | U24: {=IFERROR(INDEX(지수RAW!$AT$7:$AT$12040,MATCH($D24,지수RAW!$AP$7:$AP$12040,0)-1,1),지수RAW!$AU$4)} | V24: =IFERROR(__xludf.DUMMYFUNCTION("iferror(index('지수RAW'!$AL$7:$AL$12040,MATCH($D24,'지수RAW'!$AH$7:$AH$12040,0)-1,1),GOOGLEFINANCE(V$2))"),9619.062) | W24: =IFERROR(__xludf.DUMMYFUNCTION("iferror(index('지수RAW'!$AD$7:$AD$12040,MATCH($D24,'지수RAW'!$Z$7:$Z$12040,0)-1,1),GOOGLEFINANCE(W$2))"),1209.51) | X24: =$W24*R24 | Y24: =$W24*S24 | Z24: =$W24*U24 | AA24: =$W24*V24 | AC24: =IF(Q24="","",AC23*(W24/W23)) | AD24: =IF(R24="","",AD23*(X24/X23)) | AE24: =IF(S24="","",AE23*(Y24/Y23)) | AF24: =IF(U24="","",AF23*(Z24/Z23)) | AG24: =IF(V24="","",AG23*(AA24/AA23))
B25: =IF(C24=12,B24+1,B24) | C25: =IF(C24=12,1,C24+1) | D25: =IF(F25="12월",(E25+1)&VLOOKUP(F25,인덱스!$C:$D,2,0),E25&VLOOKUP(F25,인덱스!$C:$D,2,0)) | E25: ="20"&B25 | F25: =C25&"월" | G25: =B25&"."&VLOOKUP(F25,인덱스!$A:$B,2,0) | H25: =IFERROR(VLOOKUP(G25,#REF!,2,0),) | I25: =IF(Q25="","",I24*(Q25/Q24)) | J25: =IF(R25="","",J24*(R25/R24)) | K25: =IF(S25="","",K24*(S25/S24)) | L25: =IF(U25="","",L24*(U25/U24)) | M25: =IF(V25="","",M24*(V25/V24)) | Q25: =IFERROR(__xludf.DUMMYFUNCTION("iferror(index('지수RAW'!$V$7:$V$12040,MATCH($D25,'지수RAW'!$R$7:$R$12040,0)-1,1),GOOGLEFINANCE(Q$2))"),2063.05) | R25: =IFERROR(__xludf.DUMMYFUNCTION("iferror(index('지수RAW'!$F$7:$F$12040,MATCH($D25,'지수RAW'!$B$7:$B$12040,0)-1,1),GOOGLEFINANCE(R$2))"),2976.74) | S25: =IFERROR(__xludf.DUMMYFUNCTION("iferror(index('지수RAW'!$N$7:$N$12040,MATCH($D25,'지수RAW'!$J$7:$J$12040,0)-1,1),GOOGLEFINANCE(S$2))"),7999.33) | U25: {=IFERROR(INDEX(지수RAW!$AT$7:$AT$12040,MATCH($D25,지수RAW!$AP$7:$AP$12040,0)-1,1),지수RAW!$AU$4)} | V25: =IFERROR(__xludf.DUMMYFUNCTION("iferror(index('지수RAW'!$AL$7:$AL$12040,MATCH($D25,'지수RAW'!$AH$7:$AH$12040,0)-1,1),GOOGLEFINANCE(V$2))"),8296.118) | W25: =IFERROR(__xludf.DUMMYFUNCTION("iferror(index('지수RAW'!$AD$7:$AD$12040,MATCH($D25,'지수RAW'!$Z$7:$Z$12040,0)-1,1),GOOGLEFINANCE(W$2))"),1198) | X25: =$W25*R25 | Y25: =$W25*S25 | Z25: =$W25*U25 | AA25: =$W25*V25 | AC25: =IF(Q25="","",AC24*(W25/W24)) | AD25: =IF(R25="","",AD24*(X25/X24)) | AE25: =IF(S25="","",AE24*(Y25/Y24)) | AF25: =IF(U25="","",AF24*(Z25/Z24)) | AG25: =IF(V25="","",AG24*(AA25/AA24))
B26: =IF(C25=12,B25+1,B25) | C26: =IF(C25=12,1,C25+1) | D26: =IF(F26="12월",(E26+1)&VLOOKUP(F26,인덱스!$C:$D,2,0),E26&VLOOKUP(F26,인덱스!$C:$D,2,0)) | E26: ="20"&B26 | F26: =C26&"월" | G26: =B26&"."&VLOOKUP(F26,인덱스!$A:$B,2,0) | H26: =IFERROR(VLOOKUP(G26,#REF!,2,0),) | I26: =IF(Q26="","",I25*(Q26/Q25)) | J26: =IF(R26="","",J25*(R26/R25)) | K26: =IF(S26="","",K25*(S26/S25)) | L26: =IF(U26="","",L25*(U26/U25)) | M26: =IF(V26="","",M25*(V26/V25)) | Q26: =IFERROR(__xludf.DUMMYFUNCTION("iferror(index('지수RAW'!$V$7:$V$12040,MATCH($D26,'지수RAW'!$R$7:$R$12040,0)-1,1),GOOGLEFINANCE(Q$2))"),2083.48) | R26: =IFERROR(__xludf.DUMMYFUNCTION("iferror(index('지수RAW'!$F$7:$F$12040,MATCH($D26,'지수RAW'!$B$7:$B$12040,0)-1,1),GOOGLEFINANCE(R$2))"),3046.77) | S26: =IFERROR(__xludf.DUMMYFUNCTION("iferror(index('지수RAW'!$N$7:$N$12040,MATCH($D26,'지수RAW'!$J$7:$J$12040,0)-1,1),GOOGLEFINANCE(S$2))"),8292.36) | U26: {=IFERROR(INDEX(지수RAW!$AT$7:$AT$12040,MATCH($D26,지수RAW!$AP$7:$AP$12040,0)-1,1),지수RAW!$AU$4)} | V26: =IFERROR(__xludf.DUMMYFUNCTION("iferror(index('지수RAW'!$AL$7:$AL$12040,MATCH($D26,'지수RAW'!$AH$7:$AH$12040,0)-1,1),GOOGLEFINANCE(V$2))"),9159.36) | W26: =IFERROR(__xludf.DUMMYFUNCTION("iferror(index('지수RAW'!$AD$7:$AD$12040,MATCH($D26,'지수RAW'!$Z$7:$Z$12040,0)-1,1),GOOGLEFINANCE(W$2))"),1168.55) | X26: =$W26*R26 | Y26: =$W26*S26 | Z26: =$W26*U26 | AA26: =$W26*V26 | AC26: =IF(Q26="","",AC25*(W26/W25)) | AD26: =IF(R26="","",AD25*(X26/X25)) | AE26: =IF(S26="","",AE25*(Y26/Y25)) | AF26: =IF(U26="","",AF25*(Z26/Z25)) | AG26: =IF(V26="","",AG25*(AA26/AA25))
B27: =IF(C26=12,B26+1,B26) | C27: =IF(C26=12,1,C26+1) | D27: =IF(F27="12월",(E27+1)&VLOOKUP(F27,인덱스!$C:$D,2,0),E27&VLOOKUP(F27,인덱스!$C:$D,2,0)) | E27: ="20"&B27 | F27: =C27&"월" | G27: =B27&"."&VLOOKUP(F27,인덱스!$A:$B,2,0) | H27: =IFERROR(VLOOKUP(G27,#REF!,2,0),) | I27: =IF(Q27="","",I26*(Q27/Q26)) | J27: =IF(R27="","",J26*(R27/R26)) | K27: =IF(S27="","",K26*(S27/S26)) | L27: =IF(U27="","",L26*(U27/U26)) | M27: =IF(V27="","",M26*(V27/V26)) | Q27: =IFERROR(__xludf.DUMMYFUNCTION("iferror(index('지수RAW'!$V$7:$V$12040,MATCH($D27,'지수RAW'!$R$7:$R$12040,0)-1,1),GOOGLEFINANCE(Q$2))"),2087.96) | R27: =IFERROR(__xludf.DUMMYFUNCTION("iferror(index('지수RAW'!$F$7:$F$12040,MATCH($D27,'지수RAW'!$B$7:$B$12040,0)-1,1),GOOGLEFINANCE(R$2))"),3140.98) | S27: =IFERROR(__xludf.DUMMYFUNCTION("iferror(index('지수RAW'!$N$7:$N$12040,MATCH($D27,'지수RAW'!$J$7:$J$12040,0)-1,1),GOOGLEFINANCE(S$2))"),8665.47) | U27: {=IFERROR(INDEX(지수RAW!$AT$7:$AT$12040,MATCH($D27,지수RAW!$AP$7:$AP$12040,0)-1,1),지수RAW!$AU$4)} | V27: =IFERROR(__xludf.DUMMYFUNCTION("iferror(index('지수RAW'!$AL$7:$AL$12040,MATCH($D27,'지수RAW'!$AH$7:$AH$12040,0)-1,1),GOOGLEFINANCE(V$2))"),7573.91) | W27: =IFERROR(__xludf.DUMMYFUNCTION("iferror(index('지수RAW'!$AD$7:$AD$12040,MATCH($D27,'지수RAW'!$Z$7:$Z$12040,0)-1,1),GOOGLEFINANCE(W$2))"),1181.47) | X27: =$W27*R27 | Y27: =$W27*S27 | Z27: =$W27*U27 | AA27: =$W27*V27 | AC27: =IF(Q27="","",AC26*(W27/W26)) | AD27: =IF(R27="","",AD26*(X27/X26)) | AE27: =IF(S27="","",AE26*(Y27/Y26)) | AF27: =IF(U27="","",AF26*(Z27/Z26)) | AG27: =IF(V27="","",AG26*(AA27/AA26))
B28: =IF(C27=12,B27+1,B27) | C28: =IF(C27=12,1,C27+1) | D28: =IF(F28="12월",(E28+1)&VLOOKUP(F28,인덱스!$C:$D,2,0),E28&VLOOKUP(F28,인덱스!$C:$D,2,0)) | E28: ="20"&B28 | F28: =C28&"월" | G28: =B28&"."&VLOOKUP(F28,인덱스!$A:$B,2,0) | H28: =IFERROR(VLOOKUP(G28,#REF!,2,0),) | I28: =IF(Q28="","",I27*(Q28/Q27)) | J28: =IF(R28="","",J27*(R28/R27)) | K28: =IF(S28="","",K27*(S28/S27)) | L28: =IF(U28="","",L27*(U28/U27)) | M28: =IF(V28="","",M27*(V28/V27)) | Q28: =IFERROR(__xludf.DUMMYFUNCTION("iferror(index('지수RAW'!$V$7:$V$12040,MATCH($D28,'지수RAW'!$R$7:$R$12040,0)-1,1),GOOGLEFINANCE(Q$2))"),2197.67) | R28: =IFERROR(__xludf.DUMMYFUNCTION("iferror(index('지수RAW'!$F$7:$F$12040,MATCH($D28,'지수RAW'!$B$7:$B$12040,0)-1,1),GOOGLEFINANCE(R$2))"),3221.29) | S28: =IFERROR(__xludf.DUMMYFUNCTION("iferror(index('지수RAW'!$N$7:$N$12040,MATCH($D28,'지수RAW'!$J$7:$J$12040,0)-1,1),GOOGLEFINANCE(S$2))"),8972.6) | U28: {=IFERROR(INDEX(지수RAW!$AT$7:$AT$12040,MATCH($D28,지수RAW!$AP$7:$AP$12040,0)-1,1),지수RAW!$AU$4)} | V28: =IFERROR(__xludf.DUMMYFUNCTION("iferror(index('지수RAW'!$AL$7:$AL$12040,MATCH($D28,'지수RAW'!$AH$7:$AH$12040,0)-1,1),GOOGLEFINANCE(V$2))"),7174.535) | W28: =IFERROR(__xludf.DUMMYFUNCTION("iferror(index('지수RAW'!$AD$7:$AD$12040,MATCH($D28,'지수RAW'!$Z$7:$Z$12040,0)-1,1),GOOGLEFINANCE(W$2))"),1153.75) | X28: =$W28*R28 | Y28: =$W28*S28 | Z28: =$W28*U28 | AA28: =$W28*V28 | AC28: =IF(Q28="","",AC27*(W28/W27)) | AD28: =IF(R28="","",AD27*(X28/X27)) | AE28: =IF(S28="","",AE27*(Y28/Y27)) | AF28: =IF(U28="","",AF27*(Z28/Z27)) | AG28: =IF(V28="","",AG27*(AA28/AA27))
B29: =IF(C28=12,B28+1,B28) | C29: =IF(C28=12,1,C28+1) | D29: =IF(F29="12월",(E29+1)&VLOOKUP(F29,인덱스!$C:$D,2,0),E29&VLOOKUP(F29,인덱스!$C:$D,2,0)) | E29: ="20"&B29 | F29: =C29&"월" | G29: =B29&"."&VLOOKUP(F29,인덱스!$A:$B,2,0) | H29: =IFERROR(VLOOKUP(G29,#REF!,2,0),) | I29: =IF(Q29="","",I28*(Q29/Q28)) | J29: =IF(R29="","",J28*(R29/R28)) | K29: =IF(S29="","",K28*(S29/S28)) | L29: =IF(U29="","",L28*(U29/U28)) | M29: =IF(V29="","",M28*(V29/V28)) | Q29: =IFERROR(__xludf.DUMMYFUNCTION("iferror(index('지수RAW'!$V$7:$V$12040,MATCH($D29,'지수RAW'!$R$7:$R$12040,0)-1,1),GOOGLEFINANCE(Q$2))"),2119.01) | R29: =IFERROR(__xludf.DUMMYFUNCTION("iferror(index('지수RAW'!$F$7:$F$12040,MATCH($D29,'지수RAW'!$B$7:$B$12040,0)-1,1),GOOGLEFINANCE(R$2))"),3225.52) | S29: =IFERROR(__xludf.DUMMYFUNCTION("iferror(index('지수RAW'!$N$7:$N$12040,MATCH($D29,'지수RAW'!$J$7:$J$12040,0)-1,1),GOOGLEFINANCE(S$2))"),9150.94) | U29: {=IFERROR(INDEX(지수RAW!$AT$7:$AT$12040,MATCH($D29,지수RAW!$AP$7:$AP$12040,0)-1,1),지수RAW!$AU$4)} | V29: =IFERROR(__xludf.DUMMYFUNCTION("iferror(index('지수RAW'!$AL$7:$AL$12040,MATCH($D29,'지수RAW'!$AH$7:$AH$12040,0)-1,1),GOOGLEFINANCE(V$2))"),9338.332) | W29: =IFERROR(__xludf.DUMMYFUNCTION("iferror(index('지수RAW'!$AD$7:$AD$12040,MATCH($D29,'지수RAW'!$Z$7:$Z$12040,0)-1,1),GOOGLEFINANCE(W$2))"),1194.87) | X29: =$W29*R29 | Y29: =$W29*S29 | Z29: =$W29*U29 | AA29: =$W29*V29 | AC29: =IF(Q29="","",AC28*(W29/W28)) | AD29: =IF(R29="","",AD28*(X29/X28)) | AE29: =IF(S29="","",AE28*(Y29/Y28)) | AF29: =IF(U29="","",AF28*(Z29/Z28)) | AG29: =IF(V29="","",AG28*(AA29/AA28))
B30: =IF(C29=12,B29+1,B29) | C30: =IF(C29=12,1,C29+1) | D30: =IF(F30="12월",(E30+1)&VLOOKUP(F30,인덱스!$C:$D,2,0),E30&VLOOKUP(F30,인덱스!$C:$D,2,0)) | E30: ="20"&B30 | F30: =C30&"월" | G30: =B30&"."&VLOOKUP(F30,인덱스!$A:$B,2,0) | H30: =IFERROR(VLOOKUP(G30,#REF!,2,0),) | I30: =IF(Q30="","",I29*(Q30/Q29)) | J30: =IF(R30="","",J29*(R30/R29)) | K30: =IF(S30="","",K29*(S30/S29)) | L30: =IF(U30="","",L29*(U30/U29)) | M30: =IF(V30="","",M29*(V30/V29)) | Q30: =IFERROR(__xludf.DUMMYFUNCTION("iferror(index('지수RAW'!$V$7:$V$12040,MATCH($D30,'지수RAW'!$R$7:$R$12040,0)-1,1),GOOGLEFINANCE(Q$2))"),1987.01) | R30: =IFERROR(__xludf.DUMMYFUNCTION("iferror(index('지수RAW'!$F$7:$F$12040,MATCH($D30,'지수RAW'!$B$7:$B$12040,0)-1,1),GOOGLEFINANCE(R$2))"),2954.22) | S30: =IFERROR(__xludf.DUMMYFUNCTION("iferror(index('지수RAW'!$N$7:$N$12040,MATCH($D30,'지수RAW'!$J$7:$J$12040,0)-1,1),GOOGLEFINANCE(S$2))"),8567.37) | U30: {=IFERROR(INDEX(지수RAW!$AT$7:$AT$12040,MATCH($D30,지수RAW!$AP$7:$AP$12040,0)-1,1),지수RAW!$AU$4)} | V30: =IFERROR(__xludf.DUMMYFUNCTION("iferror(index('지수RAW'!$AL$7:$AL$12040,MATCH($D30,'지수RAW'!$AH$7:$AH$12040,0)-1,1),GOOGLEFINANCE(V$2))"),8531.393) | W30: =IFERROR(__xludf.DUMMYFUNCTION("iferror(index('지수RAW'!$AD$7:$AD$12040,MATCH($D30,'지수RAW'!$Z$7:$Z$12040,0)-1,1),GOOGLEFINANCE(W$2))"),1200.1) | X30: =$W30*R30 | Y30: =$W30*S30 | Z30: =$W30*U30 | AA30: =$W30*V30 | AC30: =IF(Q30="","",AC29*(W30/W29)) | AD30: =IF(R30="","",AD29*(X30/X29)) | AE30: =IF(S30="","",AE29*(Y30/Y29)) | AF30: =IF(U30="","",AF29*(Z30/Z29)) | AG30: =IF(V30="","",AG29*(AA30/AA29))
B31: =IF(C30=12,B30+1,B30) | C31: =IF(C30=12,1,C30+1) | D31: =IF(F31="12월",(E31+1)&VLOOKUP(F31,인덱스!$C:$D,2,0),E31&VLOOKUP(F31,인덱스!$C:$D,2,0)) | E31: ="20"&B31 | F31: =C31&"월" | G31: =B31&"."&VLOOKUP(F31,인덱스!$A:$B,2,0) | H31: =IFERROR(VLOOKUP(G31,#REF!,2,0),) | I31: =IF(Q31="","",I30*(Q31/Q30)) | J31: =IF(R31="","",J30*(R31/R30)) | K31: =IF(S31="","",K30*(S31/S30)) | L31: =IF(U31="","",L30*(U31/U30)) | M31: =IF(V31="","",M30*(V31/V30)) | Q31: =IFERROR(__xludf.DUMMYFUNCTION("iferror(index('지수RAW'!$V$7:$V$12040,MATCH($D31,'지수RAW'!$R$7:$R$12040,0)-1,1),GOOGLEFINANCE(Q$2))"),1754.64) | R31: =IFERROR(__xludf.DUMMYFUNCTION("iferror(index('지수RAW'!$F$7:$F$12040,MATCH($D31,'지수RAW'!$B$7:$B$12040,0)-1,1),GOOGLEFINANCE(R$2))"),2584.59) | S31: =IFERROR(__xludf.DUMMYFUNCTION("iferror(index('지수RAW'!$N$7:$N$12040,MATCH($D31,'지수RAW'!$J$7:$J$12040,0)-1,1),GOOGLEFINANCE(S$2))"),7700.1) | U31: {=IFERROR(INDEX(지수RAW!$AT$7:$AT$12040,MATCH($D31,지수RAW!$AP$7:$AP$12040,0)-1,1),지수RAW!$AU$4)} | V31: =IFERROR(__xludf.DUMMYFUNCTION("iferror(index('지수RAW'!$AL$7:$AL$12040,MATCH($D31,'지수RAW'!$AH$7:$AH$12040,0)-1,1),GOOGLEFINANCE(V$2))"),6422.229) | W31: =IFERROR(__xludf.DUMMYFUNCTION("iferror(index('지수RAW'!$AD$7:$AD$12040,MATCH($D31,'지수RAW'!$Z$7:$Z$12040,0)-1,1),GOOGLEFINANCE(W$2))"),1216.66) | X31: =$W31*R31 | Y31: =$W31*S31 | Z31: =$W31*U31 | AA31: =$W31*V31 | AC31: =IF(Q31="","",AC30*(W31/W30)) | AD31: =IF(R31="","",AD30*(X31/X30)) | AE31: =IF(S31="","",AE30*(Y31/Y30)) | AF31: =IF(U31="","",AF30*(Z31/Z30)) | AG31: =IF(V31="","",AG30*(AA31/AA30))
B32: =IF(C31=12,B31+1,B31) | C32: =IF(C31=12,1,C31+1) | D32: =IF(F32="12월",(E32+1)&VLOOKUP(F32,인덱스!$C:$D,2,0),E32&VLOOKUP(F32,인덱스!$C:$D,2,0)) | E32: ="20"&B32 | F32: =C32&"월" | G32: =B32&"."&VLOOKUP(F32,인덱스!$A:$B,2,0) | H32: =IFERROR(VLOOKUP(G32,#REF!,2,0),) | I32: =IF(Q32="","",I31*(Q32/Q31)) | J32: =IF(R32="","",J31*(R32/R31)) | K32: =IF(S32="","",K31*(S32/S31)) | L32: =IF(U32="","",L31*(U32/U31)) | M32: =IF(V32="","",M31*(V32/V31)) | Q32: =IFERROR(__xludf.DUMMYFUNCTION("iferror(index('지수RAW'!$V$7:$V$12040,MATCH($D32,'지수RAW'!$R$7:$R$12040,0)-1,1),GOOGLEFINANCE(Q$2))"),1947.56) | R32: =IFERROR(__xludf.DUMMYFUNCTION("iferror(index('지수RAW'!$F$7:$F$12040,MATCH($D32,'지수RAW'!$B$7:$B$12040,0)-1,1),GOOGLEFINANCE(R$2))"),2912.43) | S32: =IFERROR(__xludf.DUMMYFUNCTION("iferror(index('지수RAW'!$N$7:$N$12040,MATCH($D32,'지수RAW'!$J$7:$J$12040,0)-1,1),GOOGLEFINANCE(S$2))"),8889.55) | U32: {=IFERROR(INDEX(지수RAW!$AT$7:$AT$12040,MATCH($D32,지수RAW!$AP$7:$AP$12040,0)-1,1),지수RAW!$AU$4)} | V32: =IFERROR(__xludf.DUMMYFUNCTION("iferror(index('지수RAW'!$AL$7:$AL$12040,MATCH($D32,'지수RAW'!$AH$7:$AH$12040,0)-1,1),GOOGLEFINANCE(V$2))"),8631.604) | W32: =IFERROR(__xludf.DUMMYFUNCTION("iferror(index('지수RAW'!$AD$7:$AD$12040,MATCH($D32,'지수RAW'!$Z$7:$Z$12040,0)-1,1),GOOGLEFINANCE(W$2))"),1212.96) | X32: =$W32*R32 | Y32: =$W32*S32 | Z32: =$W32*U32 | AA32: =$W32*V32 | AC32: =IF(Q32="","",AC31*(W32/W31)) | AD32: =IF(R32="","",AD31*(X32/X31)) | AE32: =IF(S32="","",AE31*(Y32/Y31)) | AF32: =IF(U32="","",AF31*(Z32/Z31)) | AG32: =IF(V32="","",AG31*(AA32/AA31))
B33: =IF(C32=12,B32+1,B32) | C33: =IF(C32=12,1,C32+1) | D33: =IF(F33="12월",(E33+1)&VLOOKUP(F33,인덱스!$C:$D,2,0),E33&VLOOKUP(F33,인덱스!$C:$D,2,0)) | E33: ="20"&B33 | F33: =C33&"월" | G33: =B33&"."&VLOOKUP(F33,인덱스!$A:$B,2,0) | H33: =IFERROR(VLOOKUP(G33,#REF!,2,0),) | I33: =IF(Q33="","",I32*(Q33/Q32)) | J33: =IF(R33="","",J32*(R33/R32)) | K33: =IF(S33="","",K32*(S33/S32)) | L33: =IF(U33="","",L32*(U33/U32)) | M33: =IF(V33="","",M32*(V33/V32)) | Q33: =IFERROR(__xludf.DUMMYFUNCTION("iferror(index('지수RAW'!$V$7:$V$12040,MATCH($D33,'지수RAW'!$R$7:$R$12040,0)-1,1),GOOGLEFINANCE(Q$2))"),2029.6) | R33: =IFERROR(__xludf.DUMMYFUNCTION("iferror(index('지수RAW'!$F$7:$F$12040,MATCH($D33,'지수RAW'!$B$7:$B$12040,0)-1,1),GOOGLEFINANCE(R$2))"),3044.31) | S33: =IFERROR(__xludf.DUMMYFUNCTION("iferror(index('지수RAW'!$N$7:$N$12040,MATCH($D33,'지수RAW'!$J$7:$J$12040,0)-1,1),GOOGLEFINANCE(S$2))"),9489.87) | U33: {=IFERROR(INDEX(지수RAW!$AT$7:$AT$12040,MATCH($D33,지수RAW!$AP$7:$AP$12040,0)-1,1),지수RAW!$AU$4)} | V33: =IFERROR(__xludf.DUMMYFUNCTION("iferror(index('지수RAW'!$AL$7:$AL$12040,MATCH($D33,'지수RAW'!$AH$7:$AH$12040,0)-1,1),GOOGLEFINANCE(V$2))"),9447.014) | W33: =IFERROR(__xludf.DUMMYFUNCTION("iferror(index('지수RAW'!$AD$7:$AD$12040,MATCH($D33,'지수RAW'!$Z$7:$Z$12040,0)-1,1),GOOGLEFINANCE(W$2))"),1230.47) | X33: =$W33*R33 | Y33: =$W33*S33 | Z33: =$W33*U33 | AA33: =$W33*V33 | AC33: =IF(Q33="","",AC32*(W33/W32)) | AD33: =IF(R33="","",AD32*(X33/X32)) | AE33: =IF(S33="","",AE32*(Y33/Y32)) | AF33: =IF(U33="","",AF32*(Z33/Z32)) | AG33: =IF(V33="","",AG32*(AA33/AA32))
B34: =IF(C33=12,B33+1,B33) | C34: =IF(C33=12,1,C33+1) | D34: =IF(F34="12월",(E34+1)&VLOOKUP(F34,인덱스!$C:$D,2,0),E34&VLOOKUP(F34,인덱스!$C:$D,2,0)) | E34: ="20"&B34 | F34: =C34&"월" | G34: =B34&"."&VLOOKUP(F34,인덱스!$A:$B,2,0) | H34: =IFERROR(VLOOKUP(G34,#REF!,2,0),) | I34: =IF(Q34="","",I33*(Q34/Q33)) | J34: =IF(R34="","",J33*(R34/R33)) | K34: =IF(S34="","",K33*(S34/S33)) | L34: =IF(U34="","",L33*(U34/U33)) | M34: =IF(V34="","",M33*(V34/V33)) | Q34: =IFERROR(__xludf.DUMMYFUNCTION("iferror(index('지수RAW'!$V$7:$V$12040,MATCH($D34,'지수RAW'!$R$7:$R$12040,0)-1,1),GOOGLEFINANCE(Q$2))"),2108.33) | R34: =IFERROR(__xludf.DUMMYFUNCTION("iferror(index('지수RAW'!$F$7:$F$12040,MATCH($D34,'지수RAW'!$B$7:$B$12040,0)-1,1),GOOGLEFINANCE(R$2))"),3100.29) | S34: =IFERROR(__xludf.DUMMYFUNCTION("iferror(index('지수RAW'!$N$7:$N$12040,MATCH($D34,'지수RAW'!$J$7:$J$12040,0)-1,1),GOOGLEFINANCE(S$2))"),10058.77) | U34: {=IFERROR(INDEX(지수RAW!$AT$7:$AT$12040,MATCH($D34,지수RAW!$AP$7:$AP$12040,0)-1,1),지수RAW!$AU$4)} | V34: =IFERROR(__xludf.DUMMYFUNCTION("iferror(index('지수RAW'!$AL$7:$AL$12040,MATCH($D34,'지수RAW'!$AH$7:$AH$12040,0)-1,1),GOOGLEFINANCE(V$2))"),9136.464) | W34: =IFERROR(__xludf.DUMMYFUNCTION("iferror(index('지수RAW'!$AD$7:$AD$12040,MATCH($D34,'지수RAW'!$Z$7:$Z$12040,0)-1,1),GOOGLEFINANCE(W$2))"),1198.39) | X34: =$W34*R34 | Y34: =$W34*S34 | Z34: =$W34*U34 | AA34: =$W34*V34 | AC34: =IF(Q34="","",AC33*(W34/W33)) | AD34: =IF(R34="","",AD33*(X34/X33)) | AE34: =IF(S34="","",AE33*(Y34/Y33)) | AF34: =IF(U34="","",AF33*(Z34/Z33)) | AG34: =IF(V34="","",AG33*(AA34/AA33))
B35: =IF(C34=12,B34+1,B34) | C35: =IF(C34=12,1,C34+1) | D35: =IF(F35="12월",(E35+1)&VLOOKUP(F35,인덱스!$C:$D,2,0),E35&VLOOKUP(F35,인덱스!$C:$D,2,0)) | E35: ="20"&B35 | F35: =C35&"월" | G35: =B35&"."&VLOOKUP(F35,인덱스!$A:$B,2,0) | H35: =IFERROR(VLOOKUP(G35,#REF!,2,0),) | I35: =IF(Q35="","",I34*(Q35/Q34)) | J35: =IF(R35="","",J34*(R35/R34)) | K35: =IF(S35="","",K34*(S35/S34)) | L35: =IF(U35="","",L34*(U35/U34)) | M35: =IF(V35="","",M34*(V35/V34)) | Q35: =IFERROR(__xludf.DUMMYFUNCTION("iferror(index('지수RAW'!$V$7:$V$12040,MATCH($D35,'지수RAW'!$R$7:$R$12040,0)-1,1),GOOGLEFINANCE(Q$2))"),2249.37) | R35: =IFERROR(__xludf.DUMMYFUNCTION("iferror(index('지수RAW'!$F$7:$F$12040,MATCH($D35,'지수RAW'!$B$7:$B$12040,0)-1,1),GOOGLEFINANCE(R$2))"),3271.12) | S35: =IFERROR(__xludf.DUMMYFUNCTION("iferror(index('지수RAW'!$N$7:$N$12040,MATCH($D35,'지수RAW'!$J$7:$J$12040,0)-1,1),GOOGLEFINANCE(S$2))"),10745.28) | U35: {=IFERROR(INDEX(지수RAW!$AT$7:$AT$12040,MATCH($D35,지수RAW!$AP$7:$AP$12040,0)-1,1),지수RAW!$AU$4)} | V35: =IFERROR(__xludf.DUMMYFUNCTION("iferror(index('지수RAW'!$AL$7:$AL$12040,MATCH($D35,'지수RAW'!$AH$7:$AH$12040,0)-1,1),GOOGLEFINANCE(V$2))"),11350.44) | W35: =IFERROR(__xludf.DUMMYFUNCTION("iferror(index('지수RAW'!$AD$7:$AD$12040,MATCH($D35,'지수RAW'!$Z$7:$Z$12040,0)-1,1),GOOGLEFINANCE(W$2))"),1192.47) | X35: =$W35*R35 | Y35: =$W35*S35 | Z35: =$W35*U35 | AA35: =$W35*V35 | AC35: =IF(Q35="","",AC34*(W35/W34)) | AD35: =IF(R35="","",AD34*(X35/X34)) | AE35: =IF(S35="","",AE34*(Y35/Y34)) | AF35: =IF(U35="","",AF34*(Z35/Z34)) | AG35: =IF(V35="","",AG34*(AA35/AA34))
B36: =IF(C35=12,B35+1,B35) | C36: =IF(C35=12,1,C35+1) | D36: =IF(F36="12월",(E36+1)&VLOOKUP(F36,인덱스!$C:$D,2,0),E36&VLOOKUP(F36,인덱스!$C:$D,2,0)) | E36: ="20"&B36 | F36: =C36&"월" | G36: =B36&"."&VLOOKUP(F36,인덱스!$A:$B,2,0) | H36: =IFERROR(VLOOKUP(G36,#REF!,2,0),) | I36: =IF(Q36="","",I35*(Q36/Q35)) | J36: =IF(R36="","",J35*(R36/R35)) | K36: =IF(S36="","",K35*(S36/S35)) | L36: =IF(U36="","",L35*(U36/U35)) | M36: =IF(V36="","",M35*(V36/V35)) | Q36: =IFERROR(__xludf.DUMMYFUNCTION("iferror(index('지수RAW'!$V$7:$V$12040,MATCH($D36,'지수RAW'!$R$7:$R$12040,0)-1,1),GOOGLEFINANCE(Q$2))"),2326.17) | R36: =IFERROR(__xludf.DUMMYFUNCTION("iferror(index('지수RAW'!$F$7:$F$12040,MATCH($D36,'지수RAW'!$B$7:$B$12040,0)-1,1),GOOGLEFINANCE(R$2))"),3500.31) | S36: =IFERROR(__xludf.DUMMYFUNCTION("iferror(index('지수RAW'!$N$7:$N$12040,MATCH($D36,'지수RAW'!$J$7:$J$12040,0)-1,1),GOOGLEFINANCE(S$2))"),11775.46) | U36: {=IFERROR(INDEX(지수RAW!$AT$7:$AT$12040,MATCH($D36,지수RAW!$AP$7:$AP$12040,0)-1,1),지수RAW!$AU$4)} | V36: =IFERROR(__xludf.DUMMYFUNCTION("iferror(index('지수RAW'!$AL$7:$AL$12040,MATCH($D36,'지수RAW'!$AH$7:$AH$12040,0)-1,1),GOOGLEFINANCE(V$2))"),11656.86) | W36: =IFERROR(__xludf.DUMMYFUNCTION("iferror(index('지수RAW'!$AD$7:$AD$12040,MATCH($D36,'지수RAW'!$Z$7:$Z$12040,0)-1,1),GOOGLEFINANCE(W$2))"),1187.04) | X36: =$W36*R36 | Y36: =$W36*S36 | Z36: =$W36*U36 | AA36: =$W36*V36 | AC36: =IF(Q36="","",AC35*(W36/W35)) | AD36: =IF(R36="","",AD35*(X36/X35)) | AE36: =IF(S36="","",AE35*(Y36/Y35)) | AF36: =IF(U36="","",AF35*(Z36/Z35)) | AG36: =IF(V36="","",AG35*(AA36/AA35))
B37: =IF(C36=12,B36+1,B36) | C37: =IF(C36=12,1,C36+1) | D37: =IF(F37="12월",(E37+1)&VLOOKUP(F37,인덱스!$C:$D,2,0),E37&VLOOKUP(F37,인덱스!$C:$D,2,0)) | E37: ="20"&B37 | F37: =C37&"월" | G37: =B37&"."&VLOOKUP(F37,인덱스!$A:$B,2,0) | H37: =IFERROR(VLOOKUP(G37,#REF!,2,0),) | I37: =IF(Q37="","",I36*(Q37/Q36)) | J37: =IF(R37="","",J36*(R37/R36)) | K37: =IF(S37="","",K36*(S37/S36)) | L37: =IF(U37="","",L36*(U37/U36)) | M37: =IF(V37="","",M36*(V37/V36)) | Q37: =IFERROR(__xludf.DUMMYFUNCTION("iferror(index('지수RAW'!$V$7:$V$12040,MATCH($D37,'지수RAW'!$R$7:$R$12040,0)-1,1),GOOGLEFINANCE(Q$2))"),2327.89) | R37: =IFERROR(__xludf.DUMMYFUNCTION("iferror(index('지수RAW'!$F$7:$F$12040,MATCH($D37,'지수RAW'!$B$7:$B$12040,0)-1,1),GOOGLEFINANCE(R$2))"),3363) | S37: =IFERROR(__xludf.DUMMYFUNCTION("iferror(index('지수RAW'!$N$7:$N$12040,MATCH($D37,'지수RAW'!$J$7:$J$12040,0)-1,1),GOOGLEFINANCE(S$2))"),11167.51) | U37: {=IFERROR(INDEX(지수RAW!$AT$7:$AT$12040,MATCH($D37,지수RAW!$AP$7:$AP$12040,0)-1,1),지수RAW!$AU$4)} | V37: =IFERROR(__xludf.DUMMYFUNCTION("iferror(index('지수RAW'!$AL$7:$AL$12040,MATCH($D37,'지수RAW'!$AH$7:$AH$12040,0)-1,1),GOOGLEFINANCE(V$2))"),10779.78) | W37: =IFERROR(__xludf.DUMMYFUNCTION("iferror(index('지수RAW'!$AD$7:$AD$12040,MATCH($D37,'지수RAW'!$Z$7:$Z$12040,0)-1,1),GOOGLEFINANCE(W$2))"),1163.78) | X37: =$W37*R37 | Y37: =$W37*S37 | Z37: =$W37*U37 | AA37: =$W37*V37 | AC37: =IF(Q37="","",AC36*(W37/W36)) | AD37: =IF(R37="","",AD36*(X37/X36)) | AE37: =IF(S37="","",AE36*(Y37/Y36)) | AF37: =IF(U37="","",AF36*(Z37/Z36)) | AG37: =IF(V37="","",AG36*(AA37/AA36))
B38: =IF(C37=12,B37+1,B37) | C38: =IF(C37=12,1,C37+1) | D38: =IF(F38="12월",(E38+1)&VLOOKUP(F38,인덱스!$C:$D,2,0),E38&VLOOKUP(F38,인덱스!$C:$D,2,0)) | E38: ="20"&B38 | F38: =C38&"월" | G38: =B38&"."&VLOOKUP(F38,인덱스!$A:$B,2,0) | H38: =IFERROR(VLOOKUP(G38,#REF!,2,0),) | I38: =IF(Q38="","",I37*(Q38/Q37)) | J38: =IF(R38="","",J37*(R38/R37)) | K38: =IF(S38="","",K37*(S38/S37)) | L38: =IF(U38="","",L37*(U38/U37)) | M38: =IF(V38="","",M37*(V38/V37)) | Q38: =IFERROR(__xludf.DUMMYFUNCTION("iferror(index('지수RAW'!$V$7:$V$12040,MATCH($D38,'지수RAW'!$R$7:$R$12040,0)-1,1),GOOGLEFINANCE(Q$2))"),2267.15) | R38: =IFERROR(__xludf.DUMMYFUNCTION("iferror(index('지수RAW'!$F$7:$F$12040,MATCH($D38,'지수RAW'!$B$7:$B$12040,0)-1,1),GOOGLEFINANCE(R$2))"),3269.96) | S38: =IFERROR(__xludf.DUMMYFUNCTION("iferror(index('지수RAW'!$N$7:$N$12040,MATCH($D38,'지수RAW'!$J$7:$J$12040,0)-1,1),GOOGLEFINANCE(S$2))"),10911.59) | U38: {=IFERROR(INDEX(지수RAW!$AT$7:$AT$12040,MATCH($D38,지수RAW!$AP$7:$AP$12040,0)-1,1),지수RAW!$AU$4)} | V38: =IFERROR(__xludf.DUMMYFUNCTION("iferror(index('지수RAW'!$AL$7:$AL$12040,MATCH($D38,'지수RAW'!$AH$7:$AH$12040,0)-1,1),GOOGLEFINANCE(V$2))"),13798.8) | W38: =IFERROR(__xludf.DUMMYFUNCTION("iferror(index('지수RAW'!$AD$7:$AD$12040,MATCH($D38,'지수RAW'!$Z$7:$Z$12040,0)-1,1),GOOGLEFINANCE(W$2))"),1135.61) | X38: =$W38*R38 | Y38: =$W38*S38 | Z38: =$W38*U38 | AA38: =$W38*V38 | AC38: =IF(Q38="","",AC37*(W38/W37)) | AD38: =IF(R38="","",AD37*(X38/X37)) | AE38: =IF(S38="","",AE37*(Y38/Y37)) | AF38: =IF(U38="","",AF37*(Z38/Z37)) | AG38: =IF(V38="","",AG37*(AA38/AA37))
B39: =IF(C38=12,B38+1,B38) | C39: =IF(C38=12,1,C38+1) | D39: =IF(F39="12월",(E39+1)&VLOOKUP(F39,인덱스!$C:$D,2,0),E39&VLOOKUP(F39,인덱스!$C:$D,2,0)) | E39: ="20"&B39 | F39: =C39&"월" | G39: =B39&"."&VLOOKUP(F39,인덱스!$A:$B,2,0) | H39: =IFERROR(VLOOKUP(G39,#REF!,2,0),) | I39: =IF(Q39="","",I38*(Q39/Q38)) | J39: =IF(R39="","",J38*(R39/R38)) | K39: =IF(S39="","",K38*(S39/S38)) | L39: =IF(U39="","",L38*(U39/U38)) | M39: =IF(V39="","",M38*(V39/V38)) | Q39: =IFERROR(__xludf.DUMMYFUNCTION("iferror(index('지수RAW'!$V$7:$V$12040,MATCH($D39,'지수RAW'!$R$7:$R$12040,0)-1,1),GOOGLEFINANCE(Q$2))"),2591.34) | R39: =IFERROR(__xludf.DUMMYFUNCTION("iferror(index('지수RAW'!$F$7:$F$12040,MATCH($D39,'지수RAW'!$B$7:$B$12040,0)-1,1),GOOGLEFINANCE(R$2))"),3621.63) | S39: =IFERROR(__xludf.DUMMYFUNCTION("iferror(index('지수RAW'!$N$7:$N$12040,MATCH($D39,'지수RAW'!$J$7:$J$12040,0)-1,1),GOOGLEFINANCE(S$2))"),12198.74) | U39: {=IFERROR(INDEX(지수RAW!$AT$7:$AT$12040,MATCH($D39,지수RAW!$AP$7:$AP$12040,0)-1,1),지수RAW!$AU$4)} | V39: =IFERROR(__xludf.DUMMYFUNCTION("iferror(index('지수RAW'!$AL$7:$AL$12040,MATCH($D39,'지수RAW'!$AH$7:$AH$12040,0)-1,1),GOOGLEFINANCE(V$2))"),19704.15) | W39: =IFERROR(__xludf.DUMMYFUNCTION("iferror(index('지수RAW'!$AD$7:$AD$12040,MATCH($D39,'지수RAW'!$Z$7:$Z$12040,0)-1,1),GOOGLEFINANCE(W$2))"),1108.51) | X39: =$W39*R39 | Y39: =$W39*S39 | Z39: =$W39*U39 | AA39: =$W39*V39 | AC39: =IF(Q39="","",AC38*(W39/W38)) | AD39: =IF(R39="","",AD38*(X39/X38)) | AE39: =IF(S39="","",AE38*(Y39/Y38)) | AF39: =IF(U39="","",AF38*(Z39/Z38)) | AG39: =IF(V39="","",AG38*(AA39/AA38))
B40: =IF(C39=12,B39+1,B39) | C40: =IF(C39=12,1,C39+1) | D40: =IF(F40="12월",(E40+1)&VLOOKUP(F40,인덱스!$C:$D,2,0),E40&VLOOKUP(F40,인덱스!$C:$D,2,0)) | E40: ="20"&B40 | F40: =C40&"월" | G40: =B40&"."&VLOOKUP(F40,인덱스!$A:$B,2,0) | H40: =IFERROR(VLOOKUP(G40,#REF!,2,0),) | I40: =IF(Q40="","",I39*(Q40/Q39)) | J40: =IF(R40="","",J39*(R40/R39)) | K40: =IF(S40="","",K39*(S40/S39)) | L40: =IF(U40="","",L39*(U40/U39)) | M40: =IF(V40="","",M39*(V40/V39)) | Q40: =IFERROR(__xludf.DUMMYFUNCTION("iferror(index('지수RAW'!$V$7:$V$12040,MATCH($D40,'지수RAW'!$R$7:$R$12040,0)-1,1),GOOGLEFINANCE(Q$2))"),2873.47) | R40: =IFERROR(__xludf.DUMMYFUNCTION("iferror(index('지수RAW'!$F$7:$F$12040,MATCH($D40,'지수RAW'!$B$7:$B$12040,0)-1,1),GOOGLEFINANCE(R$2))"),3756.07) | S40: =IFERROR(__xludf.DUMMYFUNCTION("iferror(index('지수RAW'!$N$7:$N$12040,MATCH($D40,'지수RAW'!$J$7:$J$12040,0)-1,1),GOOGLEFINANCE(S$2))"),12888.28) | U40: {=IFERROR(INDEX(지수RAW!$AT$7:$AT$12040,MATCH($D40,지수RAW!$AP$7:$AP$12040,0)-1,1),지수RAW!$AU$4)} | V40: =IFERROR(__xludf.DUMMYFUNCTION("iferror(index('지수RAW'!$AL$7:$AL$12040,MATCH($D40,'지수RAW'!$AH$7:$AH$12040,0)-1,1),GOOGLEFINANCE(V$2))"),28943.58) | W40: =IFERROR(__xludf.DUMMYFUNCTION("iferror(index('지수RAW'!$AD$7:$AD$12040,MATCH($D40,'지수RAW'!$Z$7:$Z$12040,0)-1,1),GOOGLEFINANCE(W$2))"),1084.65) | X40: =$W40*R40 | Y40: =$W40*S40 | Z40: =$W40*U40 | AA40: =$W40*V40 | AC40: =IF(Q40="","",AC39*(W40/W39)) | AD40: =IF(R40="","",AD39*(X40/X39)) | AE40: =IF(S40="","",AE39*(Y40/Y39)) | AF40: =IF(U40="","",AF39*(Z40/Z39)) | AG40: =IF(V40="","",AG39*(AA40/AA39))
B41: =IF(C40=12,B40+1,B40) | C41: =IF(C40=12,1,C40+1) | D41: =IF(F41="12월",(E41+1)&VLOOKUP(F41,인덱스!$C:$D,2,0),E41&VLOOKUP(F41,인덱스!$C:$D,2,0)) | E41: ="20"&B41 | F41: =C41&"월" | G41: =B41&"."&VLOOKUP(F41,인덱스!$A:$B,2,0) | H41: =IFERROR(VLOOKUP(G41,#REF!,2,0),) | I41: =IF(Q41="","",I40*(Q41/Q40)) | J41: =IF(R41="","",J40*(R41/R40)) | K41: =IF(S41="","",K40*(S41/S40)) | L41: =IF(U41="","",L40*(U41/U40)) | M41: =IF(V41="","",M40*(V41/V40)) | Q41: =IFERROR(__xludf.DUMMYFUNCTION("iferror(index('지수RAW'!$V$7:$V$12040,MATCH($D41,'지수RAW'!$R$7:$R$12040,0)-1,1),GOOGLEFINANCE(Q$2))"),2976.21) | R41: =IFERROR(__xludf.DUMMYFUNCTION("iferror(index('지수RAW'!$F$7:$F$12040,MATCH($D41,'지수RAW'!$B$7:$B$12040,0)-1,1),GOOGLEFINANCE(R$2))"),3714.24) | S41: =IFERROR(__xludf.DUMMYFUNCTION("iferror(index('지수RAW'!$N$7:$N$12040,MATCH($D41,'지수RAW'!$J$7:$J$12040,0)-1,1),GOOGLEFINANCE(S$2))"),13070.7) | U41: {=IFERROR(INDEX(지수RAW!$AT$7:$AT$12040,MATCH($D41,지수RAW!$AP$7:$AP$12040,0)-1,1),지수RAW!$AU$4)} | V41: =IFERROR(__xludf.DUMMYFUNCTION("iferror(index('지수RAW'!$AL$7:$AL$12040,MATCH($D41,'지수RAW'!$AH$7:$AH$12040,0)-1,1),GOOGLEFINANCE(V$2))"),33119.93) | W41: =IFERROR(__xludf.DUMMYFUNCTION("iferror(index('지수RAW'!$AD$7:$AD$12040,MATCH($D41,'지수RAW'!$Z$7:$Z$12040,0)-1,1),GOOGLEFINANCE(W$2))"),1117.43) | X41: =$W41*R41 | Y41: =$W41*S41 | Z41: =$W41*U41 | AA41: =$W41*V41 | AC41: =IF(Q41="","",AC40*(W41/W40)) | AD41: =IF(R41="","",AD40*(X41/X40)) | AE41: =IF(S41="","",AE40*(Y41/Y40)) | AF41: =IF(U41="","",AF40*(Z41/Z40)) | AG41: =IF(V41="","",AG40*(AA41/AA40))
B42: =IF(C41=12,B41+1,B41) | C42: =IF(C41=12,1,C41+1) | D42: =IF(F42="12월",(E42+1)&VLOOKUP(F42,인덱스!$C:$D,2,0),E42&VLOOKUP(F42,인덱스!$C:$D,2,0)) | E42: ="20"&B42 | F42: =C42&"월" | G42: =B42&"."&VLOOKUP(F42,인덱스!$A:$B,2,0) | H42: =IFERROR(VLOOKUP(G42,#REF!,2,0),) | I42: =IF(Q42="","",I41*(Q42/Q41)) | J42: =IF(R42="","",J41*(R42/R41)) | K42: =IF(S42="","",K41*(S42/S41)) | L42: =IF(U42="","",L41*(U42/U41)) | M42: =IF(V42="","",M41*(V42/V41)) | Q42: =IFERROR(__xludf.DUMMYFUNCTION("iferror(index('지수RAW'!$V$7:$V$12040,MATCH($D42,'지수RAW'!$R$7:$R$12040,0)-1,1),GOOGLEFINANCE(Q$2))"),3012.95) | R42: =IFERROR(__xludf.DUMMYFUNCTION("iferror(index('지수RAW'!$F$7:$F$12040,MATCH($D42,'지수RAW'!$B$7:$B$12040,0)-1,1),GOOGLEFINANCE(R$2))"),3811.15) | S42: =IFERROR(__xludf.DUMMYFUNCTION("iferror(index('지수RAW'!$N$7:$N$12040,MATCH($D42,'지수RAW'!$J$7:$J$12040,0)-1,1),GOOGLEFINANCE(S$2))"),13192.35) | U42: {=IFERROR(INDEX(지수RAW!$AT$7:$AT$12040,MATCH($D42,지수RAW!$AP$7:$AP$12040,0)-1,1),지수RAW!$AU$4)} | V42: =IFERROR(__xludf.DUMMYFUNCTION("iferror(index('지수RAW'!$AL$7:$AL$12040,MATCH($D42,'지수RAW'!$AH$7:$AH$12040,0)-1,1),GOOGLEFINANCE(V$2))"),45203.05) | W42: =IFERROR(__xludf.DUMMYFUNCTION("iferror(index('지수RAW'!$AD$7:$AD$12040,MATCH($D42,'지수RAW'!$Z$7:$Z$12040,0)-1,1),GOOGLEFINANCE(W$2))"),1123.37) | X42: =$W42*R42 | Y42: =$W42*S42 | Z42: =$W42*U42 | AA42: =$W42*V42 | AC42: =IF(Q42="","",AC41*(W42/W41)) | AD42: =IF(R42="","",AD41*(X42/X41)) | AE42: =IF(S42="","",AE41*(Y42/Y41)) | AF42: =IF(U42="","",AF41*(Z42/Z41)) | AG42: =IF(V42="","",AG41*(AA42/AA41))
B43: =IF(C42=12,B42+1,B42) | C43: =IF(C42=12,1,C42+1) | D43: =IF(F43="12월",(E43+1)&VLOOKUP(F43,인덱스!$C:$D,2,0),E43&VLOOKUP(F43,인덱스!$C:$D,2,0)) | E43: ="20"&B43 | F43: =C43&"월" | G43: =B43&"."&VLOOKUP(F43,인덱스!$A:$B,2,0) | H43: =IFERROR(VLOOKUP(G43,#REF!,2,0),) | I43: =IF(Q43="","",I42*(Q43/Q42)) | J43: =IF(R43="","",J42*(R43/R42)) | K43: =IF(S43="","",K42*(S43/S42)) | L43: =IF(U43="","",L42*(U43/U42)) | M43: =IF(V43="","",M42*(V43/V42)) | Q43: =IFERROR(__xludf.DUMMYFUNCTION("iferror(index('지수RAW'!$V$7:$V$12040,MATCH($D43,'지수RAW'!$R$7:$R$12040,0)-1,1),GOOGLEFINANCE(Q$2))"),3061.42) | R43: =IFERROR(__xludf.DUMMYFUNCTION("iferror(index('지수RAW'!$F$7:$F$12040,MATCH($D43,'지수RAW'!$B$7:$B$12040,0)-1,1),GOOGLEFINANCE(R$2))"),3972.89) | S43: =IFERROR(__xludf.DUMMYFUNCTION("iferror(index('지수RAW'!$N$7:$N$12040,MATCH($D43,'지수RAW'!$J$7:$J$12040,0)-1,1),GOOGLEFINANCE(S$2))"),13246.87) | U43: {=IFERROR(INDEX(지수RAW!$AT$7:$AT$12040,MATCH($D43,지수RAW!$AP$7:$AP$12040,0)-1,1),지수RAW!$AU$4)} | V43: =IFERROR(__xludf.DUMMYFUNCTION("iferror(index('지수RAW'!$AL$7:$AL$12040,MATCH($D43,'지수RAW'!$AH$7:$AH$12040,0)-1,1),GOOGLEFINANCE(V$2))"),58794.94) | W43: =IFERROR(__xludf.DUMMYFUNCTION("iferror(index('지수RAW'!$AD$7:$AD$12040,MATCH($D43,'지수RAW'!$Z$7:$Z$12040,0)-1,1),GOOGLEFINANCE(W$2))"),1127.2) | X43: =$W43*R43 | Y43: =$W43*S43 | Z43: =$W43*U43 | AA43: =$W43*V43 | AC43: =IF(Q43="","",AC42*(W43/W42)) | AD43: =IF(R43="","",AD42*(X43/X42)) | AE43: =IF(S43="","",AE42*(Y43/Y42)) | AF43: =IF(U43="","",AF42*(Z43/Z42)) | AG43: =IF(V43="","",AG42*(AA43/AA42))
B44: =IF(C43=12,B43+1,B43) | C44: =IF(C43=12,1,C43+1) | D44: =IF(F44="12월",(E44+1)&VLOOKUP(F44,인덱스!$C:$D,2,0),E44&VLOOKUP(F44,인덱스!$C:$D,2,0)) | E44: ="20"&B44 | F44: =C44&"월" | G44: =B44&"."&VLOOKUP(F44,인덱스!$A:$B,2,0) | H44: =IFERROR(VLOOKUP(G44,#REF!,2,0),) | I44: =IF(Q44="","",I43*(Q44/Q43)) | J44: =IF(R44="","",J43*(R44/R43)) | K44: =IF(S44="","",K43*(S44/S43)) | L44: =IF(U44="","",L43*(U44/U43)) | M44: =IF(V44="","",M43*(V44/V43)) | Q44: =IFERROR(__xludf.DUMMYFUNCTION("iferror(index('지수RAW'!$V$7:$V$12040,MATCH($D44,'지수RAW'!$R$7:$R$12040,0)-1,1),GOOGLEFINANCE(Q$2))"),3147.86) | R44: =IFERROR(__xludf.DUMMYFUNCTION("iferror(index('지수RAW'!$F$7:$F$12040,MATCH($D44,'지수RAW'!$B$7:$B$12040,0)-1,1),GOOGLEFINANCE(R$2))"),4181.17) | S44: =IFERROR(__xludf.DUMMYFUNCTION("iferror(index('지수RAW'!$N$7:$N$12040,MATCH($D44,'지수RAW'!$J$7:$J$12040,0)-1,1),GOOGLEFINANCE(S$2))"),13962.68) | U44: {=IFERROR(INDEX(지수RAW!$AT$7:$AT$12040,MATCH($D44,지수RAW!$AP$7:$AP$12040,0)-1,1),지수RAW!$AU$4)} | V44: =IFERROR(__xludf.DUMMYFUNCTION("iferror(index('지수RAW'!$AL$7:$AL$12040,MATCH($D44,'지수RAW'!$AH$7:$AH$12040,0)-1,1),GOOGLEFINANCE(V$2))"),57766.05) | W44: =IFERROR(__xludf.DUMMYFUNCTION("iferror(index('지수RAW'!$AD$7:$AD$12040,MATCH($D44,'지수RAW'!$Z$7:$Z$12040,0)-1,1),GOOGLEFINANCE(W$2))"),1116.46) | X44: =$W44*R44 | Y44: =$W44*S44 | Z44: =$W44*U44 | AA44: =$W44*V44 | AC44: =IF(Q44="","",AC43*(W44/W43)) | AD44: =IF(R44="","",AD43*(X44/X43)) | AE44: =IF(S44="","",AE43*(Y44/Y43)) | AF44: =IF(U44="","",AF43*(Z44/Z43)) | AG44: =IF(V44="","",AG43*(AA44/AA43))
B45: =IF(C44=12,B44+1,B44) | C45: =IF(C44=12,1,C44+1) | D45: =IF(F45="12월",(E45+1)&VLOOKUP(F45,인덱스!$C:$D,2,0),E45&VLOOKUP(F45,인덱스!$C:$D,2,0)) | E45: ="20"&B45 | F45: =C45&"월" | G45: =B45&"."&VLOOKUP(F45,인덱스!$A:$B,2,0) | H45: =IFERROR(VLOOKUP(G45,#REF!,2,0),) | I45: =IF(Q45="","",I44*(Q45/Q44)) | J45: =IF(R45="","",J44*(R45/R44)) | K45: =IF(S45="","",K44*(S45/S44)) | L45: =IF(U45="","",L44*(U45/U44)) | M45: =IF(V45="","",M44*(V45/V44)) | Q45: =IFERROR(__xludf.DUMMYFUNCTION("iferror(index('지수RAW'!$V$7:$V$12040,MATCH($D45,'지수RAW'!$R$7:$R$12040,0)-1,1),GOOGLEFINANCE(Q$2))"),3203.92) | R45: =IFERROR(__xludf.DUMMYFUNCTION("iferror(index('지수RAW'!$F$7:$F$12040,MATCH($D45,'지수RAW'!$B$7:$B$12040,0)-1,1),GOOGLEFINANCE(R$2))"),4204.11) | S45: =IFERROR(__xludf.DUMMYFUNCTION("iferror(index('지수RAW'!$N$7:$N$12040,MATCH($D45,'지수RAW'!$J$7:$J$12040,0)-1,1),GOOGLEFINANCE(S$2))"),13748.74) | U45: {=IFERROR(INDEX(지수RAW!$AT$7:$AT$12040,MATCH($D45,지수RAW!$AP$7:$AP$12040,0)-1,1),지수RAW!$AU$4)} | V45: =IFERROR(__xludf.DUMMYFUNCTION("iferror(index('지수RAW'!$AL$7:$AL$12040,MATCH($D45,'지수RAW'!$AH$7:$AH$12040,0)-1,1),GOOGLEFINANCE(V$2))"),37309.36) | W45: =IFERROR(__xludf.DUMMYFUNCTION("iferror(index('지수RAW'!$AD$7:$AD$12040,MATCH($D45,'지수RAW'!$Z$7:$Z$12040,0)-1,1),GOOGLEFINANCE(W$2))"),1106.98) | X45: =$W45*R45 | Y45: =$W45*S45 | Z45: =$W45*U45 | AA45: =$W45*V45 | AC45: =IF(Q45="","",AC44*(W45/W44)) | AD45: =IF(R45="","",AD44*(X45/X44)) | AE45: =IF(S45="","",AE44*(Y45/Y44)) | AF45: =IF(U45="","",AF44*(Z45/Z44)) | AG45: =IF(V45="","",AG44*(AA45/AA44))
B46: =IF(C45=12,B45+1,B45) | C46: =IF(C45=12,1,C45+1) | D46: =IF(F46="12월",(E46+1)&VLOOKUP(F46,인덱스!$C:$D,2,0),E46&VLOOKUP(F46,인덱스!$C:$D,2,0)) | E46: ="20"&B46 | F46: =C46&"월" | G46: =B46&"."&VLOOKUP(F46,인덱스!$A:$B,2,0) | H46: =IFERROR(VLOOKUP(G46,#REF!,2,0),) | I46: =IF(Q46="","",I45*(Q46/Q45)) | J46: =IF(R46="","",J45*(R46/R45)) | K46: =IF(S46="","",K45*(S46/S45)) | L46: =IF(U46="","",L45*(U46/U45)) | M46: =IF(V46="","",M45*(V46/V45)) | Q46: =IFERROR(__xludf.DUMMYFUNCTION("iferror(index('지수RAW'!$V$7:$V$12040,MATCH($D46,'지수RAW'!$R$7:$R$12040,0)-1,1),GOOGLEFINANCE(Q$2))"),3296.68) | R46: =IFERROR(__xludf.DUMMYFUNCTION("iferror(index('지수RAW'!$F$7:$F$12040,MATCH($D46,'지수RAW'!$B$7:$B$12040,0)-1,1),GOOGLEFINANCE(R$2))"),4297.5) | S46: =IFERROR(__xludf.DUMMYFUNCTION("iferror(index('지수RAW'!$N$7:$N$12040,MATCH($D46,'지수RAW'!$J$7:$J$12040,0)-1,1),GOOGLEFINANCE(S$2))"),14503.95) | U46: {=IFERROR(INDEX(지수RAW!$AT$7:$AT$12040,MATCH($D46,지수RAW!$AP$7:$AP$12040,0)-1,1),지수RAW!$AU$4)} | V46: =IFERROR(__xludf.DUMMYFUNCTION("iferror(index('지수RAW'!$AL$7:$AL$12040,MATCH($D46,'지수RAW'!$AH$7:$AH$12040,0)-1,1),GOOGLEFINANCE(V$2))"),35031.71) | W46: =IFERROR(__xludf.DUMMYFUNCTION("iferror(index('지수RAW'!$AD$7:$AD$12040,MATCH($D46,'지수RAW'!$Z$7:$Z$12040,0)-1,1),GOOGLEFINANCE(W$2))"),1129.6) | X46: =$W46*R46 | Y46: =$W46*S46 | Z46: =$W46*U46 | AA46: =$W46*V46 | AC46: =IF(Q46="","",AC45*(W46/W45)) | AD46: =IF(R46="","",AD45*(X46/X45)) | AE46: =IF(S46="","",AE45*(Y46/Y45)) | AF46: =IF(U46="","",AF45*(Z46/Z45)) | AG46: =IF(V46="","",AG45*(AA46/AA45))
B47: =IF(C46=12,B46+1,B46) | C47: =IF(C46=12,1,C46+1) | D47: =IF(F47="12월",(E47+1)&VLOOKUP(F47,인덱스!$C:$D,2,0),E47&VLOOKUP(F47,인덱스!$C:$D,2,0)) | E47: ="20"&B47 | F47: =C47&"월" | G47: =B47&"."&VLOOKUP(F47,인덱스!$A:$B,2,0) | H47: =IFERROR(VLOOKUP(G47,#REF!,2,0),) | I47: =IF(Q47="","",I46*(Q47/Q46)) | J47: =IF(R47="","",J46*(R47/R46)) | K47: =IF(S47="","",K46*(S47/S46)) | L47: =IF(U47="","",L46*(U47/U46)) | M47: =IF(V47="","",M46*(V47/V46)) | Q47: =IFERROR(__xludf.DUMMYFUNCTION("iferror(index('지수RAW'!$V$7:$V$12040,MATCH($D47,'지수RAW'!$R$7:$R$12040,0)-1,1),GOOGLEFINANCE(Q$2))"),3202.32) | R47: =IFERROR(__xludf.DUMMYFUNCTION("iferror(index('지수RAW'!$F$7:$F$12040,MATCH($D47,'지수RAW'!$B$7:$B$12040,0)-1,1),GOOGLEFINANCE(R$2))"),4395.26) | S47: =IFERROR(__xludf.DUMMYFUNCTION("iferror(index('지수RAW'!$N$7:$N$12040,MATCH($D47,'지수RAW'!$J$7:$J$12040,0)-1,1),GOOGLEFINANCE(S$2))"),14672.68) | U47: {=IFERROR(INDEX(지수RAW!$AT$7:$AT$12040,MATCH($D47,지수RAW!$AP$7:$AP$12040,0)-1,1),지수RAW!$AU$4)} | V47: =IFERROR(__xludf.DUMMYFUNCTION("iferror(index('지수RAW'!$AL$7:$AL$12040,MATCH($D47,'지수RAW'!$AH$7:$AH$12040,0)-1,1),GOOGLEFINANCE(V$2))"),41538.9) | W47: =IFERROR(__xludf.DUMMYFUNCTION("iferror(index('지수RAW'!$AD$7:$AD$12040,MATCH($D47,'지수RAW'!$Z$7:$Z$12040,0)-1,1),GOOGLEFINANCE(W$2))"),1150.63) | X47: =$W47*R47 | Y47: =$W47*S47 | Z47: =$W47*U47 | AA47: =$W47*V47 | AC47: =IF(Q47="","",AC46*(W47/W46)) | AD47: =IF(R47="","",AD46*(X47/X46)) | AE47: =IF(S47="","",AE46*(Y47/Y46)) | AF47: =IF(U47="","",AF46*(Z47/Z46)) | AG47: =IF(V47="","",AG46*(AA47/AA46))
B48: =IF(C47=12,B47+1,B47) | C48: =IF(C47=12,1,C47+1) | D48: =IF(F48="12월",(E48+1)&VLOOKUP(F48,인덱스!$C:$D,2,0),E48&VLOOKUP(F48,인덱스!$C:$D,2,0)) | E48: ="20"&B48 | F48: =C48&"월" | G48: =B48&"."&VLOOKUP(F48,인덱스!$A:$B,2,0) | H48: =IFERROR(VLOOKUP(G48,#REF!,2,0),) | I48: =IF(Q48="","",I47*(Q48/Q47)) | J48: =IF(R48="","",J47*(R48/R47)) | K48: =IF(S48="","",K47*(S48/S47)) | L48: =IF(U48="","",L47*(U48/U47)) | M48: =IF(V48="","",M47*(V48/V47)) | Q48: =IFERROR(__xludf.DUMMYFUNCTION("iferror(index('지수RAW'!$V$7:$V$12040,MATCH($D48,'지수RAW'!$R$7:$R$12040,0)-1,1),GOOGLEFINANCE(Q$2))"),3199.27) | R48: =IFERROR(__xludf.DUMMYFUNCTION("iferror(index('지수RAW'!$F$7:$F$12040,MATCH($D48,'지수RAW'!$B$7:$B$12040,0)-1,1),GOOGLEFINANCE(R$2))"),4522.68) | S48: =IFERROR(__xludf.DUMMYFUNCTION("iferror(index('지수RAW'!$N$7:$N$12040,MATCH($D48,'지수RAW'!$J$7:$J$12040,0)-1,1),GOOGLEFINANCE(S$2))"),15259.24) | U48: {=IFERROR(INDEX(지수RAW!$AT$7:$AT$12040,MATCH($D48,지수RAW!$AP$7:$AP$12040,0)-1,1),지수RAW!$AU$4)} | V48: =IFERROR(__xludf.DUMMYFUNCTION("iferror(index('지수RAW'!$AL$7:$AL$12040,MATCH($D48,'지수RAW'!$AH$7:$AH$12040,0)-1,1),GOOGLEFINANCE(V$2))"),47135.83) | W48: =IFERROR(__xludf.DUMMYFUNCTION("iferror(index('지수RAW'!$AD$7:$AD$12040,MATCH($D48,'지수RAW'!$Z$7:$Z$12040,0)-1,1),GOOGLEFINANCE(W$2))"),1158.41) | X48: =$W48*R48 | Y48: =$W48*S48 | Z48: =$W48*U48 | AA48: =$W48*V48 | AC48: =IF(Q48="","",AC47*(W48/W47)) | AD48: =IF(R48="","",AD47*(X48/X47)) | AE48: =IF(S48="","",AE47*(Y48/Y47)) | AF48: =IF(U48="","",AF47*(Z48/Z47)) | AG48: =IF(V48="","",AG47*(AA48/AA47))
B49: =IF(C48=12,B48+1,B48) | C49: =IF(C48=12,1,C48+1) | D49: =IF(F49="12월",(E49+1)&VLOOKUP(F49,인덱스!$C:$D,2,0),E49&VLOOKUP(F49,인덱스!$C:$D,2,0)) | E49: ="20"&B49 | F49: =C49&"월" | G49: =B49&"."&VLOOKUP(F49,인덱스!$A:$B,2,0) | H49: =IFERROR(VLOOKUP(G49,#REF!,2,0),) | I49: =IF(Q49="","",I48*(Q49/Q48)) | J49: =IF(R49="","",J48*(R49/R48)) | K49: =IF(S49="","",K48*(S49/S48)) | L49: =IF(U49="","",L48*(U49/U48)) | M49: =IF(V49="","",M48*(V49/V48)) | Q49: =IFERROR(__xludf.DUMMYFUNCTION("iferror(index('지수RAW'!$V$7:$V$12040,MATCH($D49,'지수RAW'!$R$7:$R$12040,0)-1,1),GOOGLEFINANCE(Q$2))"),3068.82) | R49: =IFERROR(__xludf.DUMMYFUNCTION("iferror(index('지수RAW'!$F$7:$F$12040,MATCH($D49,'지수RAW'!$B$7:$B$12040,0)-1,1),GOOGLEFINANCE(R$2))"),4307.54) | S49: =IFERROR(__xludf.DUMMYFUNCTION("iferror(index('지수RAW'!$N$7:$N$12040,MATCH($D49,'지수RAW'!$J$7:$J$12040,0)-1,1),GOOGLEFINANCE(S$2))"),14448.58) | U49: {=IFERROR(INDEX(지수RAW!$AT$7:$AT$12040,MATCH($D49,지수RAW!$AP$7:$AP$12040,0)-1,1),지수RAW!$AU$4)} | V49: =IFERROR(__xludf.DUMMYFUNCTION("iferror(index('지수RAW'!$AL$7:$AL$12040,MATCH($D49,'지수RAW'!$AH$7:$AH$12040,0)-1,1),GOOGLEFINANCE(V$2))"),43788.04) | W49: =IFERROR(__xludf.DUMMYFUNCTION("iferror(index('지수RAW'!$AD$7:$AD$12040,MATCH($D49,'지수RAW'!$Z$7:$Z$12040,0)-1,1),GOOGLEFINANCE(W$2))"),1183.72) | X49: =$W49*R49 | Y49: =$W49*S49 | Z49: =$W49*U49 | AA49: =$W49*V49 | AC49: =IF(Q49="","",AC48*(W49/W48)) | AD49: =IF(R49="","",AD48*(X49/X48)) | AE49: =IF(S49="","",AE48*(Y49/Y48)) | AF49: =IF(U49="","",AF48*(Z49/Z48)) | AG49: =IF(V49="","",AG48*(AA49/AA48))
B50: =IF(C49=12,B49+1,B49) | C50: =IF(C49=12,1,C49+1) | D50: =IF(F50="12월",(E50+1)&VLOOKUP(F50,인덱스!$C:$D,2,0),E50&VLOOKUP(F50,인덱스!$C:$D,2,0)) | E50: ="20"&B50 | F50: =C50&"월" | G50: =B50&"."&VLOOKUP(F50,인덱스!$A:$B,2,0) | H50: =IFERROR(VLOOKUP(G50,#REF!,2,0),) | I50: =IF(Q50="","",I49*(Q50/Q49)) | J50: =IF(R50="","",J49*(R50/R49)) | K50: =IF(S50="","",K49*(S50/S49)) | L50: =IF(U50="","",L49*(U50/U49)) | M50: =IF(V50="","",M49*(V50/V49)) | Q50: =IFERROR(__xludf.DUMMYFUNCTION("iferror(index('지수RAW'!$V$7:$V$12040,MATCH($D50,'지수RAW'!$R$7:$R$12040,0)-1,1),GOOGLEFINANCE(Q$2))"),2970.68) | R50: =IFERROR(__xludf.DUMMYFUNCTION("iferror(index('지수RAW'!$F$7:$F$12040,MATCH($D50,'지수RAW'!$B$7:$B$12040,0)-1,1),GOOGLEFINANCE(R$2))"),4605.38) | S50: =IFERROR(__xludf.DUMMYFUNCTION("iferror(index('지수RAW'!$N$7:$N$12040,MATCH($D50,'지수RAW'!$J$7:$J$12040,0)-1,1),GOOGLEFINANCE(S$2))"),15498.39) | U50: {=IFERROR(INDEX(지수RAW!$AT$7:$AT$12040,MATCH($D50,지수RAW!$AP$7:$AP$12040,0)-1,1),지수RAW!$AU$4)} | V50: =IFERROR(__xludf.DUMMYFUNCTION("iferror(index('지수RAW'!$AL$7:$AL$12040,MATCH($D50,'지수RAW'!$AH$7:$AH$12040,0)-1,1),GOOGLEFINANCE(V$2))"),61340.66) | W50: =IFERROR(__xludf.DUMMYFUNCTION("iferror(index('지수RAW'!$AD$7:$AD$12040,MATCH($D50,'지수RAW'!$Z$7:$Z$12040,0)-1,1),GOOGLEFINANCE(W$2))"),1174.38) | X50: =$W50*R50 | Y50: =$W50*S50 | Z50: =$W50*U50 | AA50: =$W50*V50 | AC50: =IF(Q50="","",AC49*(W50/W49)) | AD50: =IF(R50="","",AD49*(X50/X49)) | AE50: =IF(S50="","",AE49*(Y50/Y49)) | AF50: =IF(U50="","",AF49*(Z50/Z49)) | AG50: =IF(V50="","",AG49*(AA50/AA49))
B51: =IF(C50=12,B50+1,B50) | C51: =IF(C50=12,1,C50+1) | D51: =IF(F51="12월",(E51+1)&VLOOKUP(F51,인덱스!$C:$D,2,0),E51&VLOOKUP(F51,인덱스!$C:$D,2,0)) | E51: ="20"&B51 | F51: =C51&"월" | G51: =B51&"."&VLOOKUP(F51,인덱스!$A:$B,2,0) | H51: =IFERROR(VLOOKUP(G51,#REF!,2,0),) | I51: =IF(Q51="","",I50*(Q51/Q50)) | J51: =IF(R51="","",J50*(R51/R50)) | K51: =IF(S51="","",K50*(S51/S50)) | L51: =IF(U51="","",L50*(U51/U50)) | M51: =IF(V51="","",M50*(V51/V50)) | Q51: =IFERROR(__xludf.DUMMYFUNCTION("iferror(index('지수RAW'!$V$7:$V$12040,MATCH($D51,'지수RAW'!$R$7:$R$12040,0)-1,1),GOOGLEFINANCE(Q$2))"),2839.01) | R51: =IFERROR(__xludf.DUMMYFUNCTION("iferror(index('지수RAW'!$F$7:$F$12040,MATCH($D51,'지수RAW'!$B$7:$B$12040,0)-1,1),GOOGLEFINANCE(R$2))"),4567) | S51: =IFERROR(__xludf.DUMMYFUNCTION("iferror(index('지수RAW'!$N$7:$N$12040,MATCH($D51,'지수RAW'!$J$7:$J$12040,0)-1,1),GOOGLEFINANCE(S$2))"),15537.69) | U51: {=IFERROR(INDEX(지수RAW!$AT$7:$AT$12040,MATCH($D51,지수RAW!$AP$7:$AP$12040,0)-1,1),지수RAW!$AU$4)} | V51: =IFERROR(__xludf.DUMMYFUNCTION("iferror(index('지수RAW'!$AL$7:$AL$12040,MATCH($D51,'지수RAW'!$AH$7:$AH$12040,0)-1,1),GOOGLEFINANCE(V$2))"),56959.33) | W51: =IFERROR(__xludf.DUMMYFUNCTION("iferror(index('지수RAW'!$AD$7:$AD$12040,MATCH($D51,'지수RAW'!$Z$7:$Z$12040,0)-1,1),GOOGLEFINANCE(W$2))"),1182.86) | X51: =$W51*R51 | Y51: =$W51*S51 | Z51: =$W51*U51 | AA51: =$W51*V51 | AC51: =IF(Q51="","",AC50*(W51/W50)) | AD51: =IF(R51="","",AD50*(X51/X50)) | AE51: =IF(S51="","",AE50*(Y51/Y50)) | AF51: =IF(U51="","",AF50*(Z51/Z50)) | AG51: =IF(V51="","",AG50*(AA51/AA50))
B52: =IF(C51=12,B51+1,B51) | C52: =IF(C51=12,1,C51+1) | D52: =IF(F52="12월",(E52+1)&VLOOKUP(F52,인덱스!$C:$D,2,0),E52&VLOOKUP(F52,인덱스!$C:$D,2,0)) | E52: ="20"&B52 | F52: =C52&"월" | G52: =B52&"."&VLOOKUP(F52,인덱스!$A:$B,2,0) | H52: =IFERROR(VLOOKUP(G52,#REF!,2,0),) | I52: =IF(Q52="","",I51*(Q52/Q51)) | J52: =IF(R52="","",J51*(R52/R51)) | K52: =IF(S52="","",K51*(S52/S51)) | L52: =IF(U52="","",L51*(U52/U51)) | M52: =IF(V52="","",M51*(V52/V51)) | Q52: =IFERROR(__xludf.DUMMYFUNCTION("iferror(index('지수RAW'!$V$7:$V$12040,MATCH($D52,'지수RAW'!$R$7:$R$12040,0)-1,1),GOOGLEFINANCE(Q$2))"),2977.65) | R52: =IFERROR(__xludf.DUMMYFUNCTION("iferror(index('지수RAW'!$F$7:$F$12040,MATCH($D52,'지수RAW'!$B$7:$B$12040,0)-1,1),GOOGLEFINANCE(R$2))"),4766.18) | S52: =IFERROR(__xludf.DUMMYFUNCTION("iferror(index('지수RAW'!$N$7:$N$12040,MATCH($D52,'지수RAW'!$J$7:$J$12040,0)-1,1),GOOGLEFINANCE(S$2))"),15644.97) | U52: {=IFERROR(INDEX(지수RAW!$AT$7:$AT$12040,MATCH($D52,지수RAW!$AP$7:$AP$12040,0)-1,1),지수RAW!$AU$4)} | V52: =IFERROR(__xludf.DUMMYFUNCTION("iferror(index('지수RAW'!$AL$7:$AL$12040,MATCH($D52,'지수RAW'!$AH$7:$AH$12040,0)-1,1),GOOGLEFINANCE(V$2))"),46203.3) | W52: =IFERROR(__xludf.DUMMYFUNCTION("iferror(index('지수RAW'!$AD$7:$AD$12040,MATCH($D52,'지수RAW'!$Z$7:$Z$12040,0)-1,1),GOOGLEFINANCE(W$2))"),1187.78) | X52: =$W52*R52 | Y52: =$W52*S52 | Z52: =$W52*U52 | AA52: =$W52*V52 | AC52: =IF(Q52="","",AC51*(W52/W51)) | AD52: =IF(R52="","",AD51*(X52/X51)) | AE52: =IF(S52="","",AE51*(Y52/Y51)) | AF52: =IF(U52="","",AF51*(Z52/Z51)) | AG52: =IF(V52="","",AG51*(AA52/AA51))
B53: =IF(C52=12,B52+1,B52) | C53: =IF(C52=12,1,C52+1) | D53: =IF(F53="12월",(E53+1)&VLOOKUP(F53,인덱스!$C:$D,2,0),E53&VLOOKUP(F53,인덱스!$C:$D,2,0)) | E53: ="20"&B53 | F53: =C53&"월" | G53: =B53&"."&VLOOKUP(F53,인덱스!$A:$B,2,0) | H53: =IFERROR(VLOOKUP(G53,#REF!,2,0),) | I53: =IF(Q53="","",I52*(Q53/Q52)) | J53: =IF(R53="","",J52*(R53/R52)) | K53: =IF(S53="","",K52*(S53/S52)) | L53: =IF(U53="","",L52*(U53/U52)) | M53: =IF(V53="","",M52*(V53/V52)) | Q53: =IFERROR(__xludf.DUMMYFUNCTION("iferror(index('지수RAW'!$V$7:$V$12040,MATCH($D53,'지수RAW'!$R$7:$R$12040,0)-1,1),GOOGLEFINANCE(Q$2))"),2663.34) | R53: =IFERROR(__xludf.DUMMYFUNCTION("iferror(index('지수RAW'!$F$7:$F$12040,MATCH($D53,'지수RAW'!$B$7:$B$12040,0)-1,1),GOOGLEFINANCE(R$2))"),4515.55) | S53: =IFERROR(__xludf.DUMMYFUNCTION("iferror(index('지수RAW'!$N$7:$N$12040,MATCH($D53,'지수RAW'!$J$7:$J$12040,0)-1,1),GOOGLEFINANCE(S$2))"),14239.88) | U53: {=IFERROR(INDEX(지수RAW!$AT$7:$AT$12040,MATCH($D53,지수RAW!$AP$7:$AP$12040,0)-1,1),지수RAW!$AU$4)} | V53: =IFERROR(__xludf.DUMMYFUNCTION("iferror(index('지수RAW'!$AL$7:$AL$12040,MATCH($D53,'지수RAW'!$AH$7:$AH$12040,0)-1,1),GOOGLEFINANCE(V$2))"),38494.39) | W53: =IFERROR(__xludf.DUMMYFUNCTION("iferror(index('지수RAW'!$AD$7:$AD$12040,MATCH($D53,'지수RAW'!$Z$7:$Z$12040,0)-1,1),GOOGLEFINANCE(W$2))"),1205.12) | X53: =$W53*R53 | Y53: =$W53*S53 | Z53: =$W53*U53 | AA53: =$W53*V53 | AC53: =IF(Q53="","",AC52*(W53/W52)) | AD53: =IF(R53="","",AD52*(X53/X52)) | AE53: =IF(S53="","",AE52*(Y53/Y52)) | AF53: =IF(U53="","",AF52*(Z53/Z52)) | AG53: =IF(V53="","",AG52*(AA53/AA52))
B54: =IF(C53=12,B53+1,B53) | C54: =IF(C53=12,1,C53+1) | D54: =IF(F54="12월",(E54+1)&VLOOKUP(F54,인덱스!$C:$D,2,0),E54&VLOOKUP(F54,인덱스!$C:$D,2,0)) | E54: ="20"&B54 | F54: =C54&"월" | G54: =B54&"."&VLOOKUP(F54,인덱스!$A:$B,2,0) | H54: =IFERROR(VLOOKUP(G54,#REF!,2,0),) | I54: =IF(Q54="","",I53*(Q54/Q53)) | J54: =IF(R54="","",J53*(R54/R53)) | K54: =IF(S54="","",K53*(S54/S53)) | L54: =IF(U54="","",L53*(U54/U53)) | M54: =IF(V54="","",M53*(V54/V53)) | Q54: =IFERROR(__xludf.DUMMYFUNCTION("iferror(index('지수RAW'!$V$7:$V$12040,MATCH($D54,'지수RAW'!$R$7:$R$12040,0)-1,1),GOOGLEFINANCE(Q$2))"),2699.18) | R54: =IFERROR(__xludf.DUMMYFUNCTION("iferror(index('지수RAW'!$F$7:$F$12040,MATCH($D54,'지수RAW'!$B$7:$B$12040,0)-1,1),GOOGLEFINANCE(R$2))"),4373.94) | S54: =IFERROR(__xludf.DUMMYFUNCTION("iferror(index('지수RAW'!$N$7:$N$12040,MATCH($D54,'지수RAW'!$J$7:$J$12040,0)-1,1),GOOGLEFINANCE(S$2))"),13751.4) | U54: {=IFERROR(INDEX(지수RAW!$AT$7:$AT$12040,MATCH($D54,지수RAW!$AP$7:$AP$12040,0)-1,1),지수RAW!$AU$4)} | V54: =IFERROR(__xludf.DUMMYFUNCTION("iferror(index('지수RAW'!$AL$7:$AL$12040,MATCH($D54,'지수RAW'!$AH$7:$AH$12040,0)-1,1),GOOGLEFINANCE(V$2))"),43193.8) | W54: =IFERROR(__xludf.DUMMYFUNCTION("iferror(index('지수RAW'!$AD$7:$AD$12040,MATCH($D54,'지수RAW'!$Z$7:$Z$12040,0)-1,1),GOOGLEFINANCE(W$2))"),1200.93) | X54: =$W54*R54 | Y54: =$W54*S54 | Z54: =$W54*U54 | AA54: =$W54*V54 | AC54: =IF(Q54="","",AC53*(W54/W53)) | AD54: =IF(R54="","",AD53*(X54/X53)) | AE54: =IF(S54="","",AE53*(Y54/Y53)) | AF54: =IF(U54="","",AF53*(Z54/Z53)) | AG54: =IF(V54="","",AG53*(AA54/AA53))
B55: =IF(C54=12,B54+1,B54) | C55: =IF(C54=12,1,C54+1) | D55: =IF(F55="12월",(E55+1)&VLOOKUP(F55,인덱스!$C:$D,2,0),E55&VLOOKUP(F55,인덱스!$C:$D,2,0)) | E55: ="20"&B55 | F55: =C55&"월" | G55: =B55&"."&VLOOKUP(F55,인덱스!$A:$B,2,0) | H55: =IFERROR(VLOOKUP(G55,#REF!,2,0),) | I55: =IF(Q55="","",I54*(Q55/Q54)) | J55: =IF(R55="","",J54*(R55/R54)) | K55: =IF(S55="","",K54*(S55/S54)) | L55: =IF(U55="","",L54*(U55/U54)) | M55: =IF(V55="","",M54*(V55/V54)) | Q55: =IFERROR(__xludf.DUMMYFUNCTION("iferror(index('지수RAW'!$V$7:$V$12040,MATCH($D55,'지수RAW'!$R$7:$R$12040,0)-1,1),GOOGLEFINANCE(Q$2))"),2757.65) | R55: =IFERROR(__xludf.DUMMYFUNCTION("iferror(index('지수RAW'!$F$7:$F$12040,MATCH($D55,'지수RAW'!$B$7:$B$12040,0)-1,1),GOOGLEFINANCE(R$2))"),4530.41) | S55: =IFERROR(__xludf.DUMMYFUNCTION("iferror(index('지수RAW'!$N$7:$N$12040,MATCH($D55,'지수RAW'!$J$7:$J$12040,0)-1,1),GOOGLEFINANCE(S$2))"),14220.52) | U55: {=IFERROR(INDEX(지수RAW!$AT$7:$AT$12040,MATCH($D55,지수RAW!$AP$7:$AP$12040,0)-1,1),지수RAW!$AU$4)} | V55: =IFERROR(__xludf.DUMMYFUNCTION("iferror(index('지수RAW'!$AL$7:$AL$12040,MATCH($D55,'지수RAW'!$AH$7:$AH$12040,0)-1,1),GOOGLEFINANCE(V$2))"),45521.5) | W55: =IFERROR(__xludf.DUMMYFUNCTION("iferror(index('지수RAW'!$AD$7:$AD$12040,MATCH($D55,'지수RAW'!$Z$7:$Z$12040,0)-1,1),GOOGLEFINANCE(W$2))"),1214.5) | X55: =$W55*R55 | Y55: =$W55*S55 | Z55: =$W55*U55 | AA55: =$W55*V55 | AC55: =IF(Q55="","",AC54*(W55/W54)) | AD55: =IF(R55="","",AD54*(X55/X54)) | AE55: =IF(S55="","",AE54*(Y55/Y54)) | AF55: =IF(U55="","",AF54*(Z55/Z54)) | AG55: =IF(V55="","",AG54*(AA55/AA54))
B56: =IF(C55=12,B55+1,B55) | C56: =IF(C55=12,1,C55+1) | D56: =IF(F56="12월",(E56+1)&VLOOKUP(F56,인덱스!$C:$D,2,0),E56&VLOOKUP(F56,인덱스!$C:$D,2,0)) | E56: ="20"&B56 | F56: =C56&"월" | G56: =B56&"."&VLOOKUP(F56,인덱스!$A:$B,2,0) | H56: =IFERROR(VLOOKUP(G56,#REF!,2,0),) | I56: =IF(Q56="","",I55*(Q56/Q55)) | J56: =IF(R56="","",J55*(R56/R55)) | K56: =IF(S56="","",K55*(S56/S55)) | L56: =IF(U56="","",L55*(U56/U55)) | M56: =IF(V56="","",M55*(V56/V55)) | Q56: =IFERROR(__xludf.DUMMYFUNCTION("iferror(index('지수RAW'!$V$7:$V$12040,MATCH($D56,'지수RAW'!$R$7:$R$12040,0)-1,1),GOOGLEFINANCE(Q$2))"),2695.05) | R56: =IFERROR(__xludf.DUMMYFUNCTION("iferror(index('지수RAW'!$F$7:$F$12040,MATCH($D56,'지수RAW'!$B$7:$B$12040,0)-1,1),GOOGLEFINANCE(R$2))"),4131.93) | S56: =IFERROR(__xludf.DUMMYFUNCTION("iferror(index('지수RAW'!$N$7:$N$12040,MATCH($D56,'지수RAW'!$J$7:$J$12040,0)-1,1),GOOGLEFINANCE(S$2))"),12334.64) | U56: {=IFERROR(INDEX(지수RAW!$AT$7:$AT$12040,MATCH($D56,지수RAW!$AP$7:$AP$12040,0)-1,1),지수RAW!$AU$4)} | V56: =IFERROR(__xludf.DUMMYFUNCTION("iferror(index('지수RAW'!$AL$7:$AL$12040,MATCH($D56,'지수RAW'!$AH$7:$AH$12040,0)-1,1),GOOGLEFINANCE(V$2))"),37648.9) | W56: =IFERROR(__xludf.DUMMYFUNCTION("iferror(index('지수RAW'!$AD$7:$AD$12040,MATCH($D56,'지수RAW'!$Z$7:$Z$12040,0)-1,1),GOOGLEFINANCE(W$2))"),1263.38) | X56: =$W56*R56 | Y56: =$W56*S56 | Z56: =$W56*U56 | AA56: =$W56*V56 | AC56: =IF(Q56="","",AC55*(W56/W55)) | AD56: =IF(R56="","",AD55*(X56/X55)) | AE56: =IF(S56="","",AE55*(Y56/Y55)) | AF56: =IF(U56="","",AF55*(Z56/Z55)) | AG56: =IF(V56="","",AG55*(AA56/AA55))
B57: =IF(C56=12,B56+1,B56) | C57: =IF(C56=12,1,C56+1) | D57: =IF(F57="12월",(E57+1)&VLOOKUP(F57,인덱스!$C:$D,2,0),E57&VLOOKUP(F57,인덱스!$C:$D,2,0)) | E57: ="20"&B57 | F57: =C57&"월" | G57: =B57&"."&VLOOKUP(F57,인덱스!$A:$B,2,0) | H57: =IFERROR(VLOOKUP(G57,#REF!,2,0),) | I57: =IF(Q57="","",I56*(Q57/Q56)) | J57: =IF(R57="","",J56*(R57/R56)) | K57: =IF(S57="","",K56*(S57/S56)) | L57: =IF(U57="","",L56*(U57/U56)) | M57: =IF(V57="","",M56*(V57/V56)) | Q57: =IFERROR(__xludf.DUMMYFUNCTION("iferror(index('지수RAW'!$V$7:$V$12040,MATCH($D57,'지수RAW'!$R$7:$R$12040,0)-1,1),GOOGLEFINANCE(Q$2))"),2685.9) | R57: =IFERROR(__xludf.DUMMYFUNCTION("iferror(index('지수RAW'!$F$7:$F$12040,MATCH($D57,'지수RAW'!$B$7:$B$12040,0)-1,1),GOOGLEFINANCE(R$2))"),4132.15) | S57: =IFERROR(__xludf.DUMMYFUNCTION("iferror(index('지수RAW'!$N$7:$N$12040,MATCH($D57,'지수RAW'!$J$7:$J$12040,0)-1,1),GOOGLEFINANCE(S$2))"),12081.39) | U57: {=IFERROR(INDEX(지수RAW!$AT$7:$AT$12040,MATCH($D57,지수RAW!$AP$7:$AP$12040,0)-1,1),지수RAW!$AU$4)} | V57: =IFERROR(__xludf.DUMMYFUNCTION("iferror(index('지수RAW'!$AL$7:$AL$12040,MATCH($D57,'지수RAW'!$AH$7:$AH$12040,0)-1,1),GOOGLEFINANCE(V$2))"),31772.85) | W57: =IFERROR(__xludf.DUMMYFUNCTION("iferror(index('지수RAW'!$AD$7:$AD$12040,MATCH($D57,'지수RAW'!$Z$7:$Z$12040,0)-1,1),GOOGLEFINANCE(W$2))"),1241.74) | X57: =$W57*R57 | Y57: =$W57*S57 | Z57: =$W57*U57 | AA57: =$W57*V57 | AC57: =IF(Q57="","",AC56*(W57/W56)) | AD57: =IF(R57="","",AD56*(X57/X56)) | AE57: =IF(S57="","",AE56*(Y57/Y56)) | AF57: =IF(U57="","",AF56*(Z57/Z56)) | AG57: =IF(V57="","",AG56*(AA57/AA56))
B58: =IF(C57=12,B57+1,B57) | C58: =IF(C57=12,1,C57+1) | D58: =IF(F58="12월",(E58+1)&VLOOKUP(F58,인덱스!$C:$D,2,0),E58&VLOOKUP(F58,인덱스!$C:$D,2,0)) | E58: ="20"&B58 | F58: =C58&"월" | G58: =B58&"."&VLOOKUP(F58,인덱스!$A:$B,2,0) | H58: =IFERROR(VLOOKUP(G58,#REF!,2,0),) | I58: =IF(Q58="","",I57*(Q58/Q57)) | J58: =IF(R58="","",J57*(R58/R57)) | K58: =IF(S58="","",K57*(S58/S57)) | L58: =IF(U58="","",L57*(U58/U57)) | M58: =IF(V58="","",M57*(V58/V57)) | Q58: =IFERROR(__xludf.DUMMYFUNCTION("iferror(index('지수RAW'!$V$7:$V$12040,MATCH($D58,'지수RAW'!$R$7:$R$12040,0)-1,1),GOOGLEFINANCE(Q$2))"),2332.64) | R58: =IFERROR(__xludf.DUMMYFUNCTION("iferror(index('지수RAW'!$F$7:$F$12040,MATCH($D58,'지수RAW'!$B$7:$B$12040,0)-1,1),GOOGLEFINANCE(R$2))"),3785.38) | S58: =IFERROR(__xludf.DUMMYFUNCTION("iferror(index('지수RAW'!$N$7:$N$12040,MATCH($D58,'지수RAW'!$J$7:$J$12040,0)-1,1),GOOGLEFINANCE(S$2))"),11028.74) | U58: {=IFERROR(INDEX(지수RAW!$AT$7:$AT$12040,MATCH($D58,지수RAW!$AP$7:$AP$12040,0)-1,1),지수RAW!$AU$4)} | V58: =IFERROR(__xludf.DUMMYFUNCTION("iferror(index('지수RAW'!$AL$7:$AL$12040,MATCH($D58,'지수RAW'!$AH$7:$AH$12040,0)-1,1),GOOGLEFINANCE(V$2))"),19913.14) | W58: =IFERROR(__xludf.DUMMYFUNCTION("iferror(index('지수RAW'!$AD$7:$AD$12040,MATCH($D58,'지수RAW'!$Z$7:$Z$12040,0)-1,1),GOOGLEFINANCE(W$2))"),1287.71) | X58: =$W58*R58 | Y58: =$W58*S58 | Z58: =$W58*U58 | AA58: =$W58*V58 | AC58: =IF(Q58="","",AC57*(W58/W57)) | AD58: =IF(R58="","",AD57*(X58/X57)) | AE58: =IF(S58="","",AE57*(Y58/Y57)) | AF58: =IF(U58="","",AF57*(Z58/Z57)) | AG58: =IF(V58="","",AG57*(AA58/AA57))
B59: =IF(C58=12,B58+1,B58) | C59: =IF(C58=12,1,C58+1) | D59: =IF(F59="12월",(E59+1)&VLOOKUP(F59,인덱스!$C:$D,2,0),E59&VLOOKUP(F59,인덱스!$C:$D,2,0)) | E59: ="20"&B59 | F59: =C59&"월" | G59: =B59&"."&VLOOKUP(F59,인덱스!$A:$B,2,0) | H59: =IFERROR(VLOOKUP(G59,#REF!,2,0),) | I59: =IF(Q59="","",I58*(Q59/Q58)) | J59: =IF(R59="","",J58*(R59/R58)) | K59: =IF(S59="","",K58*(S59/S58)) | L59: =IF(U59="","",L58*(U59/U58)) | M59: =IF(V59="","",M58*(V59/V58)) | Q59: =IFERROR(__xludf.DUMMYFUNCTION("iferror(index('지수RAW'!$V$7:$V$12040,MATCH($D59,'지수RAW'!$R$7:$R$12040,0)-1,1),GOOGLEFINANCE(Q$2))"),2451.5) | R59: =IFERROR(__xludf.DUMMYFUNCTION("iferror(index('지수RAW'!$F$7:$F$12040,MATCH($D59,'지수RAW'!$B$7:$B$12040,0)-1,1),GOOGLEFINANCE(R$2))"),4130.29) | S59: =IFERROR(__xludf.DUMMYFUNCTION("iferror(index('지수RAW'!$N$7:$N$12040,MATCH($D59,'지수RAW'!$J$7:$J$12040,0)-1,1),GOOGLEFINANCE(S$2))"),12390.69) | U59: {=IFERROR(INDEX(지수RAW!$AT$7:$AT$12040,MATCH($D59,지수RAW!$AP$7:$AP$12040,0)-1,1),지수RAW!$AU$4)} | V59: =IFERROR(__xludf.DUMMYFUNCTION("iferror(index('지수RAW'!$AL$7:$AL$12040,MATCH($D59,'지수RAW'!$AH$7:$AH$12040,0)-1,1),GOOGLEFINANCE(V$2))"),23308.66) | W59: =IFERROR(__xludf.DUMMYFUNCTION("iferror(index('지수RAW'!$AD$7:$AD$12040,MATCH($D59,'지수RAW'!$Z$7:$Z$12040,0)-1,1),GOOGLEFINANCE(W$2))"),1302.28) | X59: =$W59*R59 | Y59: =$W59*S59 | Z59: =$W59*U59 | AA59: =$W59*V59 | AC59: =IF(Q59="","",AC58*(W59/W58)) | AD59: =IF(R59="","",AD58*(X59/X58)) | AE59: =IF(S59="","",AE58*(Y59/Y58)) | AF59: =IF(U59="","",AF58*(Z59/Z58)) | AG59: =IF(V59="","",AG58*(AA59/AA58))
B60: =IF(C59=12,B59+1,B59) | C60: =IF(C59=12,1,C59+1) | D60: =IF(F60="12월",(E60+1)&VLOOKUP(F60,인덱스!$C:$D,2,0),E60&VLOOKUP(F60,인덱스!$C:$D,2,0)) | E60: ="20"&B60 | F60: =C60&"월" | G60: =B60&"."&VLOOKUP(F60,인덱스!$A:$B,2,0) | H60: =IFERROR(VLOOKUP(G60,#REF!,2,0),) | I60: =IF(Q60="","",I59*(Q60/Q59)) | J60: =IF(R60="","",J59*(R60/R59)) | K60: =IF(S60="","",K59*(S60/S59)) | L60: =IF(U60="","",L59*(U60/U59)) | M60: =IF(V60="","",M59*(V60/V59)) | Q60: =IFERROR(__xludf.DUMMYFUNCTION("iferror(index('지수RAW'!$V$7:$V$12040,MATCH($D60,'지수RAW'!$R$7:$R$12040,0)-1,1),GOOGLEFINANCE(Q$2))"),2472.05) | R60: =IFERROR(__xludf.DUMMYFUNCTION("iferror(index('지수RAW'!$F$7:$F$12040,MATCH($D60,'지수RAW'!$B$7:$B$12040,0)-1,1),GOOGLEFINANCE(R$2))"),3955) | S60: =IFERROR(__xludf.DUMMYFUNCTION("iferror(index('지수RAW'!$N$7:$N$12040,MATCH($D60,'지수RAW'!$J$7:$J$12040,0)-1,1),GOOGLEFINANCE(S$2))"),11816.2) | U60: {=IFERROR(INDEX(지수RAW!$AT$7:$AT$12040,MATCH($D60,지수RAW!$AP$7:$AP$12040,0)-1,1),지수RAW!$AU$4)} | V60: =IFERROR(__xludf.DUMMYFUNCTION("iferror(index('지수RAW'!$AL$7:$AL$12040,MATCH($D60,'지수RAW'!$AH$7:$AH$12040,0)-1,1),GOOGLEFINANCE(V$2))"),20049.38) | W60: =IFERROR(__xludf.DUMMYFUNCTION("iferror(index('지수RAW'!$AD$7:$AD$12040,MATCH($D60,'지수RAW'!$Z$7:$Z$12040,0)-1,1),GOOGLEFINANCE(W$2))"),1342.26) | X60: =$W60*R60 | Y60: =$W60*S60 | Z60: =$W60*U60 | AA60: =$W60*V60 | AC60: =IF(Q60="","",AC59*(W60/W59)) | AD60: =IF(R60="","",AD59*(X60/X59)) | AE60: =IF(S60="","",AE59*(Y60/Y59)) | AF60: =IF(U60="","",AF59*(Z60/Z59)) | AG60: =IF(V60="","",AG59*(AA60/AA59))
B61: =IF(C60=12,B60+1,B60) | C61: =IF(C60=12,1,C60+1) | D61: =IF(F61="12월",(E61+1)&VLOOKUP(F61,인덱스!$C:$D,2,0),E61&VLOOKUP(F61,인덱스!$C:$D,2,0)) | E61: ="20"&B61 | F61: =C61&"월" | G61: =B61&"."&VLOOKUP(F61,인덱스!$A:$B,2,0) | H61: =IFERROR(VLOOKUP(G61,#REF!,2,0),) | I61: =IF(Q61="","",I60*(Q61/Q60)) | J61: =IF(R61="","",J60*(R61/R60)) | K61: =IF(S61="","",K60*(S61/S60)) | L61: =IF(U61="","",L60*(U61/U60)) | M61: =IF(V61="","",M60*(V61/V60)) | Q61: =IFERROR(__xludf.DUMMYFUNCTION("iferror(index('지수RAW'!$V$7:$V$12040,MATCH($D61,'지수RAW'!$R$7:$R$12040,0)-1,1),GOOGLEFINANCE(Q$2))"),2155.49) | R61: =IFERROR(__xludf.DUMMYFUNCTION("iferror(index('지수RAW'!$F$7:$F$12040,MATCH($D61,'지수RAW'!$B$7:$B$12040,0)-1,1),GOOGLEFINANCE(R$2))"),3585.62) | S61: =IFERROR(__xludf.DUMMYFUNCTION("iferror(index('지수RAW'!$N$7:$N$12040,MATCH($D61,'지수RAW'!$J$7:$J$12040,0)-1,1),GOOGLEFINANCE(S$2))"),10575.62) | U61: {=IFERROR(INDEX(지수RAW!$AT$7:$AT$12040,MATCH($D61,지수RAW!$AP$7:$AP$12040,0)-1,1),지수RAW!$AU$4)} | V61: =IFERROR(__xludf.DUMMYFUNCTION("iferror(index('지수RAW'!$AL$7:$AL$12040,MATCH($D61,'지수RAW'!$AH$7:$AH$12040,0)-1,1),GOOGLEFINANCE(V$2))"),19424.58) | W61: =IFERROR(__xludf.DUMMYFUNCTION("iferror(index('지수RAW'!$AD$7:$AD$12040,MATCH($D61,'지수RAW'!$Z$7:$Z$12040,0)-1,1),GOOGLEFINANCE(W$2))"),1439.13) | X61: =$W61*R61 | Y61: =$W61*S61 | Z61: =$W61*U61 | AA61: =$W61*V61 | AC61: =IF(Q61="","",AC60*(W61/W60)) | AD61: =IF(R61="","",AD60*(X61/X60)) | AE61: =IF(S61="","",AE60*(Y61/Y60)) | AF61: =IF(U61="","",AF60*(Z61/Z60)) | AG61: =IF(V61="","",AG60*(AA61/AA60))
B62: =IF(C61=12,B61+1,B61) | C62: =IF(C61=12,1,C61+1) | D62: =IF(F62="12월",(E62+1)&VLOOKUP(F62,인덱스!$C:$D,2,0),E62&VLOOKUP(F62,인덱스!$C:$D,2,0)) | E62: ="20"&B62 | F62: =C62&"월" | G62: =B62&"."&VLOOKUP(F62,인덱스!$A:$B,2,0) | H62: =IFERROR(VLOOKUP(G62,#REF!,2,0),) | I62: =IF(Q62="","",I61*(Q62/Q61)) | J62: =IF(R62="","",J61*(R62/R61)) | K62: =IF(S62="","",K61*(S62/S61)) | L62: =IF(U62="","",L61*(U62/U61)) | M62: =IF(V62="","",M61*(V62/V61)) | Q62: =IFERROR(__xludf.DUMMYFUNCTION("iferror(index('지수RAW'!$V$7:$V$12040,MATCH($D62,'지수RAW'!$R$7:$R$12040,0)-1,1),GOOGLEFINANCE(Q$2))"),2293.61) | R62: =IFERROR(__xludf.DUMMYFUNCTION("iferror(index('지수RAW'!$F$7:$F$12040,MATCH($D62,'지수RAW'!$B$7:$B$12040,0)-1,1),GOOGLEFINANCE(R$2))"),3871.98) | S62: =IFERROR(__xludf.DUMMYFUNCTION("iferror(index('지수RAW'!$N$7:$N$12040,MATCH($D62,'지수RAW'!$J$7:$J$12040,0)-1,1),GOOGLEFINANCE(S$2))"),10988.15) | U62: {=IFERROR(INDEX(지수RAW!$AT$7:$AT$12040,MATCH($D62,지수RAW!$AP$7:$AP$12040,0)-1,1),지수RAW!$AU$4)} | V62: =IFERROR(__xludf.DUMMYFUNCTION("iferror(index('지수RAW'!$AL$7:$AL$12040,MATCH($D62,'지수RAW'!$AH$7:$AH$12040,0)-1,1),GOOGLEFINANCE(V$2))"),20492.16) | W62: =IFERROR(__xludf.DUMMYFUNCTION("iferror(index('지수RAW'!$AD$7:$AD$12040,MATCH($D62,'지수RAW'!$Z$7:$Z$12040,0)-1,1),GOOGLEFINANCE(W$2))"),1424.67) | X62: =$W62*R62 | Y62: =$W62*S62 | Z62: =$W62*U62 | AA62: =$W62*V62 | AC62: =IF(Q62="","",AC61*(W62/W61)) | AD62: =IF(R62="","",AD61*(X62/X61)) | AE62: =IF(S62="","",AE61*(Y62/Y61)) | AF62: =IF(U62="","",AF61*(Z62/Z61)) | AG62: =IF(V62="","",AG61*(AA62/AA61))
B63: =IF(C62=12,B62+1,B62) | C63: =IF(C62=12,1,C62+1) | D63: =IF(F63="12월",(E63+1)&VLOOKUP(F63,인덱스!$C:$D,2,0),E63&VLOOKUP(F63,인덱스!$C:$D,2,0)) | E63: ="20"&B63 | F63: =C63&"월" | G63: =B63&"."&VLOOKUP(F63,인덱스!$A:$B,2,0) | H63: =IFERROR(VLOOKUP(G63,#REF!,2,0),) | I63: =IF(Q63="","",I62*(Q63/Q62)) | J63: =IF(R63="","",J62*(R63/R62)) | K63: =IF(S63="","",K62*(S63/S62)) | L63: =IF(U63="","",L62*(U63/U62)) | M63: =IF(V63="","",M62*(V63/V62)) | Q63: =IFERROR(__xludf.DUMMYFUNCTION("iferror(index('지수RAW'!$V$7:$V$12040,MATCH($D63,'지수RAW'!$R$7:$R$12040,0)-1,1),GOOGLEFINANCE(Q$2))"),2472.53) | R63: =IFERROR(__xludf.DUMMYFUNCTION("iferror(index('지수RAW'!$F$7:$F$12040,MATCH($D63,'지수RAW'!$B$7:$B$12040,0)-1,1),GOOGLEFINANCE(R$2))"),4080.11) | S63: =IFERROR(__xludf.DUMMYFUNCTION("iferror(index('지수RAW'!$N$7:$N$12040,MATCH($D63,'지수RAW'!$J$7:$J$12040,0)-1,1),GOOGLEFINANCE(S$2))"),11468) | U63: {=IFERROR(INDEX(지수RAW!$AT$7:$AT$12040,MATCH($D63,지수RAW!$AP$7:$AP$12040,0)-1,1),지수RAW!$AU$4)} | V63: =IFERROR(__xludf.DUMMYFUNCTION("iferror(index('지수RAW'!$AL$7:$AL$12040,MATCH($D63,'지수RAW'!$AH$7:$AH$12040,0)-1,1),GOOGLEFINANCE(V$2))"),17162.97) | W63: =IFERROR(__xludf.DUMMYFUNCTION("iferror(index('지수RAW'!$AD$7:$AD$12040,MATCH($D63,'지수RAW'!$Z$7:$Z$12040,0)-1,1),GOOGLEFINANCE(W$2))"),1279.8) | X63: =$W63*R63 | Y63: =$W63*S63 | Z63: =$W63*U63 | AA63: =$W63*V63 | AC63: =IF(Q63="","",AC62*(W63/W62)) | AD63: =IF(R63="","",AD62*(X63/X62)) | AE63: =IF(S63="","",AE62*(Y63/Y62)) | AF63: =IF(U63="","",AF62*(Z63/Z62)) | AG63: =IF(V63="","",AG62*(AA63/AA62))
B64: =IF(C63=12,B63+1,B63) | C64: =IF(C63=12,1,C63+1) | D64: =IF(F64="12월",(E64+1)&VLOOKUP(F64,인덱스!$C:$D,2,0),E64&VLOOKUP(F64,인덱스!$C:$D,2,0)) | E64: ="20"&B64 | F64: =C64&"월" | G64: =B64&"."&VLOOKUP(F64,인덱스!$A:$B,2,0) | H64: =IFERROR(VLOOKUP(G64,#REF!,2,0),) | I64: =IF(Q64="","",I63*(Q64/Q63)) | J64: =IF(R64="","",J63*(R64/R63)) | K64: =IF(S64="","",K63*(S64/S63)) | L64: =IF(U64="","",L63*(U64/U63)) | M64: =IF(V64="","",M63*(V64/V63)) | Q64: =IFERROR(__xludf.DUMMYFUNCTION("iferror(index('지수RAW'!$V$7:$V$12040,MATCH($D64,'지수RAW'!$R$7:$R$12040,0)-1,1),GOOGLEFINANCE(Q$2))"),2236.4) | R64: =IFERROR(__xludf.DUMMYFUNCTION("iferror(index('지수RAW'!$F$7:$F$12040,MATCH($D64,'지수RAW'!$B$7:$B$12040,0)-1,1),GOOGLEFINANCE(R$2))"),3839.5) | S64: =IFERROR(__xludf.DUMMYFUNCTION("iferror(index('지수RAW'!$N$7:$N$12040,MATCH($D64,'지수RAW'!$J$7:$J$12040,0)-1,1),GOOGLEFINANCE(S$2))"),10466.48) | U64: {=IFERROR(INDEX(지수RAW!$AT$7:$AT$12040,MATCH($D64,지수RAW!$AP$7:$AP$12040,0)-1,1),지수RAW!$AU$4)} | V64: =IFERROR(__xludf.DUMMYFUNCTION("iferror(index('지수RAW'!$AL$7:$AL$12040,MATCH($D64,'지수RAW'!$AH$7:$AH$12040,0)-1,1),GOOGLEFINANCE(V$2))"),16529.2) | W64: =IFERROR(__xludf.DUMMYFUNCTION("iferror(index('지수RAW'!$AD$7:$AD$12040,MATCH($D64,'지수RAW'!$Z$7:$Z$12040,0)-1,1),GOOGLEFINANCE(W$2))"),1260.91) | X64: =$W64*R64 | Y64: =$W64*S64 | Z64: =$W64*U64 | AA64: =$W64*V64 | AC64: =IF(Q64="","",AC63*(W64/W63)) | AD64: =IF(R64="","",AD63*(X64/X63)) | AE64: =IF(S64="","",AE63*(Y64/Y63)) | AF64: =IF(U64="","",AF63*(Z64/Z63)) | AG64: =IF(V64="","",AG63*(AA64/AA63))
B65: =IF(C64=12,B64+1,B64) | C65: =IF(C64=12,1,C64+1) | D65: =IF(F65="12월",(E65+1)&VLOOKUP(F65,인덱스!$C:$D,2,0),E65&VLOOKUP(F65,인덱스!$C:$D,2,0)) | E65: ="20"&B65 | F65: =C65&"월" | G65: =B65&"."&VLOOKUP(F65,인덱스!$A:$B,2,0) | H65: =IFERROR(VLOOKUP(G65,#REF!,2,0),) | I65: =IF(Q65="","",I64*(Q65/Q64)) | J65: =IF(R65="","",J64*(R65/R64)) | K65: =IF(S65="","",K64*(S65/S64)) | L65: =IF(U65="","",L64*(U65/U64)) | M65: =IF(V65="","",M64*(V65/V64)) | Q65: =IFERROR(__xludf.DUMMYFUNCTION("iferror(index('지수RAW'!$V$7:$V$12040,MATCH($D65,'지수RAW'!$R$7:$R$12040,0)-1,1),GOOGLEFINANCE(Q$2))"),2425.08) | R65: =IFERROR(__xludf.DUMMYFUNCTION("iferror(index('지수RAW'!$F$7:$F$12040,MATCH($D65,'지수RAW'!$B$7:$B$12040,0)-1,1),GOOGLEFINANCE(R$2))"),4076.6) | S65: =IFERROR(__xludf.DUMMYFUNCTION("iferror(index('지수RAW'!$N$7:$N$12040,MATCH($D65,'지수RAW'!$J$7:$J$12040,0)-1,1),GOOGLEFINANCE(S$2))"),11584.55) | U65: {=IFERROR(INDEX(지수RAW!$AT$7:$AT$12040,MATCH($D65,지수RAW!$AP$7:$AP$12040,0)-1,1),지수RAW!$AU$4)} | V65: =IFERROR(__xludf.DUMMYFUNCTION("iferror(index('지수RAW'!$AL$7:$AL$12040,MATCH($D65,'지수RAW'!$AH$7:$AH$12040,0)-1,1),GOOGLEFINANCE(V$2))"),23129.07) | W65: =IFERROR(__xludf.DUMMYFUNCTION("iferror(index('지수RAW'!$AD$7:$AD$12040,MATCH($D65,'지수RAW'!$Z$7:$Z$12040,0)-1,1),GOOGLEFINANCE(W$2))"),1232.15) | X65: =$W65*R65 | Y65: =$W65*S65 | Z65: =$W65*U65 | AA65: =$W65*V65 | AC65: =IF(Q65="","",AC64*(W65/W64)) | AD65: =IF(R65="","",AD64*(X65/X64)) | AE65: =IF(S65="","",AE64*(Y65/Y64)) | AF65: =IF(U65="","",AF64*(Z65/Z64)) | AG65: =IF(V65="","",AG64*(AA65/AA64))
B66: =IF(C65=12,B65+1,B65) | C66: =IF(C65=12,1,C65+1) | D66: =IF(F66="12월",(E66+1)&VLOOKUP(F66,인덱스!$C:$D,2,0),E66&VLOOKUP(F66,인덱스!$C:$D,2,0)) | E66: ="20"&B66 | F66: =C66&"월" | G66: =B66&"."&VLOOKUP(F66,인덱스!$A:$B,2,0) | H66: =IFERROR(VLOOKUP(G66,#REF!,2,0),) | I66: =IF(Q66="","",I65*(Q66/Q65)) | J66: =IF(R66="","",J65*(R66/R65)) | K66: =IF(S66="","",K65*(S66/S65)) | L66: =IF(U66="","",L65*(U66/U65)) | M66: =IF(V66="","",M65*(V66/V65)) | Q66: =IFERROR(__xludf.DUMMYFUNCTION("iferror(index('지수RAW'!$V$7:$V$12040,MATCH($D66,'지수RAW'!$R$7:$R$12040,0)-1,1),GOOGLEFINANCE(Q$2))"),2412.85) | R66: =IFERROR(__xludf.DUMMYFUNCTION("iferror(index('지수RAW'!$F$7:$F$12040,MATCH($D66,'지수RAW'!$B$7:$B$12040,0)-1,1),GOOGLEFINANCE(R$2))"),3970.15) | S66: =IFERROR(__xludf.DUMMYFUNCTION("iferror(index('지수RAW'!$N$7:$N$12040,MATCH($D66,'지수RAW'!$J$7:$J$12040,0)-1,1),GOOGLEFINANCE(S$2))"),11455.54) | U66: {=IFERROR(INDEX(지수RAW!$AT$7:$AT$12040,MATCH($D66,지수RAW!$AP$7:$AP$12040,0)-1,1),지수RAW!$AU$4)} | V66: =IFERROR(__xludf.DUMMYFUNCTION("iferror(index('지수RAW'!$AL$7:$AL$12040,MATCH($D66,'지수RAW'!$AH$7:$AH$12040,0)-1,1),GOOGLEFINANCE(V$2))"),23131.85) | W66: =IFERROR(__xludf.DUMMYFUNCTION("iferror(index('지수RAW'!$AD$7:$AD$12040,MATCH($D66,'지수RAW'!$Z$7:$Z$12040,0)-1,1),GOOGLEFINANCE(W$2))"),1321.6) | X66: =$W66*R66 | Y66: =$W66*S66 | Z66: =$W66*U66 | AA66: =$W66*V66 | AC66: =IF(Q66="","",AC65*(W66/W65)) | AD66: =IF(R66="","",AD65*(X66/X65)) | AE66: =IF(S66="","",AE65*(Y66/Y65)) | AF66: =IF(U66="","",AF65*(Z66/Z65)) | AG66: =IF(V66="","",AG65*(AA66/AA65))
B67: =IF(C66=12,B66+1,B66) | C67: =IF(C66=12,1,C66+1) | D67: =IF(F67="12월",(E67+1)&VLOOKUP(F67,인덱스!$C:$D,2,0),E67&VLOOKUP(F67,인덱스!$C:$D,2,0)) | E67: ="20"&B67 | F67: =C67&"월" | G67: =B67&"."&VLOOKUP(F67,인덱스!$A:$B,2,0) | H67: =IFERROR(VLOOKUP(G67,#REF!,2,0),) | I67: =IF(Q67="","",I66*(Q67/Q66)) | J67: =IF(R67="","",J66*(R67/R66)) | K67: =IF(S67="","",K66*(S67/S66)) | L67: =IF(U67="","",L66*(U67/U66)) | M67: =IF(V67="","",M66*(V67/V66)) | Q67: =IFERROR(__xludf.DUMMYFUNCTION("iferror(index('지수RAW'!$V$7:$V$12040,MATCH($D67,'지수RAW'!$R$7:$R$12040,0)-1,1),GOOGLEFINANCE(Q$2))"),2476.86) | R67: =IFERROR(__xludf.DUMMYFUNCTION("iferror(index('지수RAW'!$F$7:$F$12040,MATCH($D67,'지수RAW'!$B$7:$B$12040,0)-1,1),GOOGLEFINANCE(R$2))"),4109.31) | S67: =IFERROR(__xludf.DUMMYFUNCTION("iferror(index('지수RAW'!$N$7:$N$12040,MATCH($D67,'지수RAW'!$J$7:$J$12040,0)-1,1),GOOGLEFINANCE(S$2))"),12221.91) | U67: {=IFERROR(INDEX(지수RAW!$AT$7:$AT$12040,MATCH($D67,지수RAW!$AP$7:$AP$12040,0)-1,1),지수RAW!$AU$4)} | V67: =IFERROR(__xludf.DUMMYFUNCTION("iferror(index('지수RAW'!$AL$7:$AL$12040,MATCH($D67,'지수RAW'!$AH$7:$AH$12040,0)-1,1),GOOGLEFINANCE(V$2))"),28474.26) | W67: =IFERROR(__xludf.DUMMYFUNCTION("iferror(index('지수RAW'!$AD$7:$AD$12040,MATCH($D67,'지수RAW'!$Z$7:$Z$12040,0)-1,1),GOOGLEFINANCE(W$2))"),1306.15) | X67: =$W67*R67 | Y67: =$W67*S67 | Z67: =$W67*U67 | AA67: =$W67*V67 | AC67: =IF(Q67="","",AC66*(W67/W66)) | AD67: =IF(R67="","",AD66*(X67/X66)) | AE67: =IF(S67="","",AE66*(Y67/Y66)) | AF67: =IF(U67="","",AF66*(Z67/Z66)) | AG67: =IF(V67="","",AG66*(AA67/AA66))
B68: =IF(C67=12,B67+1,B67) | C68: =IF(C67=12,1,C67+1) | D68: =IF(F68="12월",(E68+1)&VLOOKUP(F68,인덱스!$C:$D,2,0),E68&VLOOKUP(F68,인덱스!$C:$D,2,0)) | E68: ="20"&B68 | F68: =C68&"월" | G68: =B68&"."&VLOOKUP(F68,인덱스!$A:$B,2,0) | H68: =IFERROR(VLOOKUP(G68,#REF!,2,0),) | I68: =IF(Q68="","",I67*(Q68/Q67)) | J68: =IF(R68="","",J67*(R68/R67)) | K68: =IF(S68="","",K67*(S68/S67)) | L68: =IF(U68="","",L67*(U68/U67)) | M68: =IF(V68="","",M67*(V68/V67)) | Q68: =IFERROR(__xludf.DUMMYFUNCTION("iferror(index('지수RAW'!$V$7:$V$12040,MATCH($D68,'지수RAW'!$R$7:$R$12040,0)-1,1),GOOGLEFINANCE(Q$2))"),2501.53) | R68: =IFERROR(__xludf.DUMMYFUNCTION("iferror(index('지수RAW'!$F$7:$F$12040,MATCH($D68,'지수RAW'!$B$7:$B$12040,0)-1,1),GOOGLEFINANCE(R$2))"),4169.48) | S68: =IFERROR(__xludf.DUMMYFUNCTION("iferror(index('지수RAW'!$N$7:$N$12040,MATCH($D68,'지수RAW'!$J$7:$J$12040,0)-1,1),GOOGLEFINANCE(S$2))"),12226.58) | U68: {=IFERROR(INDEX(지수RAW!$AT$7:$AT$12040,MATCH($D68,지수RAW!$AP$7:$AP$12040,0)-1,1),지수RAW!$AU$4)} | V68: =IFERROR(__xludf.DUMMYFUNCTION("iferror(index('지수RAW'!$AL$7:$AL$12040,MATCH($D68,'지수RAW'!$AH$7:$AH$12040,0)-1,1),GOOGLEFINANCE(V$2))"),29253.14) | W68: =IFERROR(__xludf.DUMMYFUNCTION("iferror(index('지수RAW'!$AD$7:$AD$12040,MATCH($D68,'지수RAW'!$Z$7:$Z$12040,0)-1,1),GOOGLEFINANCE(W$2))"),1337.17) | X68: =$W68*R68 | Y68: =$W68*S68 | Z68: =$W68*U68 | AA68: =$W68*V68 | AC68: =IF(Q68="","",AC67*(W68/W67)) | AD68: =IF(R68="","",AD67*(X68/X67)) | AE68: =IF(S68="","",AE67*(Y68/Y67)) | AF68: =IF(U68="","",AF67*(Z68/Z67)) | AG68: =IF(V68="","",AG67*(AA68/AA67))
B69: =IF(C68=12,B68+1,B68) | C69: =IF(C68=12,1,C68+1) | D69: =IF(F69="12월",(E69+1)&VLOOKUP(F69,인덱스!$C:$D,2,0),E69&VLOOKUP(F69,인덱스!$C:$D,2,0)) | E69: ="20"&B69 | F69: =C69&"월" | G69: =B69&"."&VLOOKUP(F69,인덱스!$A:$B,2,0) | H69: =IFERROR(VLOOKUP(G69,#REF!,2,0),) | I69: =IF(Q69="","",I68*(Q69/Q68)) | J69: =IF(R69="","",J68*(R69/R68)) | K69: =IF(S69="","",K68*(S69/S68)) | L69: =IF(U69="","",L68*(U69/U68)) | M69: =IF(V69="","",M68*(V69/V68)) | Q69: =IFERROR(__xludf.DUMMYFUNCTION("iferror(index('지수RAW'!$V$7:$V$12040,MATCH($D69,'지수RAW'!$R$7:$R$12040,0)-1,1),GOOGLEFINANCE(Q$2))"),2577.12) | R69: =IFERROR(__xludf.DUMMYFUNCTION("iferror(index('지수RAW'!$F$7:$F$12040,MATCH($D69,'지수RAW'!$B$7:$B$12040,0)-1,1),GOOGLEFINANCE(R$2))"),4179.83) | S69: =IFERROR(__xludf.DUMMYFUNCTION("iferror(index('지수RAW'!$N$7:$N$12040,MATCH($D69,'지수RAW'!$J$7:$J$12040,0)-1,1),GOOGLEFINANCE(S$2))"),12935.29) | U69: {=IFERROR(INDEX(지수RAW!$AT$7:$AT$12040,MATCH($D69,지수RAW!$AP$7:$AP$12040,0)-1,1),지수RAW!$AU$4)} | V69: =IFERROR(__xludf.DUMMYFUNCTION("iferror(index('지수RAW'!$AL$7:$AL$12040,MATCH($D69,'지수RAW'!$AH$7:$AH$12040,0)-1,1),GOOGLEFINANCE(V$2))"),27218.21) | W69: =IFERROR(__xludf.DUMMYFUNCTION("iferror(index('지수RAW'!$AD$7:$AD$12040,MATCH($D69,'지수RAW'!$Z$7:$Z$12040,0)-1,1),GOOGLEFINANCE(W$2))"),1321.74) | X69: =$W69*R69 | Y69: =$W69*S69 | Z69: =$W69*U69 | AA69: =$W69*V69 | AC69: =IF(Q69="","",AC68*(W69/W68)) | AD69: =IF(R69="","",AD68*(X69/X68)) | AE69: =IF(S69="","",AE68*(Y69/Y68)) | AF69: =IF(U69="","",AF68*(Z69/Z68)) | AG69: =IF(V69="","",AG68*(AA69/AA68))
B70: =IF(C69=12,B69+1,B69) | C70: =IF(C69=12,1,C69+1) | D70: =IF(F70="12월",(E70+1)&VLOOKUP(F70,인덱스!$C:$D,2,0),E70&VLOOKUP(F70,인덱스!$C:$D,2,0)) | E70: ="20"&B70 | F70: =C70&"월" | G70: =B70&"."&VLOOKUP(F70,인덱스!$A:$B,2,0) | H70: =IFERROR(VLOOKUP(G70,#REF!,2,0),) | I70: =IF(Q70="","",I69*(Q70/Q69)) | J70: =IF(R70="","",J69*(R70/R69)) | K70: =IF(S70="","",K69*(S70/S69)) | L70: =IF(U70="","",L69*(U70/U69)) | M70: =IF(V70="","",M69*(V70/V69)) | Q70: =IFERROR(__xludf.DUMMYFUNCTION("iferror(index('지수RAW'!$V$7:$V$12040,MATCH($D70,'지수RAW'!$R$7:$R$12040,0)-1,1),GOOGLEFINANCE(Q$2))"),2564.28) | R70: =IFERROR(__xludf.DUMMYFUNCTION("iferror(index('지수RAW'!$F$7:$F$12040,MATCH($D70,'지수RAW'!$B$7:$B$12040,0)-1,1),GOOGLEFINANCE(R$2))"),4450.38) | S70: =IFERROR(__xludf.DUMMYFUNCTION("iferror(index('지수RAW'!$N$7:$N$12040,MATCH($D70,'지수RAW'!$J$7:$J$12040,0)-1,1),GOOGLEFINANCE(S$2))"),13787.92) | U70: {=IFERROR(INDEX(지수RAW!$AT$7:$AT$12040,MATCH($D70,지수RAW!$AP$7:$AP$12040,0)-1,1),지수RAW!$AU$4)} | V70: =IFERROR(__xludf.DUMMYFUNCTION("iferror(index('지수RAW'!$AL$7:$AL$12040,MATCH($D70,'지수RAW'!$AH$7:$AH$12040,0)-1,1),GOOGLEFINANCE(V$2))"),30472.82) | W70: =IFERROR(__xludf.DUMMYFUNCTION("iferror(index('지수RAW'!$AD$7:$AD$12040,MATCH($D70,'지수RAW'!$Z$7:$Z$12040,0)-1,1),GOOGLEFINANCE(W$2))"),1315.3) | X70: =$W70*R70 | Y70: =$W70*S70 | Z70: =$W70*U70 | AA70: =$W70*V70 | AC70: =IF(Q70="","",AC69*(W70/W69)) | AD70: =IF(R70="","",AD69*(X70/X69)) | AE70: =IF(S70="","",AE69*(Y70/Y69)) | AF70: =IF(U70="","",AF69*(Z70/Z69)) | AG70: =IF(V70="","",AG69*(AA70/AA69))
B71: =IF(C70=12,B70+1,B70) | C71: =IF(C70=12,1,C70+1) | D71: =IF(F71="12월",(E71+1)&VLOOKUP(F71,인덱스!$C:$D,2,0),E71&VLOOKUP(F71,인덱스!$C:$D,2,0)) | E71: ="20"&B71 | F71: =C71&"월" | G71: =B71&"."&VLOOKUP(F71,인덱스!$A:$B,2,0) | H71: =IFERROR(VLOOKUP(G71,#REF!,2,0),) | I71: =IF(Q71="","",I70*(Q71/Q70)) | J71: =IF(R71="","",J70*(R71/R70)) | K71: =IF(S71="","",K70*(S71/S70)) | L71: =IF(U71="","",L70*(U71/U70)) | M71: =IF(V71="","",M70*(V71/V70)) | Q71: =IFERROR(__xludf.DUMMYFUNCTION("iferror(index('지수RAW'!$V$7:$V$12040,MATCH($D71,'지수RAW'!$R$7:$R$12040,0)-1,1),GOOGLEFINANCE(Q$2))"),2632.58) | R71: =IFERROR(__xludf.DUMMYFUNCTION("iferror(index('지수RAW'!$F$7:$F$12040,MATCH($D71,'지수RAW'!$B$7:$B$12040,0)-1,1),GOOGLEFINANCE(R$2))"),4588.96) | S71: =IFERROR(__xludf.DUMMYFUNCTION("iferror(index('지수RAW'!$N$7:$N$12040,MATCH($D71,'지수RAW'!$J$7:$J$12040,0)-1,1),GOOGLEFINANCE(S$2))"),14346.02) | U71: {=IFERROR(INDEX(지수RAW!$AT$7:$AT$12040,MATCH($D71,지수RAW!$AP$7:$AP$12040,0)-1,1),지수RAW!$AU$4)} | V71: =IFERROR(__xludf.DUMMYFUNCTION("iferror(index('지수RAW'!$AL$7:$AL$12040,MATCH($D71,'지수RAW'!$AH$7:$AH$12040,0)-1,1),GOOGLEFINANCE(V$2))"),29244.09) | W71: =IFERROR(__xludf.DUMMYFUNCTION("iferror(index('지수RAW'!$AD$7:$AD$12040,MATCH($D71,'지수RAW'!$Z$7:$Z$12040,0)-1,1),GOOGLEFINANCE(W$2))"),1277.93) | X71: =$W71*R71 | Y71: =$W71*S71 | Z71: =$W71*U71 | AA71: =$W71*V71 | AC71: =IF(Q71="","",AC70*(W71/W70)) | AD71: =IF(R71="","",AD70*(X71/X70)) | AE71: =IF(S71="","",AE70*(Y71/Y70)) | AF71: =IF(U71="","",AF70*(Z71/Z70)) | AG71: =IF(V71="","",AG70*(AA71/AA70))
B72: =IF(C71=12,B71+1,B71) | C72: =IF(C71=12,1,C71+1) | D72: =IF(F72="12월",(E72+1)&VLOOKUP(F72,인덱스!$C:$D,2,0),E72&VLOOKUP(F72,인덱스!$C:$D,2,0)) | E72: ="20"&B72 | F72: =C72&"월" | G72: =B72&"."&VLOOKUP(F72,인덱스!$A:$B,2,0) | H72: =IFERROR(VLOOKUP(G72,#REF!,2,0),) | I72: =IF(Q72="","",I71*(Q72/Q71)) | J72: =IF(R72="","",J71*(R72/R71)) | K72: =IF(S72="","",K71*(S72/S71)) | L72: =IF(U72="","",L71*(U72/U71)) | M72: =IF(V72="","",M71*(V72/V71)) | Q72: =IFERROR(__xludf.DUMMYFUNCTION("iferror(index('지수RAW'!$V$7:$V$12040,MATCH($D72,'지수RAW'!$R$7:$R$12040,0)-1,1),GOOGLEFINANCE(Q$2))"),2556.27) | R72: =IFERROR(__xludf.DUMMYFUNCTION("iferror(index('지수RAW'!$F$7:$F$12040,MATCH($D72,'지수RAW'!$B$7:$B$12040,0)-1,1),GOOGLEFINANCE(R$2))"),4507.66) | S72: =IFERROR(__xludf.DUMMYFUNCTION("iferror(index('지수RAW'!$N$7:$N$12040,MATCH($D72,'지수RAW'!$J$7:$J$12040,0)-1,1),GOOGLEFINANCE(S$2))"),14034.97) | U72: {=IFERROR(INDEX(지수RAW!$AT$7:$AT$12040,MATCH($D72,지수RAW!$AP$7:$AP$12040,0)-1,1),지수RAW!$AU$4)} | V72: =IFERROR(__xludf.DUMMYFUNCTION("iferror(index('지수RAW'!$AL$7:$AL$12040,MATCH($D72,'지수RAW'!$AH$7:$AH$12040,0)-1,1),GOOGLEFINANCE(V$2))"),25936.08) | W72: =IFERROR(__xludf.DUMMYFUNCTION("iferror(index('지수RAW'!$AD$7:$AD$12040,MATCH($D72,'지수RAW'!$Z$7:$Z$12040,0)-1,1),GOOGLEFINANCE(W$2))"),1324.64) | X72: =$W72*R72 | Y72: =$W72*S72 | Z72: =$W72*U72 | AA72: =$W72*V72 | AC72: =IF(Q72="","",AC71*(W72/W71)) | AD72: =IF(R72="","",AD71*(X72/X71)) | AE72: =IF(S72="","",AE71*(Y72/Y71)) | AF72: =IF(U72="","",AF71*(Z72/Z71)) | AG72: =IF(V72="","",AG71*(AA72/AA71))
B73: =IF(C72=12,B72+1,B72) | C73: =IF(C72=12,1,C72+1) | D73: =IF(F73="12월",(E73+1)&VLOOKUP(F73,인덱스!$C:$D,2,0),E73&VLOOKUP(F73,인덱스!$C:$D,2,0)) | E73: ="20"&B73 | F73: =C73&"월" | G73: =B73&"."&VLOOKUP(F73,인덱스!$A:$B,2,0) | H73: =IFERROR(VLOOKUP(G73,#REF!,2,0),) | I73: =IF(Q73="","",I72*(Q73/Q72)) | J73: =IF(R73="","",J72*(R73/R72)) | K73: =IF(S73="","",K72*(S73/S72)) | L73: =IF(U73="","",L72*(U73/U72)) | M73: =IF(V73="","",M72*(V73/V72)) | Q73: =IFERROR(__xludf.DUMMYFUNCTION("iferror(index('지수RAW'!$V$7:$V$12040,MATCH($D73,'지수RAW'!$R$7:$R$12040,0)-1,1),GOOGLEFINANCE(Q$2))"),2465.07) | R73: =IFERROR(__xludf.DUMMYFUNCTION("iferror(index('지수RAW'!$F$7:$F$12040,MATCH($D73,'지수RAW'!$B$7:$B$12040,0)-1,1),GOOGLEFINANCE(R$2))"),4288.05) | S73: =IFERROR(__xludf.DUMMYFUNCTION("iferror(index('지수RAW'!$N$7:$N$12040,MATCH($D73,'지수RAW'!$J$7:$J$12040,0)-1,1),GOOGLEFINANCE(S$2))"),13219.32) | U73: {=IFERROR(INDEX(지수RAW!$AT$7:$AT$12040,MATCH($D73,지수RAW!$AP$7:$AP$12040,0)-1,1),지수RAW!$AU$4)} | V73: =IFERROR(__xludf.DUMMYFUNCTION("iferror(index('지수RAW'!$AL$7:$AL$12040,MATCH($D73,'지수RAW'!$AH$7:$AH$12040,0)-1,1),GOOGLEFINANCE(V$2))"),26968.96) | W73: =IFERROR(__xludf.DUMMYFUNCTION("iferror(index('지수RAW'!$AD$7:$AD$12040,MATCH($D73,'지수RAW'!$Z$7:$Z$12040,0)-1,1),GOOGLEFINANCE(W$2))"),1351.93) | X73: =$W73*R73 | Y73: =$W73*S73 | Z73: =$W73*U73 | AA73: =$W73*V73 | AC73: =IF(Q73="","",AC72*(W73/W72)) | AD73: =IF(R73="","",AD72*(X73/X72)) | AE73: =IF(S73="","",AE72*(Y73/Y72)) | AF73: =IF(U73="","",AF72*(Z73/Z72)) | AG73: =IF(V73="","",AG72*(AA73/AA72))
B74: =IF(C73=12,B73+1,B73) | C74: =IF(C73=12,1,C73+1) | D74: =IF(F74="12월",(E74+1)&VLOOKUP(F74,인덱스!$C:$D,2,0),E74&VLOOKUP(F74,인덱스!$C:$D,2,0)) | E74: ="20"&B74 | F74: =C74&"월" | G74: =B74&"."&VLOOKUP(F74,인덱스!$A:$B,2,0) | H74: =IFERROR(VLOOKUP(G74,#REF!,2,0),) | I74: =IF(Q74="","",I73*(Q74/Q73)) | J74: =IF(R74="","",J73*(R74/R73)) | K74: =IF(S74="","",K73*(S74/S73)) | L74: =IF(U74="","",L73*(U74/U73)) | M74: =IF(V74="","",M73*(V74/V73)) | Q74: =IFERROR(__xludf.DUMMYFUNCTION("iferror(index('지수RAW'!$V$7:$V$12040,MATCH($D74,'지수RAW'!$R$7:$R$12040,0)-1,1),GOOGLEFINANCE(Q$2))"),2277.99) | R74: =IFERROR(__xludf.DUMMYFUNCTION("iferror(index('지수RAW'!$F$7:$F$12040,MATCH($D74,'지수RAW'!$B$7:$B$12040,0)-1,1),GOOGLEFINANCE(R$2))"),4193.8) | S74: =IFERROR(__xludf.DUMMYFUNCTION("iferror(index('지수RAW'!$N$7:$N$12040,MATCH($D74,'지수RAW'!$J$7:$J$12040,0)-1,1),GOOGLEFINANCE(S$2))"),12851.24) | U74: {=IFERROR(INDEX(지수RAW!$AT$7:$AT$12040,MATCH($D74,지수RAW!$AP$7:$AP$12040,0)-1,1),지수RAW!$AU$4)} | V74: =IFERROR(__xludf.DUMMYFUNCTION("iferror(index('지수RAW'!$AL$7:$AL$12040,MATCH($D74,'지수RAW'!$AH$7:$AH$12040,0)-1,1),GOOGLEFINANCE(V$2))"),34661.5) | W74: =IFERROR(__xludf.DUMMYFUNCTION("iferror(index('지수RAW'!$AD$7:$AD$12040,MATCH($D74,'지수RAW'!$Z$7:$Z$12040,0)-1,1),GOOGLEFINANCE(W$2))"),1350.16) | X74: =$W74*R74 | Y74: =$W74*S74 | Z74: =$W74*U74 | AA74: =$W74*V74 | AC74: =IF(Q74="","",AC73*(W74/W73)) | AD74: =IF(R74="","",AD73*(X74/X73)) | AE74: =IF(S74="","",AE73*(Y74/Y73)) | AF74: =IF(U74="","",AF73*(Z74/Z73)) | AG74: =IF(V74="","",AG73*(AA74/AA73))
B75: =IF(C74=12,B74+1,B74) | C75: =IF(C74=12,1,C74+1) | D75: =IF(F75="12월",(E75+1)&VLOOKUP(F75,인덱스!$C:$D,2,0),E75&VLOOKUP(F75,인덱스!$C:$D,2,0)) | E75: ="20"&B75 | F75: =C75&"월" | G75: =B75&"."&VLOOKUP(F75,인덱스!$A:$B,2,0) | H75: =IFERROR(VLOOKUP(G75,#REF!,2,0),) | I75: =IF(Q75="","",I74*(Q75/Q74)) | J75: =IF(R75="","",J74*(R75/R74)) | K75: =IF(S75="","",K74*(S75/S74)) | L75: =IF(U75="","",L74*(U75/U74)) | M75: =IF(V75="","",M74*(V75/V74)) | Q75: =IFERROR(__xludf.DUMMYFUNCTION("iferror(index('지수RAW'!$V$7:$V$12040,MATCH($D75,'지수RAW'!$R$7:$R$12040,0)-1,1),GOOGLEFINANCE(Q$2))"),2535.29) | R75: =IFERROR(__xludf.DUMMYFUNCTION("iferror(index('지수RAW'!$F$7:$F$12040,MATCH($D75,'지수RAW'!$B$7:$B$12040,0)-1,1),GOOGLEFINANCE(R$2))"),4567.8) | S75: =IFERROR(__xludf.DUMMYFUNCTION("iferror(index('지수RAW'!$N$7:$N$12040,MATCH($D75,'지수RAW'!$J$7:$J$12040,0)-1,1),GOOGLEFINANCE(S$2))"),14226.22) | U75: {=IFERROR(INDEX(지수RAW!$AT$7:$AT$12040,MATCH($D75,지수RAW!$AP$7:$AP$12040,0)-1,1),지수RAW!$AU$4)} | V75: =IFERROR(__xludf.DUMMYFUNCTION("iferror(index('지수RAW'!$AL$7:$AL$12040,MATCH($D75,'지수RAW'!$AH$7:$AH$12040,0)-1,1),GOOGLEFINANCE(V$2))"),37723.79) | W75: =IFERROR(__xludf.DUMMYFUNCTION("iferror(index('지수RAW'!$AD$7:$AD$12040,MATCH($D75,'지수RAW'!$Z$7:$Z$12040,0)-1,1),GOOGLEFINANCE(W$2))"),1296.66) | X75: =$W75*R75 | Y75: =$W75*S75 | Z75: =$W75*U75 | AA75: =$W75*V75 | AC75: =IF(Q75="","",AC74*(W75/W74)) | AD75: =IF(R75="","",AD74*(X75/X74)) | AE75: =IF(S75="","",AE74*(Y75/Y74)) | AF75: =IF(U75="","",AF74*(Z75/Z74)) | AG75: =IF(V75="","",AG74*(AA75/AA74))
B76: =IF(C75=12,B75+1,B75) | C76: =IF(C75=12,1,C75+1) | D76: =IF(F76="12월",(E76+1)&VLOOKUP(F76,인덱스!$C:$D,2,0),E76&VLOOKUP(F76,인덱스!$C:$D,2,0)) | E76: ="20"&B76 | F76: =C76&"월" | G76: =B76&"."&VLOOKUP(F76,인덱스!$A:$B,2,0) | H76: =IFERROR(VLOOKUP(G76,#REF!,2,0),) | I76: =IF(Q76="","",I75*(Q76/Q75)) | J76: =IF(R76="","",J75*(R76/R75)) | K76: =IF(S76="","",K75*(S76/S75)) | L76: =IF(U76="","",L75*(U76/U75)) | M76: =IF(V76="","",M75*(V76/V75)) | Q76: =IFERROR(__xludf.DUMMYFUNCTION("iferror(index('지수RAW'!$V$7:$V$12040,MATCH($D76,'지수RAW'!$R$7:$R$12040,0)-1,1),GOOGLEFINANCE(Q$2))"),2655.28) | R76: =IFERROR(__xludf.DUMMYFUNCTION("iferror(index('지수RAW'!$F$7:$F$12040,MATCH($D76,'지수RAW'!$B$7:$B$12040,0)-1,1),GOOGLEFINANCE(R$2))"),4769.83) | S76: =IFERROR(__xludf.DUMMYFUNCTION("iferror(index('지수RAW'!$N$7:$N$12040,MATCH($D76,'지수RAW'!$J$7:$J$12040,0)-1,1),GOOGLEFINANCE(S$2))"),15011.35) | U76: {=IFERROR(INDEX(지수RAW!$AT$7:$AT$12040,MATCH($D76,지수RAW!$AP$7:$AP$12040,0)-1,1),지수RAW!$AU$4)} | V76: =IFERROR(__xludf.DUMMYFUNCTION("iferror(index('지수RAW'!$AL$7:$AL$12040,MATCH($D76,'지수RAW'!$AH$7:$AH$12040,0)-1,1),GOOGLEFINANCE(V$2))"),42291.37) | W76: =IFERROR(__xludf.DUMMYFUNCTION("iferror(index('지수RAW'!$AD$7:$AD$12040,MATCH($D76,'지수RAW'!$Z$7:$Z$12040,0)-1,1),GOOGLEFINANCE(W$2))"),1293.53) | X76: =$W76*R76 | Y76: =$W76*S76 | Z76: =$W76*U76 | AA76: =$W76*V76 | AC76: =IF(Q76="","",AC75*(W76/W75)) | AD76: =IF(R76="","",AD75*(X76/X75)) | AE76: =IF(S76="","",AE75*(Y76/Y75)) | AF76: =IF(U76="","",AF75*(Z76/Z75)) | AG76: =IF(V76="","",AG75*(AA76/AA75))
B77: =IF(C76=12,B76+1,B76) | C77: =IF(C76=12,1,C76+1) | D77: =IF(F77="12월",(E77+1)&VLOOKUP(F77,인덱스!$C:$D,2,0),E77&VLOOKUP(F77,인덱스!$C:$D,2,0)) | E77: ="20"&B77 | F77: =C77&"월" | G77: =B77&"."&VLOOKUP(F77,인덱스!$A:$B,2,0) | H77: =IFERROR(VLOOKUP(G77,#REF!,2,0),) | I77: =IF(Q77="","",I76*(Q77/Q76)) | J77: =IF(R77="","",J76*(R77/R76)) | K77: =IF(S77="","",K76*(S77/S76)) | L77: =IF(U77="","",L76*(U77/U76)) | M77: =IF(V77="","",M76*(V77/V76)) | Q77: =IFERROR(__xludf.DUMMYFUNCTION("iferror(index('지수RAW'!$V$7:$V$12040,MATCH($D77,'지수RAW'!$R$7:$R$12040,0)-1,1),GOOGLEFINANCE(Q$2))"),2497.09) | R77: =IFERROR(__xludf.DUMMYFUNCTION("iferror(index('지수RAW'!$F$7:$F$12040,MATCH($D77,'지수RAW'!$B$7:$B$12040,0)-1,1),GOOGLEFINANCE(R$2))"),4845.65) | S77: =IFERROR(__xludf.DUMMYFUNCTION("iferror(index('지수RAW'!$N$7:$N$12040,MATCH($D77,'지수RAW'!$J$7:$J$12040,0)-1,1),GOOGLEFINANCE(S$2))"),15164.01) | U77: {=IFERROR(INDEX(지수RAW!$AT$7:$AT$12040,MATCH($D77,지수RAW!$AP$7:$AP$12040,0)-1,1),지수RAW!$AU$4)} | V77: =IFERROR(__xludf.DUMMYFUNCTION("iferror(index('지수RAW'!$AL$7:$AL$12040,MATCH($D77,'지수RAW'!$AH$7:$AH$12040,0)-1,1),GOOGLEFINANCE(V$2))"),42582.21) | W77: =IFERROR(__xludf.DUMMYFUNCTION("iferror(index('지수RAW'!$AD$7:$AD$12040,MATCH($D77,'지수RAW'!$Z$7:$Z$12040,0)-1,1),GOOGLEFINANCE(W$2))"),1333.91) | X77: =$W77*R77 | Y77: =$W77*S77 | Z77: =$W77*U77 | AA77: =$W77*V77 | AC77: =IF(Q77="","",AC76*(W77/W76)) | AD77: =IF(R77="","",AD76*(X77/X76)) | AE77: =IF(S77="","",AE76*(Y77/Y76)) | AF77: =IF(U77="","",AF76*(Z77/Z76)) | AG77: =IF(V77="","",AG76*(AA77/AA76))
B78: =IF(C77=12,B77+1,B77) | C78: =IF(C77=12,1,C77+1) | D78: =IF(F78="12월",(E78+1)&VLOOKUP(F78,인덱스!$C:$D,2,0),E78&VLOOKUP(F78,인덱스!$C:$D,2,0)) | E78: ="20"&B78 | F78: =C78&"월" | G78: =B78&"."&VLOOKUP(F78,인덱스!$A:$B,2,0) | H78: =IFERROR(VLOOKUP(G78,#REF!,2,0),) | I78: =IF(Q78="","",I77*(Q78/Q77)) | J78: =IF(R78="","",J77*(R78/R77)) | K78: =IF(S78="","",K77*(S78/S77)) | L78: =IF(U78="","",L77*(U78/U77)) | M78: =IF(V78="","",M77*(V78/V77)) | Q78: =IFERROR(__xludf.DUMMYFUNCTION("iferror(index('지수RAW'!$V$7:$V$12040,MATCH($D78,'지수RAW'!$R$7:$R$12040,0)-1,1),GOOGLEFINANCE(Q$2))"),2642.36) | R78: =IFERROR(__xludf.DUMMYFUNCTION("iferror(index('지수RAW'!$F$7:$F$12040,MATCH($D78,'지수RAW'!$B$7:$B$12040,0)-1,1),GOOGLEFINANCE(R$2))"),5096.27) | S78: =IFERROR(__xludf.DUMMYFUNCTION("iferror(index('지수RAW'!$N$7:$N$12040,MATCH($D78,'지수RAW'!$J$7:$J$12040,0)-1,1),GOOGLEFINANCE(S$2))"),16091.92) | U78: {=IFERROR(INDEX(지수RAW!$AT$7:$AT$12040,MATCH($D78,지수RAW!$AP$7:$AP$12040,0)-1,1),지수RAW!$AU$4)} | V78: =IFERROR(__xludf.DUMMYFUNCTION("iferror(index('지수RAW'!$AL$7:$AL$12040,MATCH($D78,'지수RAW'!$AH$7:$AH$12040,0)-1,1),GOOGLEFINANCE(V$2))"),61253.9) | W78: =IFERROR(__xludf.DUMMYFUNCTION("iferror(index('지수RAW'!$AD$7:$AD$12040,MATCH($D78,'지수RAW'!$Z$7:$Z$12040,0)-1,1),GOOGLEFINANCE(W$2))"),1335.2) | X78: =$W78*R78 | Y78: =$W78*S78 | Z78: =$W78*U78 | AA78: =$W78*V78 | AC78: =IF(Q78="","",AC77*(W78/W77)) | AD78: =IF(R78="","",AD77*(X78/X77)) | AE78: =IF(S78="","",AE77*(Y78/Y77)) | AF78: =IF(U78="","",AF77*(Z78/Z77)) | AG78: =IF(V78="","",AG77*(AA78/AA77))
B79: =IF(C78=12,B78+1,B78) | C79: =IF(C78=12,1,C78+1) | D79: =IF(F79="12월",(E79+1)&VLOOKUP(F79,인덱스!$C:$D,2,0),E79&VLOOKUP(F79,인덱스!$C:$D,2,0)) | E79: ="20"&B79 | F79: =C79&"월" | G79: =B79&"."&VLOOKUP(F79,인덱스!$A:$B,2,0) | H79: =IFERROR(VLOOKUP(G79,#REF!,2,0),) | I79: =IF(Q79="","",I78*(Q79/Q78)) | J79: =IF(R79="","",J78*(R79/R78)) | K79: =IF(S79="","",K78*(S79/S78)) | L79: =IF(U79="","",L78*(U79/U78)) | M79: =IF(V79="","",M78*(V79/V78)) | Q79: =IFERROR(__xludf.DUMMYFUNCTION("iferror(index('지수RAW'!$V$7:$V$12040,MATCH($D79,'지수RAW'!$R$7:$R$12040,0)-1,1),GOOGLEFINANCE(Q$2))"),2746.63) | R79: =IFERROR(__xludf.DUMMYFUNCTION("iferror(index('지수RAW'!$F$7:$F$12040,MATCH($D79,'지수RAW'!$B$7:$B$12040,0)-1,1),GOOGLEFINANCE(R$2))"),5254.35) | S79: =IFERROR(__xludf.DUMMYFUNCTION("iferror(index('지수RAW'!$N$7:$N$12040,MATCH($D79,'지수RAW'!$J$7:$J$12040,0)-1,1),GOOGLEFINANCE(S$2))"),16379.46) | U79: {=IFERROR(INDEX(지수RAW!$AT$7:$AT$12040,MATCH($D79,지수RAW!$AP$7:$AP$12040,0)-1,1),지수RAW!$AU$4)} | V79: =IFERROR(__xludf.DUMMYFUNCTION("iferror(index('지수RAW'!$AL$7:$AL$12040,MATCH($D79,'지수RAW'!$AH$7:$AH$12040,0)-1,1),GOOGLEFINANCE(V$2))"),71341.71) | W79: =IFERROR(__xludf.DUMMYFUNCTION("iferror(index('지수RAW'!$AD$7:$AD$12040,MATCH($D79,'지수RAW'!$Z$7:$Z$12040,0)-1,1),GOOGLEFINANCE(W$2))"),1345.31) | X79: =$W79*R79 | Y79: =$W79*S79 | Z79: =$W79*U79 | AA79: =$W79*V79 | AC79: =IF(Q79="","",AC78*(W79/W78)) | AD79: =IF(R79="","",AD78*(X79/X78)) | AE79: =IF(S79="","",AE78*(Y79/Y78)) | AF79: =IF(U79="","",AF78*(Z79/Z78)) | AG79: =IF(V79="","",AG78*(AA79/AA78))
B80: =IF(C79=12,B79+1,B79) | C80: =IF(C79=12,1,C79+1) | D80: =IF(F80="12월",(E80+1)&VLOOKUP(F80,인덱스!$C:$D,2,0),E80&VLOOKUP(F80,인덱스!$C:$D,2,0)) | E80: ="20"&B80 | F80: =C80&"월" | G80: =B80&"."&VLOOKUP(F80,인덱스!$A:$B,2,0) | H80: =IFERROR(VLOOKUP(G80,#REF!,2,0),) | I80: =IF(Q80="","",I79*(Q80/Q79)) | J80: =IF(R80="","",J79*(R80/R79)) | K80: =IF(S80="","",K79*(S80/S79)) | L80: =IF(U80="","",L79*(U80/U79)) | M80: =IF(V80="","",M79*(V80/V79)) | Q80: =IFERROR(__xludf.DUMMYFUNCTION("iferror(index('지수RAW'!$V$7:$V$12040,MATCH($D80,'지수RAW'!$R$7:$R$12040,0)-1,1),GOOGLEFINANCE(Q$2))"),2692.06) | R80: =IFERROR(__xludf.DUMMYFUNCTION("iferror(index('지수RAW'!$F$7:$F$12040,MATCH($D80,'지수RAW'!$B$7:$B$12040,0)-1,1),GOOGLEFINANCE(R$2))"),5035.69) | S80: =IFERROR(__xludf.DUMMYFUNCTION("iferror(index('지수RAW'!$N$7:$N$12040,MATCH($D80,'지수RAW'!$J$7:$J$12040,0)-1,1),GOOGLEFINANCE(S$2))"),15657.82) | U80: {=IFERROR(INDEX(지수RAW!$AT$7:$AT$12040,MATCH($D80,지수RAW!$AP$7:$AP$12040,0)-1,1),지수RAW!$AU$4)} | V80: =IFERROR(__xludf.DUMMYFUNCTION("iferror(index('지수RAW'!$AL$7:$AL$12040,MATCH($D80,'지수RAW'!$AH$7:$AH$12040,0)-1,1),GOOGLEFINANCE(V$2))"),60751.65) | W80: =IFERROR(__xludf.DUMMYFUNCTION("iferror(index('지수RAW'!$AD$7:$AD$12040,MATCH($D80,'지수RAW'!$Z$7:$Z$12040,0)-1,1),GOOGLEFINANCE(W$2))"),1385.46) | X80: =$W80*R80 | Y80: =$W80*S80 | Z80: =$W80*U80 | AA80: =$W80*V80 | AC80: =IF(Q80="","",AC79*(W80/W79)) | AD80: =IF(R80="","",AD79*(X80/X79)) | AE80: =IF(S80="","",AE79*(Y80/Y79)) | AF80: =IF(U80="","",AF79*(Z80/Z79)) | AG80: =IF(V80="","",AG79*(AA80/AA79))
B81: =IF(C80=12,B80+1,B80) | C81: =IF(C80=12,1,C80+1) | D81: =IF(F81="12월",(E81+1)&VLOOKUP(F81,인덱스!$C:$D,2,0),E81&VLOOKUP(F81,인덱스!$C:$D,2,0)) | E81: ="20"&B81 | F81: =C81&"월" | G81: =B81&"."&VLOOKUP(F81,인덱스!$A:$B,2,0) | H81: =IFERROR(VLOOKUP(G81,#REF!,2,0),) | I81: =IF(Q81="","",I80*(Q81/Q80)) | J81: =IF(R81="","",J80*(R81/R80)) | K81: =IF(S81="","",K80*(S81/S80)) | L81: =IF(U81="","",L80*(U81/U80)) | M81: =IF(V81="","",M80*(V81/V80)) | Q81: =IFERROR(__xludf.DUMMYFUNCTION("iferror(index('지수RAW'!$V$7:$V$12040,MATCH($D81,'지수RAW'!$R$7:$R$12040,0)-1,1),GOOGLEFINANCE(Q$2))"),2636.52) | R81: =IFERROR(__xludf.DUMMYFUNCTION("iferror(index('지수RAW'!$F$7:$F$12040,MATCH($D81,'지수RAW'!$B$7:$B$12040,0)-1,1),GOOGLEFINANCE(R$2))"),5277.51) | S81: =IFERROR(__xludf.DUMMYFUNCTION("iferror(index('지수RAW'!$N$7:$N$12040,MATCH($D81,'지수RAW'!$J$7:$J$12040,0)-1,1),GOOGLEFINANCE(S$2))"),16735.02) | U81: {=IFERROR(INDEX(지수RAW!$AT$7:$AT$12040,MATCH($D81,지수RAW!$AP$7:$AP$12040,0)-1,1),지수RAW!$AU$4)} | V81: =IFERROR(__xludf.DUMMYFUNCTION("iferror(index('지수RAW'!$AL$7:$AL$12040,MATCH($D81,'지수RAW'!$AH$7:$AH$12040,0)-1,1),GOOGLEFINANCE(V$2))"),68571.17) | W81: =IFERROR(__xludf.DUMMYFUNCTION("iferror(index('지수RAW'!$AD$7:$AD$12040,MATCH($D81,'지수RAW'!$Z$7:$Z$12040,0)-1,1),GOOGLEFINANCE(W$2))"),1382.09) | X81: =$W81*R81 | Y81: =$W81*S81 | Z81: =$W81*U81 | AA81: =$W81*V81 | AC81: =IF(Q81="","",AC80*(W81/W80)) | AD81: =IF(R81="","",AD80*(X81/X80)) | AE81: =IF(S81="","",AE80*(Y81/Y80)) | AF81: =IF(U81="","",AF80*(Z81/Z80)) | AG81: =IF(V81="","",AG80*(AA81/AA80))
B82: =IF(C81=12,B81+1,B81) | C82: =IF(C81=12,1,C81+1) | D82: =IF(F82="12월",(E82+1)&VLOOKUP(F82,인덱스!$C:$D,2,0),E82&VLOOKUP(F82,인덱스!$C:$D,2,0)) | E82: ="20"&B82 | F82: =C82&"월" | G82: =B82&"."&VLOOKUP(F82,인덱스!$A:$B,2,0) | H82: =IFERROR(VLOOKUP(G82,#REF!,2,0),) | I82: =IF(Q82="","",I81*(Q82/Q81)) | J82: =IF(R82="","",J81*(R82/R81)) | K82: =IF(S82="","",K81*(S82/S81)) | L82: =IF(U82="","",L81*(U82/U81)) | M82: =IF(V82="","",M81*(V82/V81)) | Q82: =IFERROR(__xludf.DUMMYFUNCTION("iferror(index('지수RAW'!$V$7:$V$12040,MATCH($D82,'지수RAW'!$R$7:$R$12040,0)-1,1),GOOGLEFINANCE(Q$2))"),2797.82) | R82: =IFERROR(__xludf.DUMMYFUNCTION("iferror(index('지수RAW'!$F$7:$F$12040,MATCH($D82,'지수RAW'!$B$7:$B$12040,0)-1,1),GOOGLEFINANCE(R$2))"),5460.48) | S82: =IFERROR(__xludf.DUMMYFUNCTION("iferror(index('지수RAW'!$N$7:$N$12040,MATCH($D82,'지수RAW'!$J$7:$J$12040,0)-1,1),GOOGLEFINANCE(S$2))"),17732.6) | U82: {=IFERROR(INDEX(지수RAW!$AT$7:$AT$12040,MATCH($D82,지수RAW!$AP$7:$AP$12040,0)-1,1),지수RAW!$AU$4)} | V82: =IFERROR(__xludf.DUMMYFUNCTION("iferror(index('지수RAW'!$AL$7:$AL$12040,MATCH($D82,'지수RAW'!$AH$7:$AH$12040,0)-1,1),GOOGLEFINANCE(V$2))"),60860.1) | W82: =IFERROR(__xludf.DUMMYFUNCTION("iferror(index('지수RAW'!$AD$7:$AD$12040,MATCH($D82,'지수RAW'!$Z$7:$Z$12040,0)-1,1),GOOGLEFINANCE(W$2))"),1380.29) | X82: =$W82*R82 | Y82: =$W82*S82 | Z82: =$W82*U82 | AA82: =$W82*V82 | AC82: =IF(Q82="","",AC81*(W82/W81)) | AD82: =IF(R82="","",AD81*(X82/X81)) | AE82: =IF(S82="","",AE81*(Y82/Y81)) | AF82: =IF(U82="","",AF81*(Z82/Z81)) | AG82: =IF(V82="","",AG81*(AA82/AA81))
B83: =IF(C82=12,B82+1,B82) | C83: =IF(C82=12,1,C82+1) | D83: =IF(F83="12월",(E83+1)&VLOOKUP(F83,인덱스!$C:$D,2,0),E83&VLOOKUP(F83,인덱스!$C:$D,2,0)) | E83: ="20"&B83 | F83: =C83&"월" | G83: =B83&"."&VLOOKUP(F83,인덱스!$A:$B,2,0) | H83: =IFERROR(VLOOKUP(G83,#REF!,2,0),) | I83: =IF(Q83="","",I82*(Q83/Q82)) | J83: =IF(R83="","",J82*(R83/R82)) | K83: =IF(S83="","",K82*(S83/S82)) | L83: =IF(U83="","",L82*(U83/U82)) | M83: =IF(V83="","",M82*(V83/V82)) | Q83: =IFERROR(__xludf.DUMMYFUNCTION("iferror(index('지수RAW'!$V$7:$V$12040,MATCH($D83,'지수RAW'!$R$7:$R$12040,0)-1,1),GOOGLEFINANCE(Q$2))"),2770.69) | R83: =IFERROR(__xludf.DUMMYFUNCTION("iferror(index('지수RAW'!$F$7:$F$12040,MATCH($D83,'지수RAW'!$B$7:$B$12040,0)-1,1),GOOGLEFINANCE(R$2))"),5522.3) | S83: =IFERROR(__xludf.DUMMYFUNCTION("iferror(index('지수RAW'!$N$7:$N$12040,MATCH($D83,'지수RAW'!$J$7:$J$12040,0)-1,1),GOOGLEFINANCE(S$2))"),17599.4) | U83: {=IFERROR(INDEX(지수RAW!$AT$7:$AT$12040,MATCH($D83,지수RAW!$AP$7:$AP$12040,0)-1,1),지수RAW!$AU$4)} | V83: =IFERROR(__xludf.DUMMYFUNCTION("iferror(index('지수RAW'!$AL$7:$AL$12040,MATCH($D83,'지수RAW'!$AH$7:$AH$12040,0)-1,1),GOOGLEFINANCE(V$2))"),66110.05) | W83: =IFERROR(__xludf.DUMMYFUNCTION("iferror(index('지수RAW'!$AD$7:$AD$12040,MATCH($D83,'지수RAW'!$Z$7:$Z$12040,0)-1,1),GOOGLEFINANCE(W$2))"),1367.92) | X83: =$W83*R83 | Y83: =$W83*S83 | Z83: =$W83*U83 | AA83: =$W83*V83 | AC83: =IF(Q83="","",AC82*(W83/W82)) | AD83: =IF(R83="","",AD82*(X83/X82)) | AE83: =IF(S83="","",AE82*(Y83/Y82)) | AF83: =IF(U83="","",AF82*(Z83/Z82)) | AG83: =IF(V83="","",AG82*(AA83/AA82))
B84: =IF(C83=12,B83+1,B83) | C84: =IF(C83=12,1,C83+1) | D84: =IF(F84="12월",(E84+1)&VLOOKUP(F84,인덱스!$C:$D,2,0),E84&VLOOKUP(F84,인덱스!$C:$D,2,0)) | E84: ="20"&B84 | F84: =C84&"월" | G84: =B84&"."&VLOOKUP(F84,인덱스!$A:$B,2,0) | H84: =IFERROR(VLOOKUP(G84,#REF!,2,0),) | I84: =IF(Q84="","",I83*(Q84/Q83)) | J84: =IF(R84="","",J83*(R84/R83)) | K84: =IF(S84="","",K83*(S84/S83)) | L84: =IF(U84="","",L83*(U84/U83)) | M84: =IF(V84="","",M83*(V84/V83)) | Q84: =IFERROR(__xludf.DUMMYFUNCTION("iferror(index('지수RAW'!$V$7:$V$12040,MATCH($D84,'지수RAW'!$R$7:$R$12040,0)-1,1),GOOGLEFINANCE(Q$2))"),2674.31) | R84: =IFERROR(__xludf.DUMMYFUNCTION("iferror(index('지수RAW'!$F$7:$F$12040,MATCH($D84,'지수RAW'!$B$7:$B$12040,0)-1,1),GOOGLEFINANCE(R$2))"),5648.4) | S84: =IFERROR(__xludf.DUMMYFUNCTION("iferror(index('지수RAW'!$N$7:$N$12040,MATCH($D84,'지수RAW'!$J$7:$J$12040,0)-1,1),GOOGLEFINANCE(S$2))"),17713.62) | U84: {=IFERROR(INDEX(지수RAW!$AT$7:$AT$12040,MATCH($D84,지수RAW!$AP$7:$AP$12040,0)-1,1),지수RAW!$AU$4)} | V84: =IFERROR(__xludf.DUMMYFUNCTION("iferror(index('지수RAW'!$AL$7:$AL$12040,MATCH($D84,'지수RAW'!$AH$7:$AH$12040,0)-1,1),GOOGLEFINANCE(V$2))"),59244.12) | W84: =IFERROR(__xludf.DUMMYFUNCTION("iferror(index('지수RAW'!$AD$7:$AD$12040,MATCH($D84,'지수RAW'!$Z$7:$Z$12040,0)-1,1),GOOGLEFINANCE(W$2))"),1336.57) | X84: =$W84*R84 | Y84: =$W84*S84 | Z84: =$W84*U84 | AA84: =$W84*V84 | AC84: =IF(Q84="","",AC83*(W84/W83)) | AD84: =IF(R84="","",AD83*(X84/X83)) | AE84: =IF(S84="","",AE83*(Y84/Y83)) | AF84: =IF(U84="","",AF83*(Z84/Z83)) | AG84: =IF(V84="","",AG83*(AA84/AA83))
B85: =IF(C84=12,B84+1,B84) | C85: =IF(C84=12,1,C84+1) | D85: =IF(F85="12월",(E85+1)&VLOOKUP(F85,인덱스!$C:$D,2,0),E85&VLOOKUP(F85,인덱스!$C:$D,2,0)) | E85: ="20"&B85 | F85: =C85&"월" | G85: =B85&"."&VLOOKUP(F85,인덱스!$A:$B,2,0) | H85: =IFERROR(VLOOKUP(G85,#REF!,2,0),) | I85: =IF(Q85="","",I84*(Q85/Q84)) | J85: =IF(R85="","",J84*(R85/R84)) | K85: =IF(S85="","",K84*(S85/S84)) | L85: =IF(U85="","",L84*(U85/U84)) | M85: =IF(V85="","",M84*(V85/V84)) | Q85: =IFERROR(__xludf.DUMMYFUNCTION("iferror(index('지수RAW'!$V$7:$V$12040,MATCH($D85,'지수RAW'!$R$7:$R$12040,0)-1,1),GOOGLEFINANCE(Q$2))"),2593.27) | R85: =IFERROR(__xludf.DUMMYFUNCTION("iferror(index('지수RAW'!$F$7:$F$12040,MATCH($D85,'지수RAW'!$B$7:$B$12040,0)-1,1),GOOGLEFINANCE(R$2))"),5762.48) | S85: =IFERROR(__xludf.DUMMYFUNCTION("iferror(index('지수RAW'!$N$7:$N$12040,MATCH($D85,'지수RAW'!$J$7:$J$12040,0)-1,1),GOOGLEFINANCE(S$2))"),18189.17) | U85: {=IFERROR(INDEX(지수RAW!$AT$7:$AT$12040,MATCH($D85,지수RAW!$AP$7:$AP$12040,0)-1,1),지수RAW!$AU$4)} | V85: =IFERROR(__xludf.DUMMYFUNCTION("iferror(index('지수RAW'!$AL$7:$AL$12040,MATCH($D85,'지수RAW'!$AH$7:$AH$12040,0)-1,1),GOOGLEFINANCE(V$2))"),64544.22) | W85: =IFERROR(__xludf.DUMMYFUNCTION("iferror(index('지수RAW'!$AD$7:$AD$12040,MATCH($D85,'지수RAW'!$Z$7:$Z$12040,0)-1,1),GOOGLEFINANCE(W$2))"),1315.33) | X85: =$W85*R85 | Y85: =$W85*S85 | Z85: =$W85*U85 | AA85: =$W85*V85 | AC85: =IF(Q85="","",AC84*(W85/W84)) | AD85: =IF(R85="","",AD84*(X85/X84)) | AE85: =IF(S85="","",AE84*(Y85/Y84)) | AF85: =IF(U85="","",AF84*(Z85/Z84)) | AG85: =IF(V85="","",AG84*(AA85/AA84))
